algorithm,input_size,data_type,trial_id,comparisons,swaps,time_taken,memory_used,presortedness_score,duplicate_ratio,value_range
bubble_sort,10,random,1,45,27,3.360002301633358e-05,416,0.4,0.0,96271
selection_sort,10,random,1,45,7,2.22999369725585e-05,416,0.4,0.0,96271
insertion_sort,10,random,1,35,27,1.9600032828748226e-05,416,0.4,0.0,96271
merge_sort,10,random,1,22,34,0.0001094000181183219,416,0.4,0.0,96271
quick_sort,10,random,1,25,20,6.690004374831915e-05,416,0.4,0.0,96271
heap_sort,10,random,1,39,27,4.770001396536827e-05,416,0.4,0.0,96271
radix_sort,10,random,1,0,50,9.520002640783787e-05,416,0.4,0.0,96271
bubble_sort,10,random,2,42,23,2.2300053387880325e-05,416,0.4889,0.0,57766
selection_sort,10,random,2,45,5,1.5600002370774746e-05,416,0.4889,0.0,57766
insertion_sort,10,random,2,29,23,1.9400031305849552e-05,416,0.4889,0.0,57766
merge_sort,10,random,2,24,34,4.279997665435076e-05,416,0.4889,0.0,57766
quick_sort,10,random,2,27,22,4.650000482797623e-05,416,0.4889,0.0,57766
heap_sort,10,random,2,39,29,4.2899977415800095e-05,416,0.4889,0.0,57766
radix_sort,10,random,2,0,50,7.220008410513401e-05,416,0.4889,0.0,57766
bubble_sort,10,random,3,45,30,2.380006480962038e-05,416,0.3333,0.0,90321
selection_sort,10,random,3,45,8,1.4600111171603203e-05,416,0.3333,0.0,90321
insertion_sort,10,random,3,35,30,1.610000617802143e-05,416,0.3333,0.0,90321
merge_sort,10,random,3,24,34,4.529999569058418e-05,416,0.3333,0.0,90321
quick_sort,10,random,3,22,22,4.1499966755509377e-05,416,0.3333,0.0,90321
heap_sort,10,random,3,41,28,6.54000323265791e-05,416,0.3333,0.0,90321
radix_sort,10,random,3,0,50,8.490006439387798e-05,416,0.3333,0.0,90321
bubble_sort,10,random,4,30,13,1.4999997802078724e-05,416,0.7111,0.0,92358
selection_sort,10,random,4,45,5,1.6400008462369442e-05,416,0.7111,0.0,92358
insertion_sort,10,random,4,22,13,1.1599971912801266e-05,416,0.7111,0.0,92358
merge_sort,10,random,4,23,34,6.160000339150429e-05,416,0.7111,0.0,92358
quick_sort,10,random,4,24,26,5.709996912628412e-05,416,0.7111,0.0,92358
heap_sort,10,random,4,40,27,5.439994856715202e-05,416,0.7111,0.0,92358
radix_sort,10,random,4,0,50,9.330001194030046e-05,416,0.7111,0.0,92358
bubble_sort,10,random,5,42,17,3.090000245720148e-05,416,0.6222,0.0,85485
selection_sort,10,random,5,45,7,1.5400000847876072e-05,416,0.6222,0.0,85485
insertion_sort,10,random,5,26,17,1.209997572004795e-05,416,0.6222,0.0,85485
merge_sort,10,random,5,24,34,4.179996903985739e-05,416,0.6222,0.0,85485
quick_sort,10,random,5,28,22,4.2599975131452084e-05,416,0.6222,0.0,85485
heap_sort,10,random,5,39,27,3.820005804300308e-05,416,0.6222,0.0,85485
radix_sort,10,random,5,0,50,7.770000956952572e-05,416,0.6222,0.0,85485
bubble_sort,20,random,1,189,97,5.450006574392319e-05,776,0.4895,0.0,96845
selection_sort,20,random,1,190,17,3.390002530068159e-05,776,0.4895,0.0,96845
insertion_sort,20,random,1,112,97,3.0099996365606785e-05,776,0.4895,0.0,96845
merge_sort,20,random,1,59,88,0.0005027999868616462,776,0.4895,0.0,96845
quick_sort,20,random,1,76,55,0.00010720000136643648,776,0.4895,0.0,96845
heap_sort,20,random,1,114,73,9.549991227686405e-05,776,0.4895,0.0,96845
radix_sort,20,random,1,0,100,0.00013569998554885387,776,0.4895,0.0,96845
bubble_sort,20,random,2,154,77,5.349994171410799e-05,776,0.5947,0.0,89881
selection_sort,20,random,2,190,15,4.539999645203352e-05,776,0.5947,0.0,89881
insertion_sort,20,random,2,93,77,3.1400006264448166e-05,776,0.5947,0.0,89881
merge_sort,20,random,2,65,88,9.739992674440145e-05,776,0.5947,0.0,89881
quick_sort,20,random,2,73,52,8.63000750541687e-05,776,0.5947,0.0,89881
heap_sort,20,random,2,115,69,9.430001955479383e-05,776,0.5947,0.0,89881
radix_sort,20,random,2,0,100,0.0001311999512836337,776,0.5947,0.0,89881
bubble_sort,20,random,3,184,94,6.410002242773771e-05,776,0.5053,0.0,94433
selection_sort,20,random,3,190,16,4.569999873638153e-05,776,0.5053,0.0,94433
insertion_sort,20,random,3,111,94,3.429991193115711e-05,776,0.5053,0.0,94433
merge_sort,20,random,3,61,88,0.00014489993918687105,776,0.5053,0.0,94433
quick_sort,20,random,3,79,34,9.119999594986439e-05,776,0.5053,0.0,94433
heap_sort,20,random,3,116,72,9.290000889450312e-05,776,0.5053,0.0,94433
radix_sort,20,random,3,0,100,0.00013180007226765156,776,0.5053,0.0,94433
bubble_sort,20,random,4,190,108,5.7399971410632133e-05,776,0.4316,0.0,84444
selection_sort,20,random,4,190,18,3.9599952287971973e-05,776,0.4316,0.0,84444
insertion_sort,20,random,4,125,108,3.600004129111767e-05,776,0.4316,0.0,84444
merge_sort,20,random,4,60,88,9.210000280290842e-05,776,0.4316,0.0,84444
quick_sort,20,random,4,63,36,7.529999129474163e-05,776,0.4316,0.0,84444
heap_sort,20,random,4,116,70,8.060003165155649e-05,776,0.4316,0.0,84444
radix_sort,20,random,4,0,100,9.139999747276306e-05,776,0.4316,0.0,84444
bubble_sort,20,random,5,180,106,4.630000330507755e-05,776,0.4421,0.0,87826
selection_sort,20,random,5,190,16,3.190001007169485e-05,776,0.4421,0.0,87826
insertion_sort,20,random,5,123,106,3.0199997127056122e-05,776,0.4421,0.0,87826
merge_sort,20,random,5,66,88,8.200004231184721e-05,776,0.4421,0.0,87826
quick_sort,20,random,5,70,31,5.370005965232849e-05,776,0.4421,0.0,87826
heap_sort,20,random,5,120,74,6.949994713068008e-05,776,0.4421,0.0,87826
radix_sort,20,random,5,0,100,9.089999366551638e-05,776,0.4421,0.0,87826
bubble_sort,30,random,1,432,247,0.00011110003106296062,1136,0.4322,0.0,96755
selection_sort,30,random,1,435,27,6.810005288571119e-05,1136,0.4322,0.0,96755
insertion_sort,30,random,1,273,247,6.350001785904169e-05,1136,0.4322,0.0,96755
merge_sort,30,random,1,115,148,0.0001110999146476388,1136,0.4322,0.0,96755
quick_sort,30,random,1,137,82,9.009998757392168e-05,1136,0.4322,0.0,96755
heap_sort,30,random,1,204,121,0.00011040002573281527,1136,0.4322,0.0,96755
radix_sort,30,random,1,0,150,0.00012360000982880592,1136,0.4322,0.0,96755
bubble_sort,30,random,2,434,190,0.00011170003563165665,1136,0.5632,0.0,96055
selection_sort,30,random,2,435,24,7.529999129474163e-05,1136,0.5632,0.0,96055
insertion_sort,30,random,2,217,190,4.9900030717253685e-05,1136,0.5632,0.0,96055
merge_sort,30,random,2,109,148,0.0001086000120267272,1136,0.5632,0.0,96055
quick_sort,30,random,2,149,105,0.00012500002048909664,1136,0.5632,0.0,96055
heap_sort,30,random,2,204,124,0.00011090002954006195,1136,0.5632,0.0,96055
radix_sort,30,random,2,0,150,0.0001241000136360526,1136,0.5632,0.0,96055
bubble_sort,30,random,3,425,202,0.00010100007057189941,1136,0.5356,0.0,91628
selection_sort,30,random,3,435,26,6.770004983991385e-05,1136,0.5356,0.0,91628
insertion_sort,30,random,3,228,202,5.2900053560733795e-05,1136,0.5356,0.0,91628
merge_sort,30,random,3,112,148,0.00013069994747638702,1136,0.5356,0.0,91628
quick_sort,30,random,3,143,106,0.00020270003005862236,1136,0.5356,0.0,91628
heap_sort,30,random,3,209,130,0.00014979997649788857,1136,0.5356,0.0,91628
radix_sort,30,random,3,0,150,0.00012510002125054598,1136,0.5356,0.0,91628
bubble_sort,30,random,4,414,201,0.00010659999679774046,1136,0.5379,0.0,98467
selection_sort,30,random,4,435,25,6.810005288571119e-05,1136,0.5379,0.0,98467
insertion_sort,30,random,4,228,201,5.170004442334175e-05,1136,0.5379,0.0,98467
merge_sort,30,random,4,112,148,0.00012290000449866056,1136,0.5379,0.0,98467
quick_sort,30,random,4,116,93,9.470002260059118e-05,1136,0.5379,0.0,98467
heap_sort,30,random,4,194,115,0.00010619999375194311,1136,0.5379,0.0,98467
radix_sort,30,random,4,0,150,0.00012550002429634333,1136,0.5379,0.0,98467
bubble_sort,30,random,5,429,234,0.00010609999299049377,1136,0.4621,0.0,94064
selection_sort,30,random,5,435,26,7.069995626807213e-05,1136,0.4621,0.0,94064
insertion_sort,30,random,5,261,234,5.989999044686556e-05,1136,0.4621,0.0,94064
merge_sort,30,random,5,117,148,0.00010800000745803118,1136,0.4621,0.0,94064
quick_sort,30,random,5,169,113,0.0001097000204026699,1136,0.4621,0.0,94064
heap_sort,30,random,5,195,118,0.00010750000365078449,1136,0.4621,0.0,94064
radix_sort,30,random,5,0,150,0.0001221999991685152,1136,0.4621,0.0,94064
bubble_sort,40,random,1,774,363,0.00018860003910958767,1496,0.5346,0.0,97880
selection_sort,40,random,1,780,33,0.00011890009045600891,1496,0.5346,0.0,97880
insertion_sort,40,random,1,398,363,0.00010790000669658184,1496,0.5346,0.0,97880
merge_sort,40,random,1,158,216,0.00020300003234297037,1496,0.5346,0.0,97880
quick_sort,40,random,1,187,127,0.00020789995323866606,1496,0.5346,0.0,97880
heap_sort,40,random,1,311,187,0.00022709998302161694,1496,0.5346,0.0,97880
radix_sort,40,random,1,0,200,0.00017490005120635033,1496,0.5346,0.0,97880
bubble_sort,40,random,2,714,309,0.00017170002683997154,1496,0.6038,0.0,97296
selection_sort,40,random,2,780,33,0.00012090010568499565,1496,0.6038,0.0,97296
insertion_sort,40,random,2,346,309,8.509994950145483e-05,1496,0.6038,0.0,97296
merge_sort,40,random,2,164,216,0.00015400000847876072,1496,0.6038,0.0,97296
quick_sort,40,random,2,181,92,0.00013040006160736084,1496,0.6038,0.0,97296
heap_sort,40,random,2,303,183,0.00016709999181330204,1496,0.6038,0.0,97296
radix_sort,40,random,2,0,200,0.00016279995907098055,1496,0.6038,0.0,97296
bubble_sort,40,random,3,752,443,0.00019880000036209822,1496,0.4321,0.0,96179
selection_sort,40,random,3,780,35,0.00012250000145286322,1496,0.4321,0.0,96179
insertion_sort,40,random,3,479,443,0.00012019998393952847,1496,0.4321,0.0,96179
merge_sort,40,random,3,164,216,0.00016769999638199806,1496,0.4321,0.0,96179
quick_sort,40,random,3,206,108,0.0001233000075444579,1496,0.4321,0.0,96179
heap_sort,40,random,3,304,177,0.00016139994841068983,1496,0.4321,0.0,96179
radix_sort,40,random,3,0,200,0.0001564000267535448,1496,0.4321,0.0,96179
bubble_sort,40,random,4,752,389,0.00018719991203397512,1496,0.5013,0.0,96962
selection_sort,40,random,4,780,37,0.0001210999907925725,1496,0.5013,0.0,96962
insertion_sort,40,random,4,424,389,0.00010409997776150703,1496,0.5013,0.0,96962
merge_sort,40,random,4,171,216,0.00015080010052770376,1496,0.5013,0.0,96962
quick_sort,40,random,4,185,131,0.00013050006236881018,1496,0.5013,0.0,96962
heap_sort,40,random,4,305,177,0.00016190006863325834,1496,0.5013,0.0,96962
radix_sort,40,random,4,0,200,0.0001569000305607915,1496,0.5013,0.0,96962
bubble_sort,40,random,5,777,362,0.00018530001398175955,1496,0.5359,0.0,93285
selection_sort,40,random,5,780,36,0.00013810000382363796,1496,0.5359,0.0,93285
insertion_sort,40,random,5,398,362,0.00010820000898092985,1496,0.5359,0.0,93285
merge_sort,40,random,5,161,216,0.00015119998715817928,1496,0.5359,0.0,93285
quick_sort,40,random,5,186,98,0.0001218999968841672,1496,0.5359,0.0,93285
heap_sort,40,random,5,302,180,0.00016110006254166365,1496,0.5359,0.0,93285
radix_sort,40,random,5,0,200,0.0001626999583095312,1496,0.5359,0.0,93285
bubble_sort,50,random,1,1170,644,0.0003108000382781029,1856,0.4743,0.0,97389
selection_sort,50,random,1,1225,46,0.00018530001398175955,1856,0.4743,0.0,97389
insertion_sort,50,random,1,692,644,0.00018269999418407679,1856,0.4743,0.0,97389
merge_sort,50,random,1,221,286,0.0002017999067902565,1856,0.4743,0.0,97389
quick_sort,50,random,1,235,126,0.00016599998343735933,1856,0.4743,0.0,97389
heap_sort,50,random,1,419,248,0.00022759998682886362,1856,0.4743,0.0,97389
radix_sort,50,random,1,0,250,0.00019489997066557407,1856,0.4743,0.0,97389
bubble_sort,50,random,2,1170,644,0.00030229997355490923,1856,0.4743,0.0,95932
selection_sort,50,random,2,1225,46,0.0001841000048443675,1856,0.4743,0.0,95932
insertion_sort,50,random,2,691,644,0.00017909996677190065,1856,0.4743,0.0,95932
merge_sort,50,random,2,227,286,0.00020039989612996578,1856,0.4743,0.0,95932
quick_sort,50,random,2,253,134,0.00015740003436803818,1856,0.4743,0.0,95932
heap_sort,50,random,2,417,242,0.00021970004308968782,1856,0.4743,0.0,95932
radix_sort,50,random,2,0,250,0.00018970004748553038,1856,0.4743,0.0,95932
bubble_sort,50,random,3,1197,634,0.0003522000042721629,1856,0.4824,0.0,95687
selection_sort,50,random,3,1225,46,0.00019609997980296612,1856,0.4824,0.0,95687
insertion_sort,50,random,3,680,634,0.00017779995687305927,1856,0.4824,0.0,95687
merge_sort,50,random,3,218,286,0.0001957999775186181,1856,0.4824,0.0,95687
quick_sort,50,random,3,282,174,0.0001743000466376543,1856,0.4824,0.0,95687
heap_sort,50,random,3,416,244,0.00021839991677552462,1856,0.4824,0.0,95687
radix_sort,50,random,3,0,250,0.0001898000482469797,1856,0.4824,0.0,95687
bubble_sort,50,random,4,1180,645,0.00029200001154094934,1856,0.4735,0.0,98570
selection_sort,50,random,4,1225,49,0.00018829992040991783,1856,0.4735,0.0,98570
insertion_sort,50,random,4,692,645,0.00018129998352378607,1856,0.4735,0.0,98570
merge_sort,50,random,4,219,286,0.00019639998208731413,1856,0.4735,0.0,98570
quick_sort,50,random,4,271,201,0.00017369992565363646,1856,0.4735,0.0,98570
heap_sort,50,random,4,419,245,0.0002202000468969345,1856,0.4735,0.0,98570
radix_sort,50,random,4,0,250,0.00018910004291683435,1856,0.4735,0.0,98570
bubble_sort,50,random,5,1225,617,0.0003229000139981508,1856,0.4963,0.0,96779
selection_sort,50,random,5,1225,47,0.00018719991203397512,1856,0.4963,0.0,96779
insertion_sort,50,random,5,662,617,0.0001740000443533063,1856,0.4963,0.0,96779
merge_sort,50,random,5,216,286,0.00019590009469538927,1856,0.4963,0.0,96779
quick_sort,50,random,5,273,207,0.00018229999113827944,1856,0.4963,0.0,96779
heap_sort,50,random,5,416,241,0.00023180001880973577,1856,0.4963,0.0,96779
radix_sort,50,random,5,0,250,0.00019230006728321314,1856,0.4963,0.0,96779
bubble_sort,60,random,1,1755,845,0.00043439993169158697,2216,0.5226,0.0,98508
selection_sort,60,random,1,1770,57,0.0002695999573916197,2216,0.5226,0.0,98508
insertion_sort,60,random,1,900,845,0.0002432999899610877,2216,0.5226,0.0,98508
merge_sort,60,random,1,284,356,0.0002489999169483781,2216,0.5226,0.0,98508
quick_sort,60,random,1,322,180,0.0001998000079765916,2216,0.5226,0.0,98508
heap_sort,60,random,1,520,305,0.00027900002896785736,2216,0.5226,0.0,98508
radix_sort,60,random,1,0,300,0.0002272001001983881,2216,0.5226,0.0,98508
bubble_sort,60,random,2,1755,902,0.000443900004029274,2216,0.4904,0.0,94767
selection_sort,60,random,2,1770,58,0.0002637000288814306,2216,0.4904,0.0,94767
insertion_sort,60,random,2,958,902,0.00037079991307109594,2216,0.4904,0.0,94767
merge_sort,60,random,2,283,356,0.0002503000432625413,2216,0.4904,0.0,94767
quick_sort,60,random,2,323,219,0.00020899996161460876,2216,0.4904,0.0,94767
heap_sort,60,random,2,522,304,0.00028339994605630636,2216,0.4904,0.0,94767
radix_sort,60,random,2,0,300,0.0002272999845445156,2216,0.4904,0.0,94767
bubble_sort,60,random,3,1749,900,0.0004494000459089875,2216,0.4915,0.0,95478
selection_sort,60,random,3,1770,54,0.0002634000265970826,2216,0.4915,0.0,95478
insertion_sort,60,random,3,958,900,0.0002576999831944704,2216,0.4915,0.0,95478
merge_sort,60,random,3,280,356,0.00024830002803355455,2216,0.4915,0.0,95478
quick_sort,60,random,3,422,222,0.00023150001652538776,2216,0.4915,0.0,95478
heap_sort,60,random,3,525,296,0.00027550000231713057,2216,0.4915,0.0,95478
radix_sort,60,random,3,0,300,0.00022529996931552887,2216,0.4915,0.0,95478
bubble_sort,60,random,4,1764,1018,0.0006830000784248114,2216,0.4249,0.0,96988
selection_sort,60,random,4,1770,56,0.00027579988818615675,2216,0.4249,0.0,96988
insertion_sort,60,random,4,1072,1018,0.0002932000206783414,2216,0.4249,0.0,96988
merge_sort,60,random,4,282,356,0.0002487000310793519,2216,0.4249,0.0,96988
quick_sort,60,random,4,287,195,0.00019729998894035816,2216,0.4249,0.0,96988
heap_sort,60,random,4,531,302,0.00043050001841038465,2216,0.4249,0.0,96988
radix_sort,60,random,4,0,300,0.0003402000293135643,2216,0.4249,0.0,96988
bubble_sort,60,random,5,1749,990,0.0004447000101208687,2216,0.4407,0.0,97404
selection_sort,60,random,5,1770,56,0.00025779998395591974,2216,0.4407,0.0,97404
insertion_sort,60,random,5,1044,990,0.00027489999774843454,2216,0.4407,0.0,97404
merge_sort,60,random,5,283,356,0.0002685000654309988,2216,0.4407,0.0,97404
quick_sort,60,random,5,310,225,0.00021059997379779816,2216,0.4407,0.0,97404
heap_sort,60,random,5,520,298,0.00027930003125220537,2216,0.4407,0.0,97404
radix_sort,60,random,5,0,300,0.00022739998530596495,2216,0.4407,0.0,97404
bubble_sort,70,random,1,2295,1215,0.0005732999416068196,2576,0.4969,0.0,99634
selection_sort,70,random,1,2415,67,0.00037130003329366446,2576,0.4969,0.0,99634
insertion_sort,70,random,1,1281,1215,0.00034630007576197386,2576,0.4969,0.0,99634
merge_sort,70,random,1,337,432,0.00030590000096708536,2576,0.4969,0.0,99634
quick_sort,70,random,1,442,319,0.00043999997433274984,2576,0.4969,0.0,99634
heap_sort,70,random,1,660,375,0.00046170002315193415,2576,0.4969,0.0,99634
radix_sort,70,random,1,0,350,0.00027870002668350935,2576,0.4969,0.0,99634
bubble_sort,70,random,2,2360,1306,0.0006025000475347042,2576,0.4592,0.0,95716
selection_sort,70,random,2,2415,62,0.00037999998312443495,2576,0.4592,0.0,95716
insertion_sort,70,random,2,1369,1306,0.00037070002872496843,2576,0.4592,0.0,95716
merge_sort,70,random,2,341,432,0.00030590000096708536,2576,0.4592,0.0,95716
quick_sort,70,random,2,420,241,0.00025370006915181875,2576,0.4592,0.0,95716
heap_sort,70,random,2,638,372,0.0003752000629901886,2576,0.4592,0.0,95716
radix_sort,70,random,2,0,350,0.0002623000182211399,2576,0.4592,0.0,95716
bubble_sort,70,random,3,2387,1455,0.0006302000256255269,2576,0.3975,0.0,95442
selection_sort,70,random,3,2415,65,0.00034799997229129076,2576,0.3975,0.0,95442
insertion_sort,70,random,3,1515,1455,0.0004273999948054552,2576,0.3975,0.0,95442
merge_sort,70,random,3,340,432,0.00029699993319809437,2576,0.3975,0.0,95442
quick_sort,70,random,3,431,243,0.00026020000223070383,2576,0.3975,0.0,95442
heap_sort,70,random,3,631,361,0.0005634999834001064,2576,0.3975,0.0,95442
radix_sort,70,random,3,0,350,0.0010772000532597303,2576,0.3975,0.0,95442
bubble_sort,70,random,4,2394,1160,0.0011301999911665916,2576,0.5197,0.0,96537
selection_sort,70,random,4,2415,64,0.0003560000332072377,2576,0.5197,0.0,96537
insertion_sort,70,random,4,1226,1160,0.0003333999775350094,2576,0.5197,0.0,96537
merge_sort,70,random,4,345,432,0.000309599912725389,2576,0.5197,0.0,96537
quick_sort,70,random,4,543,415,0.0003344999859109521,2576,0.5197,0.0,96537
heap_sort,70,random,4,642,374,0.0003488000947982073,2576,0.5197,0.0,96537
radix_sort,70,random,4,0,350,0.0002714999718591571,2576,0.5197,0.0,96537
bubble_sort,70,random,5,2337,1172,0.0005872000474482775,2576,0.5147,0.0,96515
selection_sort,70,random,5,2415,66,0.0004061000654473901,2576,0.5147,0.0,96515
insertion_sort,70,random,5,1235,1172,0.00034490006510168314,2576,0.5147,0.0,96515
merge_sort,70,random,5,339,432,0.00031429994851350784,2576,0.5147,0.0,96515
quick_sort,70,random,5,406,228,0.00042830000165849924,2576,0.5147,0.0,96515
heap_sort,70,random,5,647,372,0.00047880003694444895,2576,0.5147,0.0,96515
radix_sort,70,random,5,0,350,0.00028519995976239443,2576,0.5147,0.0,96515
bubble_sort,80,random,1,3115,1712,0.000851399963721633,2936,0.4582,0.0,99093
selection_sort,80,random,1,3160,74,0.00044620002154260874,2936,0.4582,0.0,99093
insertion_sort,80,random,1,1788,1712,0.0004876999882981181,2936,0.4582,0.0,99093
merge_sort,80,random,1,405,512,0.00035440002102404833,2936,0.4582,0.0,99093
quick_sort,80,random,1,449,285,0.0002877999795600772,2936,0.4582,0.0,99093
heap_sort,80,random,1,774,434,0.0004284000024199486,2936,0.4582,0.0,99093
radix_sort,80,random,1,0,400,0.00029889994766563177,2936,0.4582,0.0,99093
bubble_sort,80,random,2,3132,1482,0.0007836000295355916,2936,0.531,0.0,90944
selection_sort,80,random,2,3160,76,0.0004526999546214938,2936,0.531,0.0,90944
insertion_sort,80,random,2,1555,1482,0.0004211999475955963,2936,0.531,0.0,90944
merge_sort,80,random,2,401,512,0.00036539998836815357,2936,0.531,0.0,90944
quick_sort,80,random,2,495,286,0.0003084000200033188,2936,0.531,0.0,90944
heap_sort,80,random,2,768,438,0.0004186999285593629,2936,0.531,0.0,90944
radix_sort,80,random,2,0,400,0.0004450000124052167,2936,0.531,0.0,90944
bubble_sort,80,random,3,3160,1642,0.001014100038446486,2936,0.4804,0.0,97765
selection_sort,80,random,3,3160,78,0.0006513000698760152,2936,0.4804,0.0,97765
insertion_sort,80,random,3,1713,1642,0.0005529000191017985,2936,0.4804,0.0,97765
merge_sort,80,random,3,402,512,0.0007591999601572752,2936,0.4804,0.0,97765
quick_sort,80,random,3,460,308,0.00029610004276037216,2936,0.4804,0.0,97765
heap_sort,80,random,3,773,438,0.00041280000004917383,2936,0.4804,0.0,97765
radix_sort,80,random,3,0,400,0.001360700000077486,2936,0.4804,0.0,97765
bubble_sort,80,random,4,3132,1458,0.0007583999540656805,2936,0.5386,0.0,98296
selection_sort,80,random,4,3160,74,0.0004437000025063753,2936,0.5386,0.0,98296
insertion_sort,80,random,4,1532,1458,0.00041560002136975527,2936,0.5386,0.0,98296
merge_sort,80,random,4,411,512,0.00035560003016144037,2936,0.5386,0.0,98296
quick_sort,80,random,4,503,329,0.0003029999788850546,2936,0.5386,0.0,98296
heap_sort,80,random,4,771,444,0.00045220006722956896,2936,0.5386,0.0,98296
radix_sort,80,random,4,0,400,0.00029960006941109896,2936,0.5386,0.0,98296
bubble_sort,80,random,5,3157,1496,0.0007958998903632164,2936,0.5266,0.0,99213
selection_sort,80,random,5,3160,78,0.0004751000087708235,2936,0.5266,0.0,99213
insertion_sort,80,random,5,1570,1496,0.00042459997348487377,2936,0.5266,0.0,99213
merge_sort,80,random,5,413,512,0.0003549999091774225,2936,0.5266,0.0,99213
quick_sort,80,random,5,547,374,0.00031669996678829193,2936,0.5266,0.0,99213
heap_sort,80,random,5,771,444,0.0004126999992877245,2936,0.5266,0.0,99213
radix_sort,80,random,5,0,400,0.0003127999370917678,2936,0.5266,0.0,99213
bubble_sort,90,random,1,3852,2162,0.0015793000347912312,3296,0.4602,0.0,95046
selection_sort,90,random,1,4005,88,0.0009722999529913068,3296,0.4602,0.0,95046
insertion_sort,90,random,1,2248,2162,0.0006185000529512763,3296,0.4602,0.0,95046
merge_sort,90,random,1,471,592,0.00041069998405873775,3296,0.4602,0.0,95046
quick_sort,90,random,1,542,340,0.00036399997770786285,3296,0.4602,0.0,95046
heap_sort,90,random,1,891,500,0.00047470000572502613,3296,0.4602,0.0,95046
radix_sort,90,random,1,0,450,0.0003391999052837491,3296,0.4602,0.0,95046
bubble_sort,90,random,2,3852,2090,0.001854000031016767,3296,0.4782,0.0,99518
selection_sort,90,random,2,4005,86,0.000888400012627244,3296,0.4782,0.0,99518
insertion_sort,90,random,2,2174,2090,0.000910300062969327,3296,0.4782,0.0,99518
merge_sort,90,random,2,467,592,0.0007063000230118632,3296,0.4782,0.0,99518
quick_sort,90,random,2,527,315,0.0005979000125080347,3296,0.4782,0.0,99518
heap_sort,90,random,2,895,500,0.0007958998903632164,3296,0.4782,0.0,99518
radix_sort,90,random,2,0,450,0.0005599000724032521,3296,0.4782,0.0,99518
bubble_sort,90,random,3,3852,2100,0.0014186000917106867,3296,0.4757,0.0,97285
selection_sort,90,random,3,4005,88,0.0008572000078856945,3296,0.4757,0.0,97285
insertion_sort,90,random,3,2187,2100,0.003644299926236272,3296,0.4757,0.0,97285
merge_sort,90,random,3,477,592,0.0005522000137716532,3296,0.4757,0.0,97285
quick_sort,90,random,3,706,320,0.0004363999469205737,3296,0.4757,0.0,97285
heap_sort,90,random,3,885,498,0.0014120000414550304,3296,0.4757,0.0,97285
radix_sort,90,random,3,0,450,0.0003994000144302845,3296,0.4757,0.0,97285
bubble_sort,90,random,4,4004,2141,0.0010504999663680792,3296,0.4654,0.0,98235
selection_sort,90,random,4,4005,85,0.0005960999988019466,3296,0.4654,0.0,98235
insertion_sort,90,random,4,2228,2141,0.0006600999040529132,3296,0.4654,0.0,98235
merge_sort,90,random,4,475,592,0.0004120999947190285,3296,0.4654,0.0,98235
quick_sort,90,random,4,538,296,0.00032270001247525215,3296,0.4654,0.0,98235
heap_sort,90,random,4,895,505,0.000470499973744154,3296,0.4654,0.0,98235
radix_sort,90,random,4,0,450,0.0003499999875202775,3296,0.4654,0.0,98235
bubble_sort,90,random,5,4005,1920,0.0010177999502047896,3296,0.5206,0.0,94950
selection_sort,90,random,5,4005,86,0.0005952999927103519,3296,0.5206,0.0,94950
insertion_sort,90,random,5,2005,1920,0.0005481999833136797,3296,0.5206,0.0,94950
merge_sort,90,random,5,479,592,0.00041640002746134996,3296,0.5206,0.0,94950
quick_sort,90,random,5,572,402,0.00035559991374611855,3296,0.5206,0.0,94950
heap_sort,90,random,5,906,508,0.0004965000553056598,3296,0.5206,0.0,94950
radix_sort,90,random,5,0,450,0.0003378000110387802,3296,0.5206,0.0,94950
bubble_sort,100,random,1,4845,2386,0.0012798000825569034,3656,0.518,0.0,98732
selection_sort,100,random,1,4950,92,0.0007110000587999821,3656,0.518,0.0,98732
insertion_sort,100,random,1,2480,2386,0.0011774000013247132,3656,0.518,0.0,98732
merge_sort,100,random,1,537,672,0.0011150999926030636,3656,0.518,0.0,98732
quick_sort,100,random,1,565,365,0.0007309000939130783,3656,0.518,0.0,98732
heap_sort,100,random,1,1021,572,0.0005391000304371119,3656,0.518,0.0,98732
radix_sort,100,random,1,0,500,0.00039629999082535505,3656,0.518,0.0,98732
bubble_sort,100,random,2,4697,2277,0.0011330998968333006,3656,0.54,0.0,96001
selection_sort,100,random,2,4950,93,0.0007109000580385327,3656,0.54,0.0,96001
insertion_sort,100,random,2,2374,2277,0.0006349999457597733,3656,0.54,0.0,96001
merge_sort,100,random,2,542,672,0.00061039999127388,3656,0.54,0.0,96001
quick_sort,100,random,2,785,540,0.0004814000567421317,3656,0.54,0.0,96001
heap_sort,100,random,2,1023,577,0.0005449999589473009,3656,0.54,0.0,96001
radix_sort,100,random,2,0,500,0.0003763999557122588,3656,0.54,0.0,96001
bubble_sort,100,random,3,4895,2447,0.001213400042615831,3656,0.5057,0.0,99585
selection_sort,100,random,3,4950,95,0.0009289999725297093,3656,0.5057,0.0,99585
insertion_sort,100,random,3,2543,2447,0.0006783000426366925,3656,0.5057,0.0,99585
merge_sort,100,random,3,539,672,0.0004732999950647354,3656,0.5057,0.0,99585
quick_sort,100,random,3,631,366,0.0003912000684067607,3656,0.5057,0.0,99585
heap_sort,100,random,3,1014,573,0.0005410000449046493,3656,0.5057,0.0,99585
radix_sort,100,random,3,0,500,0.0005497999954968691,3656,0.5057,0.0,99585
bubble_sort,100,random,4,4944,2463,0.007075199973769486,3656,0.5024,0.0,97042
selection_sort,100,random,4,4950,95,0.0009490000084042549,3656,0.5024,0.0,97042
insertion_sort,100,random,4,2561,2463,0.0011515000369399786,3656,0.5024,0.0,97042
merge_sort,100,random,4,534,672,0.0006448000203818083,3656,0.5024,0.0,97042
quick_sort,100,random,4,566,338,0.00035429990384727716,3656,0.5024,0.0,97042
heap_sort,100,random,4,1016,577,0.0005402000388130546,3656,0.5024,0.0,97042
radix_sort,100,random,4,0,500,0.0003792000934481621,3656,0.5024,0.0,97042
bubble_sort,100,random,5,4935,2461,0.0012069999938830733,3656,0.5028,0.0,98009
selection_sort,100,random,5,4950,95,0.0007738999556750059,3656,0.5028,0.0,98009
insertion_sort,100,random,5,2556,2461,0.0007454999722540379,3656,0.5028,0.0,98009
merge_sort,100,random,5,538,672,0.0004678999539464712,3656,0.5028,0.0,98009
quick_sort,100,random,5,654,360,0.00037969998084008694,3656,0.5028,0.0,98009
heap_sort,100,random,5,1042,591,0.0005669000092893839,3656,0.5028,0.0,98009
radix_sort,100,random,5,0,500,0.0003923999611288309,3656,0.5028,0.0,98009
bubble_sort,110,random,1,5824,3077,0.0021663999650627375,4016,0.4867,0.0,99649
selection_sort,110,random,1,5995,103,0.000942499958910048,4016,0.4867,0.0,99649
insertion_sort,110,random,1,3181,3077,0.0008787000551819801,4016,0.4867,0.0,99649
merge_sort,110,random,1,609,752,0.0005547000328078866,4016,0.4867,0.0,99649
quick_sort,110,random,1,757,454,0.00045060005504637957,4016,0.4867,0.0,99649
heap_sort,110,random,1,1148,649,0.0006141000194475055,4016,0.4867,0.0,99649
radix_sort,110,random,1,0,550,0.00041010009590536356,4016,0.4867,0.0,99649
bubble_sort,110,random,2,5785,2868,0.0014664999907836318,4016,0.5216,0.0,98585
selection_sort,110,random,2,5995,108,0.0008840999798849225,4016,0.5216,0.0,98585
insertion_sort,110,random,2,2975,2868,0.0008041000692173839,4016,0.5216,0.0,98585
merge_sort,110,random,2,587,752,0.0005160000873729587,4016,0.5216,0.0,98585
quick_sort,110,random,2,886,413,0.0004857999738305807,4016,0.5216,0.0,98585
heap_sort,110,random,2,1165,658,0.000628999900072813,4016,0.5216,0.0,98585
radix_sort,110,random,2,0,550,0.0005333999870344996,4016,0.5216,0.0,98585
bubble_sort,110,random,3,5995,2979,0.0015447000041604042,4016,0.5031,0.0,99758
selection_sort,110,random,3,5995,107,0.0008213999681174755,4016,0.5031,0.0,99758
insertion_sort,110,random,3,3085,2979,0.0008608000352978706,4016,0.5031,0.0,99758
merge_sort,110,random,3,606,752,0.0006810000631958246,4016,0.5031,0.0,99758
quick_sort,110,random,3,763,477,0.0005318999756127596,4016,0.5031,0.0,99758
heap_sort,110,random,3,1153,649,0.001019699964672327,4016,0.5031,0.0,99758
radix_sort,110,random,3,0,550,0.0004969999426975846,4016,0.5031,0.0,99758
bubble_sort,110,random,4,5929,2829,0.0014531000051647425,4016,0.5281,0.0,98340
selection_sort,110,random,4,5995,105,0.0008445000275969505,4016,0.5281,0.0,98340
insertion_sort,110,random,4,2935,2829,0.0008231999818235636,4016,0.5281,0.0,98340
merge_sort,110,random,4,608,752,0.000520200002938509,4016,0.5281,0.0,98340
quick_sort,110,random,4,752,519,0.00047610001638531685,4016,0.5281,0.0,98340
heap_sort,110,random,4,1166,655,0.0006350000621750951,4016,0.5281,0.0,98340
radix_sort,110,random,4,0,550,0.0004019000334665179,4016,0.5281,0.0,98340
bubble_sort,110,random,5,5842,2989,0.00144620006904006,4016,0.5014,0.0,99141
selection_sort,110,random,5,5995,105,0.0041247999761253595,4016,0.5014,0.0,99141
insertion_sort,110,random,5,3095,2989,0.0008538000984117389,4016,0.5014,0.0,99141
merge_sort,110,random,5,614,752,0.0005417000502347946,4016,0.5014,0.0,99141
quick_sort,110,random,5,675,415,0.0008138000266626477,4016,0.5014,0.0,99141
heap_sort,110,random,5,1153,653,0.0007674000225961208,4016,0.5014,0.0,99141
radix_sort,110,random,5,0,550,0.0005358000053092837,4016,0.5014,0.0,99141
bubble_sort,120,random,1,7049,3418,0.0017446000128984451,4376,0.5213,0.0,99717
selection_sort,120,random,1,7140,114,0.000990699976682663,4376,0.5213,0.0,99717
insertion_sort,120,random,1,3535,3418,0.0010098000057041645,4376,0.5213,0.0,99717
merge_sort,120,random,1,683,832,0.0005834000185132027,4376,0.5213,0.0,99717
quick_sort,120,random,1,874,606,0.0005038999952375889,4376,0.5213,0.0,99717
heap_sort,120,random,1,1292,728,0.0007118999492377043,4376,0.5213,0.0,99717
radix_sort,120,random,1,0,600,0.0004561999812722206,4376,0.5213,0.0,99717
bubble_sort,120,random,2,7112,3604,0.001961900037713349,4376,0.4952,0.0,97191
selection_sort,120,random,2,7140,116,0.001011999906040728,4376,0.4952,0.0,97191
insertion_sort,120,random,2,3717,3604,0.0010108000133186579,4376,0.4952,0.0,97191
merge_sort,120,random,2,680,832,0.0006134000141173601,4376,0.4952,0.0,97191
quick_sort,120,random,2,824,405,0.0004694000817835331,4376,0.4952,0.0,97191
heap_sort,120,random,2,1309,728,0.0006966999499127269,4376,0.4952,0.0,97191
radix_sort,120,random,2,0,600,0.0004579999949783087,4376,0.4952,0.0,97191
bubble_sort,120,random,3,7074,3535,0.002084400039166212,4376,0.5049,0.0,99031
selection_sort,120,random,3,7140,117,0.0010336999548599124,4376,0.5049,0.0,99031
insertion_sort,120,random,3,3648,3535,0.0010155000491067767,4376,0.5049,0.0,99031
merge_sort,120,random,3,678,832,0.0005757000762969255,4376,0.5049,0.0,99031
quick_sort,120,random,3,919,502,0.0005171999800950289,4376,0.5049,0.0,99031
heap_sort,120,random,3,1291,715,0.0006829999620094895,4376,0.5049,0.0,99031
radix_sort,120,random,3,0,600,0.00043530005495995283,4376,0.5049,0.0,99031
bubble_sort,120,random,4,7119,3558,0.001914600026793778,4376,0.5017,0.0,97482
selection_sort,120,random,4,7140,118,0.0010556000052019954,4376,0.5017,0.0,97482
insertion_sort,120,random,4,3669,3558,0.0010393999982625246,4376,0.5017,0.0,97482
merge_sort,120,random,4,672,832,0.0005804999964311719,4376,0.5017,0.0,97482
quick_sort,120,random,4,929,550,0.0005284000653773546,4376,0.5017,0.0,97482
heap_sort,120,random,4,1259,710,0.0006723999977111816,4376,0.5017,0.0,97482
radix_sort,120,random,4,0,600,0.00045629998203366995,4376,0.5017,0.0,97482
bubble_sort,120,random,5,7112,3790,0.002037700032815337,4376,0.4692,0.0,96787
selection_sort,120,random,5,7140,116,0.0016051999991759658,4376,0.4692,0.0,96787
insertion_sort,120,random,5,3903,3790,0.001154900062829256,4376,0.4692,0.0,96787
merge_sort,120,random,5,678,832,0.0005781999789178371,4376,0.4692,0.0,96787
quick_sort,120,random,5,842,463,0.0005076000234112144,4376,0.4692,0.0,96787
heap_sort,120,random,5,1284,722,0.0006933999247848988,4376,0.4692,0.0,96787
radix_sort,120,random,5,0,600,0.00044159998651593924,4376,0.4692,0.0,96787
bubble_sort,130,random,1,8349,4036,0.002101300051435828,4736,0.5187,0.0,97373
selection_sort,130,random,1,8385,120,0.0012643999652937055,4736,0.5187,0.0,97373
insertion_sort,130,random,1,4160,4036,0.0011354000307619572,4736,0.5187,0.0,97373
merge_sort,130,random,1,752,914,0.0007448000833392143,4736,0.5187,0.0,97373
quick_sort,130,random,1,1021,600,0.0005664998898282647,4736,0.5187,0.0,97373
heap_sort,130,random,1,1428,804,0.0007919999770820141,4736,0.5187,0.0,97373
radix_sort,130,random,1,0,650,0.0004817000590264797,4736,0.5187,0.0,97373
bubble_sort,130,random,2,8330,3904,0.002255899948067963,4736,0.5344,0.0,96173
selection_sort,130,random,2,8385,124,0.0014113999204710126,4736,0.5344,0.0,96173
insertion_sort,130,random,2,4028,3904,0.001119299908168614,4736,0.5344,0.0,96173
merge_sort,130,random,2,743,914,0.0006582000060006976,4736,0.5344,0.0,96173
quick_sort,130,random,2,824,474,0.0004867999814450741,4736,0.5344,0.0,96173
heap_sort,130,random,2,1436,806,0.001046299934387207,4736,0.5344,0.0,96173
radix_sort,130,random,2,0,650,0.0004835000727325678,4736,0.5344,0.0,96173
bubble_sort,130,random,3,8382,4622,0.002310300013050437,4736,0.4488,0.0,99322
selection_sort,130,random,3,8385,124,0.001126500079408288,4736,0.4488,0.0,99322
insertion_sort,130,random,3,4743,4622,0.0012918999418616295,4736,0.4488,0.0,99322
merge_sort,130,random,3,751,914,0.0006473999237641692,4736,0.4488,0.0,99322
quick_sort,130,random,3,939,604,0.0005418999353423715,4736,0.4488,0.0,99322
heap_sort,130,random,3,1440,798,0.0007702999282628298,4736,0.4488,0.0,99322
radix_sort,130,random,3,0,650,0.00048439996317029,4736,0.4488,0.0,99322
bubble_sort,130,random,4,8349,4544,0.0027375000063329935,4736,0.4581,0.0077,98086
selection_sort,130,random,4,8385,124,0.0013565999688580632,4736,0.4581,0.0077,98086
insertion_sort,130,random,4,4666,4544,0.0013200000394135714,4736,0.4581,0.0077,98086
merge_sort,130,random,4,751,914,0.0006354999495670199,4736,0.4581,0.0077,98086
quick_sort,130,random,4,920,520,0.0005193999968469143,4736,0.4581,0.0077,98086
heap_sort,130,random,4,1445,806,0.0007752999663352966,4736,0.4581,0.0077,98086
radix_sort,130,random,4,0,650,0.0004778999136760831,4736,0.4581,0.0077,98086
bubble_sort,130,random,5,8307,3867,0.0022643000120297074,4736,0.5388,0.0,97102
selection_sort,130,random,5,8385,125,0.0011727999662980437,4736,0.5388,0.0,97102
insertion_sort,130,random,5,3993,3867,0.0010894000297412276,4736,0.5388,0.0,97102
merge_sort,130,random,5,761,914,0.0006494000554084778,4736,0.5388,0.0,97102
quick_sort,130,random,5,1033,475,0.0005360000068321824,4736,0.5388,0.0,97102
heap_sort,130,random,5,1431,803,0.0007596999639645219,4736,0.5388,0.0,97102
radix_sort,130,random,5,0,650,0.0004871001001447439,4736,0.5388,0.0,97102
bubble_sort,140,random,1,9685,5086,0.003579300013370812,5096,0.4773,0.0,98816
selection_sort,140,random,1,9730,132,0.0015181999187916517,5096,0.4773,0.0,98816
insertion_sort,140,random,1,5222,5086,0.0016045999946072698,5096,0.4773,0.0,98816
merge_sort,140,random,1,820,1004,0.0007051000138744712,5096,0.4773,0.0,98816
quick_sort,140,random,1,1131,663,0.0006235000910237432,5096,0.4773,0.0,98816
heap_sort,140,random,1,1577,884,0.0008418000070378184,5096,0.4773,0.0,98816
radix_sort,140,random,1,0,700,0.0005296999588608742,5096,0.4773,0.0,98816
bubble_sort,140,random,2,9720,5018,0.002458699978888035,5096,0.4843,0.0,97691
selection_sort,140,random,2,9730,138,0.0013772000093013048,5096,0.4843,0.0,97691
insertion_sort,140,random,2,5153,5018,0.001442300039343536,5096,0.4843,0.0,97691
merge_sort,140,random,2,816,1004,0.0007017999887466431,5096,0.4843,0.0,97691
quick_sort,140,random,2,962,598,0.0005627999780699611,5096,0.4843,0.0,97691
heap_sort,140,random,2,1583,894,0.0009342000121250749,5096,0.4843,0.0,97691
radix_sort,140,random,2,0,700,0.001134999911300838,5096,0.4843,0.0,97691
bubble_sort,140,random,3,9652,4817,0.0044516000198200345,5096,0.5049,0.0,99964
selection_sort,140,random,3,9730,133,0.0013346000341698527,5096,0.5049,0.0,99964
insertion_sort,140,random,3,4951,4817,0.001362200011499226,5096,0.5049,0.0,99964
merge_sort,140,random,3,830,1004,0.0006974999560043216,5096,0.5049,0.0,99964
quick_sort,140,random,3,1072,578,0.0006042000604793429,5096,0.5049,0.0,99964
heap_sort,140,random,3,1573,883,0.0008322000503540039,5096,0.5049,0.0,99964
radix_sort,140,random,3,0,700,0.0005122000584378839,5096,0.5049,0.0,99964
bubble_sort,140,random,4,9625,4293,0.0029375000158324838,5096,0.5588,0.0,98464
selection_sort,140,random,4,9730,135,0.001670299912802875,5096,0.5588,0.0,98464
insertion_sort,140,random,4,4427,4293,0.0016612999606877565,5096,0.5588,0.0,98464
merge_sort,140,random,4,826,1004,0.0007037000032141805,5096,0.5588,0.0,98464
quick_sort,140,random,4,1081,533,0.0005768999690189958,5096,0.5588,0.0,98464
heap_sort,140,random,4,1577,883,0.0008674999698996544,5096,0.5588,0.0,98464
radix_sort,140,random,4,0,700,0.0005178999854251742,5096,0.5588,0.0,98464
bubble_sort,140,random,5,9709,4938,0.0028882999904453754,5096,0.4925,0.0,98052
selection_sort,140,random,5,9730,138,0.0013969999272376299,5096,0.4925,0.0,98052
insertion_sort,140,random,5,5074,4938,0.0014278000453487039,5096,0.4925,0.0,98052
merge_sort,140,random,5,840,1004,0.0007710999343544245,5096,0.4925,0.0,98052
quick_sort,140,random,5,1002,547,0.0007430999539792538,5096,0.4925,0.0,98052
heap_sort,140,random,5,1588,890,0.0008771000429987907,5096,0.4925,0.0,98052
radix_sort,140,random,5,0,700,0.0005375000182539225,5096,0.4925,0.0,98052
bubble_sort,150,random,1,11097,5644,0.0029404000379145145,5456,0.4949,0.0,99663
selection_sort,150,random,1,11175,144,0.0016566000413149595,5456,0.4949,0.0,99663
insertion_sort,150,random,1,5787,5644,0.0016199999954551458,5456,0.4949,0.0,99663
merge_sort,150,random,1,903,1094,0.0007668000180274248,5456,0.4949,0.0,99663
quick_sort,150,random,1,1049,593,0.0008474999340251088,5456,0.4949,0.0,99663
heap_sort,150,random,1,1705,946,0.0009766999864950776,5456,0.4949,0.0,99663
radix_sort,150,random,1,0,750,0.0009199000196531415,5456,0.4949,0.0,99663
bubble_sort,150,random,2,11084,5002,0.002785900025628507,5456,0.5524,0.0,98944
selection_sort,150,random,2,11175,146,0.001554399961605668,5456,0.5524,0.0,98944
insertion_sort,150,random,2,5145,5002,0.0016197999939322472,5456,0.5524,0.0,98944
merge_sort,150,random,2,889,1094,0.0007872000569477677,5456,0.5524,0.0,98944
quick_sort,150,random,2,987,561,0.0007063999073579907,5456,0.5524,0.0,98944
heap_sort,150,random,2,1729,970,0.0009525000350549817,5456,0.5524,0.0,98944
radix_sort,150,random,2,0,750,0.0005549000343307853,5456,0.5524,0.0,98944
bubble_sort,150,random,3,11084,5339,0.002739399904385209,5456,0.5222,0.0067,99386
selection_sort,150,random,3,11175,145,0.0015465000178664923,5456,0.5222,0.0067,99386
insertion_sort,150,random,3,5486,5339,0.0015177000313997269,5456,0.5222,0.0067,99386
merge_sort,150,random,3,900,1094,0.0007580999517813325,5456,0.5222,0.0067,99386
quick_sort,150,random,3,997,637,0.0005954999942332506,5456,0.5222,0.0067,99386
heap_sort,150,random,3,1703,951,0.0009191000135615468,5456,0.5222,0.0067,99386
radix_sort,150,random,3,0,750,0.0005532000213861465,5456,0.5222,0.0067,99386
bubble_sort,150,random,4,11154,5794,0.0032405999954789877,5456,0.4815,0.0,99528
selection_sort,150,random,4,11175,142,0.002174600027501583,5456,0.4815,0.0,99528
insertion_sort,150,random,4,5937,5794,0.0022826000349596143,5456,0.4815,0.0,99528
merge_sort,150,random,4,892,1094,0.0012158999452367425,5456,0.4815,0.0,99528
quick_sort,150,random,4,991,534,0.0008229999803006649,5456,0.4815,0.0,99528
heap_sort,150,random,4,1709,958,0.0012327999575063586,5456,0.4815,0.0,99528
radix_sort,150,random,4,0,750,0.0005567000480368733,5456,0.4815,0.0,99528
bubble_sort,150,random,5,11147,5306,0.0026684999465942383,5456,0.5252,0.0067,99316
selection_sort,150,random,5,11175,139,0.0015749000012874603,5456,0.5252,0.0067,99316
insertion_sort,150,random,5,5449,5306,0.0015082000754773617,5456,0.5252,0.0067,99316
merge_sort,150,random,5,888,1094,0.0009260999504476786,5456,0.5252,0.0067,99316
quick_sort,150,random,5,1112,641,0.0006316000362858176,5456,0.5252,0.0067,99316
heap_sort,150,random,5,1717,959,0.0009054000256583095,5456,0.5252,0.0067,99316
radix_sort,150,random,5,0,750,0.0005531999049708247,5456,0.5252,0.0067,99316
bubble_sort,160,random,1,12629,6123,0.003267299965955317,5816,0.5186,0.0,99365
selection_sort,160,random,1,12720,155,0.001733900047838688,5816,0.5186,0.0,99365
insertion_sort,160,random,1,6279,6123,0.001938000088557601,5816,0.5186,0.0,99365
merge_sort,160,random,1,982,1184,0.000834000064060092,5816,0.5186,0.0,99365
quick_sort,160,random,1,1180,693,0.0007360999006778002,5816,0.5186,0.0,99365
heap_sort,160,random,1,1862,1041,0.0010204999707639217,5816,0.5186,0.0,99365
radix_sort,160,random,1,0,800,0.0005801999941468239,5816,0.5186,0.0,99365
bubble_sort,160,random,2,12489,5624,0.0035231999354436994,5816,0.5579,0.0,98057
selection_sort,160,random,2,12720,154,0.0018116000574082136,5816,0.5579,0.0,98057
insertion_sort,160,random,2,5780,5624,0.0016735000535845757,5816,0.5579,0.0,98057
merge_sort,160,random,2,959,1184,0.0008172000525519252,5816,0.5579,0.0,98057
quick_sort,160,random,2,1181,718,0.0006780000403523445,5816,0.5579,0.0,98057
heap_sort,160,random,2,1858,1038,0.0009815000230446458,5816,0.5579,0.0,98057
radix_sort,160,random,2,0,800,0.0005865000421181321,5816,0.5579,0.0,98057
bubble_sort,160,random,3,12615,5953,0.0038998000090941787,5816,0.532,0.0,99262
selection_sort,160,random,3,12720,155,0.0016938999760895967,5816,0.532,0.0,99262
insertion_sort,160,random,3,6107,5953,0.002010500058531761,5816,0.532,0.0,99262
merge_sort,160,random,3,980,1184,0.0009748999727889895,5816,0.532,0.0,99262
quick_sort,160,random,3,1114,583,0.0007085999241098762,5816,0.532,0.0,99262
heap_sort,160,random,3,1852,1039,0.0013885999796912074,5816,0.532,0.0,99262
radix_sort,160,random,3,0,800,0.0007714000530540943,5816,0.532,0.0,99262
bubble_sort,160,random,4,12444,6368,0.004091999959200621,5816,0.4994,0.0,98917
selection_sort,160,random,4,12720,150,0.0022628000006079674,5816,0.4994,0.0,98917
insertion_sort,160,random,4,6523,6368,0.002464700024574995,5816,0.4994,0.0,98917
merge_sort,160,random,4,984,1184,0.001026200014166534,5816,0.4994,0.0,98917
quick_sort,160,random,4,1242,788,0.0007909999694675207,5816,0.4994,0.0,98917
heap_sort,160,random,4,1866,1036,0.0009857999393716455,5816,0.4994,0.0,98917
radix_sort,160,random,4,0,800,0.0005854000337421894,5816,0.4994,0.0,98917
bubble_sort,160,random,5,12675,6790,0.0033369999146088958,5816,0.4662,0.0,98751
selection_sort,160,random,5,12720,154,0.0016994000179693103,5816,0.4662,0.0,98751
insertion_sort,160,random,5,6941,6790,0.001922899973578751,5816,0.4662,0.0,98751
merge_sort,160,random,5,979,1184,0.0008293000282719731,5816,0.4662,0.0,98751
quick_sort,160,random,5,1261,653,0.0006754000205546618,5816,0.4662,0.0,98751
heap_sort,160,random,5,1852,1036,0.001004899968393147,5816,0.4662,0.0,98751
radix_sort,160,random,5,0,800,0.0005750000709667802,5816,0.4662,0.0,98751
bubble_sort,170,random,1,14194,6732,0.0036862000124529004,6176,0.5314,0.0,99695
selection_sort,170,random,1,14365,164,0.002153199980966747,6176,0.5314,0.0,99695
insertion_sort,170,random,1,6897,6732,0.0019771000370383263,6176,0.5314,0.0,99695
merge_sort,170,random,1,1044,1274,0.0008834999753162265,6176,0.5314,0.0,99695
quick_sort,170,random,1,1377,786,0.0007531000301241875,6176,0.5314,0.0,99695
heap_sort,170,random,1,2001,1104,0.0010454000439494848,6176,0.5314,0.0,99695
radix_sort,170,random,1,0,850,0.0006337000522762537,6176,0.5314,0.0,99695
bubble_sort,170,random,2,14344,7005,0.003584700054489076,6176,0.5124,0.0,99140
selection_sort,170,random,2,14365,159,0.002040899940766394,6176,0.5124,0.0,99140
insertion_sort,170,random,2,7170,7005,0.002061899984255433,6176,0.5124,0.0,99140
merge_sort,170,random,2,1050,1274,0.0008952999487519264,6176,0.5124,0.0,99140
quick_sort,170,random,2,1085,633,0.0006537000881507993,6176,0.5124,0.0,99140
heap_sort,170,random,2,2009,1119,0.0010626999428495765,6176,0.5124,0.0,99140
radix_sort,170,random,2,0,850,0.0006142000202089548,6176,0.5124,0.0,99140
bubble_sort,170,random,3,14355,7230,0.0035737999714910984,6176,0.4967,0.0,99557
selection_sort,170,random,3,14365,160,0.002027900074608624,6176,0.4967,0.0,99557
insertion_sort,170,random,3,7392,7230,0.0020704999333247542,6176,0.4967,0.0,99557
merge_sort,170,random,3,1066,1274,0.0008898000232875347,6176,0.4967,0.0,99557
quick_sort,170,random,3,1223,658,0.0006794000510126352,6176,0.4967,0.0,99557
heap_sort,170,random,3,1987,1112,0.0010674000950530171,6176,0.4967,0.0,99557
radix_sort,170,random,3,0,850,0.0006306000286713243,6176,0.4967,0.0,99557
bubble_sort,170,random,4,14359,7114,0.00392200006172061,6176,0.5048,0.0,98863
selection_sort,170,random,4,14365,164,0.0020072999177500606,6176,0.5048,0.0,98863
insertion_sort,170,random,4,7280,7114,0.0020759999752044678,6176,0.5048,0.0,98863
merge_sort,170,random,4,1048,1274,0.0012186000822111964,6176,0.5048,0.0,98863
quick_sort,170,random,4,1210,764,0.0011533999349921942,6176,0.5048,0.0,98863
heap_sort,170,random,4,2008,1116,0.0015588999958708882,6176,0.5048,0.0,98863
radix_sort,170,random,4,0,850,0.000852899975143373,6176,0.5048,0.0,98863
bubble_sort,170,random,5,14089,7187,0.00488040002528578,6176,0.4997,0.0,99870
selection_sort,170,random,5,14365,161,0.002185799996368587,6176,0.4997,0.0,99870
insertion_sort,170,random,5,7353,7187,0.0021002000430598855,6176,0.4997,0.0,99870
merge_sort,170,random,5,1045,1274,0.0008973999647423625,6176,0.4997,0.0,99870
quick_sort,170,random,5,1359,710,0.0007381000323221087,6176,0.4997,0.0,99870
heap_sort,170,random,5,2017,1121,0.0010915000457316637,6176,0.4997,0.0,99870
radix_sort,170,random,5,0,850,0.0006252999883145094,6176,0.4997,0.0,99870
bubble_sort,180,random,1,16109,7911,0.004032399971038103,6536,0.5089,0.0056,99217
selection_sort,180,random,1,16110,176,0.0022481000050902367,6536,0.5089,0.0056,99217
insertion_sort,180,random,1,8084,7911,0.002267200034111738,6536,0.5089,0.0056,99217
merge_sort,180,random,1,1143,1364,0.00094369996804744,6536,0.5089,0.0056,99217
quick_sort,180,random,1,1421,843,0.0007970000151544809,6536,0.5089,0.0056,99217
heap_sort,180,random,1,2183,1217,0.0011691999388858676,6536,0.5089,0.0056,99217
radix_sort,180,random,1,0,900,0.0006447999039664865,6536,0.5089,0.0056,99217
bubble_sort,180,random,2,16055,7486,0.005091900005936623,6536,0.5353,0.0,97828
selection_sort,180,random,2,16110,172,0.003209899994544685,6536,0.5353,0.0,97828
insertion_sort,180,random,2,7660,7486,0.002888799994252622,6536,0.5353,0.0,97828
merge_sort,180,random,2,1136,1364,0.0015848999610170722,6536,0.5353,0.0,97828
quick_sort,180,random,2,1280,793,0.0011365999234840274,6536,0.5353,0.0,97828
heap_sort,180,random,2,2153,1218,0.0017224999610334635,6536,0.5353,0.0,97828
radix_sort,180,random,2,0,900,0.001027400023303926,6536,0.5353,0.0,97828
bubble_sort,180,random,3,16065,8541,0.006092100054956973,6536,0.4698,0.0,98335
selection_sort,180,random,3,16110,173,0.0034205999691039324,6536,0.4698,0.0,98335
insertion_sort,180,random,3,8716,8541,0.0032547999871894717,6536,0.4698,0.0,98335
merge_sort,180,random,3,1128,1364,0.0013626000145450234,6536,0.4698,0.0,98335
quick_sort,180,random,3,1365,748,0.0011329000117257237,6536,0.4698,0.0,98335
heap_sort,180,random,3,2141,1191,0.001703099929727614,6536,0.4698,0.0,98335
radix_sort,180,random,3,0,900,0.0010578000219538808,6536,0.4698,0.0,98335
bubble_sort,180,random,4,15974,8237,0.005550900008529425,6536,0.4887,0.0,99694
selection_sort,180,random,4,16110,173,0.0022358999121934175,6536,0.4887,0.0,99694
insertion_sort,180,random,4,8412,8237,0.0024860999546945095,6536,0.4887,0.0,99694
merge_sort,180,random,4,1125,1364,0.001246199943125248,6536,0.4887,0.0,99694
quick_sort,180,random,4,1300,837,0.001034199958667159,6536,0.4887,0.0,99694
heap_sort,180,random,4,2151,1185,0.0021042999578639865,6536,0.4887,0.0,99694
radix_sort,180,random,4,0,900,0.0009688000427559018,6536,0.4887,0.0,99694
bubble_sort,180,random,5,16082,7919,0.00555770006030798,6536,0.5084,0.0056,99112
selection_sort,180,random,5,16110,174,0.002899500075727701,6536,0.5084,0.0056,99112
insertion_sort,180,random,5,8093,7919,0.0032043999526649714,6536,0.5084,0.0056,99112
merge_sort,180,random,5,1133,1364,0.0014984000008553267,6536,0.5084,0.0056,99112
quick_sort,180,random,5,1367,921,0.0012738999212160707,6536,0.5084,0.0056,99112
heap_sort,180,random,5,2168,1201,0.0018750999588519335,6536,0.5084,0.0056,99112
radix_sort,180,random,5,0,900,0.001088600023649633,6536,0.5084,0.0056,99112
bubble_sort,190,random,1,17745,8597,0.005867699976079166,6896,0.5212,0.0,99433
selection_sort,190,random,1,17955,183,0.0034884000197052956,6896,0.5212,0.0,99433
insertion_sort,190,random,1,8781,8597,0.005526999942958355,6896,0.5212,0.0,99433
merge_sort,190,random,1,1192,1454,0.0011653000256046653,6896,0.5212,0.0,99433
quick_sort,190,random,1,1397,715,0.0008582000155001879,6896,0.5212,0.0,99433
heap_sort,190,random,1,2317,1287,0.0012437000405043364,6896,0.5212,0.0,99433
radix_sort,190,random,1,0,950,0.0008285000221803784,6896,0.5212,0.0,99433
bubble_sort,190,random,2,17850,8365,0.004873099969699979,6896,0.5341,0.0053,99864
selection_sort,190,random,2,17955,183,0.0026636000256985426,6896,0.5341,0.0053,99864
insertion_sort,190,random,2,8551,8365,0.004599799984134734,6896,0.5341,0.0053,99864
merge_sort,190,random,2,1201,1454,0.0010869000107049942,6896,0.5341,0.0053,99864
quick_sort,190,random,2,1651,897,0.0008755000308156013,6896,0.5341,0.0053,99864
heap_sort,190,random,2,2322,1288,0.0012621000641956925,6896,0.5341,0.0053,99864
radix_sort,190,random,2,0,950,0.0006915000267326832,6896,0.5341,0.0053,99864
bubble_sort,190,random,3,17702,9344,0.005735399900004268,6896,0.4796,0.0105,99766
selection_sort,190,random,3,17955,185,0.003114699968136847,6896,0.4796,0.0105,99766
insertion_sort,190,random,3,9529,9344,0.003186000045388937,6896,0.4796,0.0105,99766
merge_sort,190,random,3,1196,1454,0.001041000010445714,6896,0.4796,0.0105,99766
quick_sort,190,random,3,1435,896,0.0008394999895244837,6896,0.4796,0.0105,99766
heap_sort,190,random,3,2292,1264,0.0012185999657958746,6896,0.4796,0.0105,99766
radix_sort,190,random,3,0,950,0.000812700018286705,6896,0.4796,0.0105,99766
bubble_sort,190,random,4,17630,9112,0.004763899953104556,6896,0.4925,0.0053,99614
selection_sort,190,random,4,17955,184,0.002584500005468726,6896,0.4925,0.0053,99614
insertion_sort,190,random,4,9296,9112,0.0027407000306993723,6896,0.4925,0.0053,99614
merge_sort,190,random,4,1210,1454,0.0013262999709695578,6896,0.4925,0.0053,99614
quick_sort,190,random,4,1476,918,0.0008539999835193157,6896,0.4925,0.0053,99614
heap_sort,190,random,4,2290,1264,0.0020083000417798758,6896,0.4925,0.0053,99614
radix_sort,190,random,4,0,950,0.0015817999374121428,6896,0.4925,0.0053,99614
bubble_sort,190,random,5,17949,8775,0.005209599970839918,6896,0.5113,0.0,98381
selection_sort,190,random,5,17955,185,0.003912699990905821,6896,0.5113,0.0,98381
insertion_sort,190,random,5,8959,8775,0.0025674999924376607,6896,0.5113,0.0,98381
merge_sort,190,random,5,1192,1454,0.0010341000743210316,6896,0.5113,0.0,98381
quick_sort,190,random,5,1279,700,0.0007432999555021524,6896,0.5113,0.0,98381
heap_sort,190,random,5,2302,1275,0.0016697000246495008,6896,0.5113,0.0,98381
radix_sort,190,random,5,0,950,0.001229400048032403,6896,0.5113,0.0,98381
bubble_sort,200,random,1,19834,10253,0.008215900044888258,7256,0.4848,0.0,97885
selection_sort,200,random,1,19900,195,0.0039678000612184405,7256,0.4848,0.0,97885
insertion_sort,200,random,1,10438,10253,0.0033836999209597707,7256,0.4848,0.0,97885
merge_sort,200,random,1,1269,1544,0.0016331999795511365,7256,0.4848,0.0,97885
quick_sort,200,random,1,1354,820,0.001289999927394092,7256,0.4848,0.0,97885
heap_sort,200,random,1,2446,1367,0.00306710007134825,7256,0.4848,0.0,97885
radix_sort,200,random,1,0,1000,0.0007578999502584338,7256,0.4848,0.0,97885
bubble_sort,200,random,2,19864,9988,0.007238699938170612,7256,0.4981,0.0,99602
selection_sort,200,random,2,19900,194,0.047714600106701255,7256,0.4981,0.0,99602
insertion_sort,200,random,2,10183,9988,0.0039594999980181456,7256,0.4981,0.0,99602
merge_sort,200,random,2,1282,1544,0.0025925999507308006,7256,0.4981,0.0,99602
quick_sort,200,random,2,1580,875,0.0014663999900221825,7256,0.4981,0.0,99602
heap_sort,200,random,2,2449,1352,0.0013284999877214432,7256,0.4981,0.0,99602
radix_sort,200,random,2,0,1000,0.0009079999290406704,7256,0.4981,0.0,99602
bubble_sort,200,random,3,19822,9646,0.0048726999666541815,7256,0.5153,0.0,97752
selection_sort,200,random,3,19900,196,0.004765599966049194,7256,0.5153,0.0,97752
insertion_sort,200,random,3,9838,9646,0.006576600018888712,7256,0.5153,0.0,97752
merge_sort,200,random,3,1274,1544,0.0016607999568805099,7256,0.5153,0.0,97752
quick_sort,200,random,3,1698,873,0.0013804000336676836,7256,0.5153,0.0,97752
heap_sort,200,random,3,2457,1356,0.0019275000086054206,7256,0.5153,0.0,97752
radix_sort,200,random,3,0,1000,0.0010246000019833446,7256,0.5153,0.0,97752
bubble_sort,200,random,4,19899,10224,0.016511699999682605,7256,0.4862,0.0,99517
selection_sort,200,random,4,19900,196,0.006521799950860441,7256,0.4862,0.0,99517
insertion_sort,200,random,4,10418,10224,0.004987800028175116,7256,0.4862,0.0,99517
merge_sort,200,random,4,1290,1544,0.001550199929624796,7256,0.4862,0.0,99517
quick_sort,200,random,4,1498,870,0.0018962000031024218,7256,0.4862,0.0,99517
heap_sort,200,random,4,2447,1352,0.0016598999500274658,7256,0.4862,0.0,99517
radix_sort,200,random,4,0,1000,0.0007687000324949622,7256,0.4862,0.0,99517
bubble_sort,200,random,5,19710,10275,0.0228656999533996,7256,0.4837,0.0,98329
selection_sort,200,random,5,19900,193,0.003715300001204014,7256,0.4837,0.0,98329
insertion_sort,200,random,5,10467,10275,0.0058345000725239515,7256,0.4837,0.0,98329
merge_sort,200,random,5,1298,1544,0.003698499989695847,7256,0.4837,0.0,98329
quick_sort,200,random,5,1609,765,0.0012472999515011907,7256,0.4837,0.0,98329
heap_sort,200,random,5,2431,1339,0.002634699922055006,7256,0.4837,0.0,98329
radix_sort,200,random,5,0,1000,0.001339400070719421,7256,0.4837,0.0,98329
bubble_sort,210,random,1,21909,10618,0.010558400070294738,7616,0.5162,0.0048,99457
selection_sort,210,random,1,21945,203,0.004071700037457049,7616,0.5162,0.0048,99457
insertion_sort,210,random,1,10822,10618,0.004423900041729212,7616,0.5162,0.0048,99457
merge_sort,210,random,1,1356,1634,0.001651099999435246,7616,0.5162,0.0048,99457
quick_sort,210,random,1,1550,810,0.001264600083231926,7616,0.5162,0.0048,99457
heap_sort,210,random,1,2618,1454,0.0025179999647662044,7616,0.5162,0.0048,99457
radix_sort,210,random,1,0,1050,0.0013884000945836306,7616,0.5162,0.0048,99457
bubble_sort,210,random,2,21939,11207,0.00733110005967319,7616,0.4893,0.0048,96783
selection_sort,210,random,2,21945,205,0.004373300005681813,7616,0.4893,0.0048,96783
insertion_sort,210,random,2,11413,11207,0.0040027000941336155,7616,0.4893,0.0048,96783
merge_sort,210,random,2,1363,1634,0.0021959999576210976,7616,0.4893,0.0048,96783
quick_sort,210,random,2,1825,1003,0.0014443999389186502,7616,0.4893,0.0048,96783
heap_sort,210,random,2,2593,1435,0.0016608999576419592,7616,0.4893,0.0048,96783
radix_sort,210,random,2,0,1050,0.0010002999333664775,7616,0.4893,0.0048,96783
bubble_sort,210,random,3,21854,10718,0.014348599943332374,7616,0.5116,0.0,99804
selection_sort,210,random,3,21945,206,0.0032933999318629503,7616,0.5116,0.0,99804
insertion_sort,210,random,3,10920,10718,0.0033516999101266265,7616,0.5116,0.0,99804
merge_sort,210,random,3,1366,1634,0.0015557999722659588,7616,0.5116,0.0,99804
quick_sort,210,random,3,1501,926,0.0012079000007361174,7616,0.5116,0.0,99804
heap_sort,210,random,3,2595,1430,0.002133699948899448,7616,0.5116,0.0,99804
radix_sort,210,random,3,0,1050,0.00216930010356009,7616,0.5116,0.0,99804
bubble_sort,210,random,4,21917,11431,0.00803919997997582,7616,0.4791,0.0,99310
selection_sort,210,random,4,21945,205,0.0039790000300854445,7616,0.4791,0.0,99310
insertion_sort,210,random,4,11634,11431,0.004229400074109435,7616,0.4791,0.0,99310
merge_sort,210,random,4,1357,1634,0.001701700035482645,7616,0.4791,0.0,99310
quick_sort,210,random,4,1685,951,0.0015371000627055764,7616,0.4791,0.0,99310
heap_sort,210,random,4,2601,1435,0.003843100043013692,7616,0.4791,0.0,99310
radix_sort,210,random,4,0,1050,0.002224600058980286,7616,0.4791,0.0,99310
bubble_sort,210,random,5,21879,10825,0.012272899970412254,7616,0.5067,0.0,99479
selection_sort,210,random,5,21945,201,0.004062000080011785,7616,0.5067,0.0,99479
insertion_sort,210,random,5,11030,10825,0.00396040000487119,7616,0.5067,0.0,99479
merge_sort,210,random,5,1370,1634,0.0017549999756738544,7616,0.5067,0.0,99479
quick_sort,210,random,5,1816,1019,0.0011964000295847654,7616,0.5067,0.0,99479
heap_sort,210,random,5,2598,1449,0.0021386999869719148,7616,0.5067,0.0,99479
radix_sort,210,random,5,0,1050,0.0010438000317662954,7616,0.5067,0.0,99479
bubble_sort,220,random,1,23999,12033,0.007761200075037777,7976,0.5005,0.0045,99036
selection_sort,220,random,1,24090,214,0.006506799953058362,7976,0.5005,0.0045,99036
insertion_sort,220,random,1,12246,12033,0.004794599954038858,7976,0.5005,0.0045,99036
merge_sort,220,random,1,1443,1724,0.001879399991594255,7976,0.5005,0.0045,99036
quick_sort,220,random,1,1582,881,0.0014805999817326665,7976,0.5005,0.0045,99036
heap_sort,220,random,1,2766,1525,0.0022073000436648726,7976,0.5005,0.0045,99036
radix_sort,220,random,1,0,1100,0.0009985999204218388,7976,0.5005,0.0045,99036
bubble_sort,220,random,2,23790,10763,0.005726399947889149,7976,0.5532,0.0,99399
selection_sort,220,random,2,24090,215,0.0032155999215319753,7976,0.5532,0.0,99399
insertion_sort,220,random,2,10979,10763,0.0030617000302299857,7976,0.5532,0.0,99399
merge_sort,220,random,2,1437,1724,0.001209600013680756,7976,0.5532,0.0,99399
quick_sort,220,random,2,1624,865,0.0009140000911429524,7976,0.5532,0.0,99399
heap_sort,220,random,2,2778,1533,0.0014930999604985118,7976,0.5532,0.0,99399
radix_sort,220,random,2,0,1100,0.0008025000570341945,7976,0.5532,0.0,99399
bubble_sort,220,random,3,23814,11912,0.008718499913811684,7976,0.5055,0.0,99392
selection_sort,220,random,3,24090,214,0.0050635000225156546,7976,0.5055,0.0,99392
insertion_sort,220,random,3,12125,11912,0.004285300034098327,7976,0.5055,0.0,99392
merge_sort,220,random,3,1443,1724,0.0012150000547990203,7976,0.5055,0.0,99392
quick_sort,220,random,3,1630,1050,0.001209600013680756,7976,0.5055,0.0,99392
heap_sort,220,random,3,2736,1506,0.0015283001121133566,7976,0.5055,0.0,99392
radix_sort,220,random,3,0,1100,0.0008011999307200313,7976,0.5055,0.0,99392
bubble_sort,220,random,4,24080,13111,0.006336600054055452,7976,0.4557,0.0,99165
selection_sort,220,random,4,24090,211,0.0033912000944837928,7976,0.4557,0.0,99165
insertion_sort,220,random,4,13326,13111,0.00430689996574074,7976,0.4557,0.0,99165
merge_sort,220,random,4,1440,1724,0.0017588000046089292,7976,0.4557,0.0,99165
quick_sort,220,random,4,1973,1219,0.0016589000588282943,7976,0.4557,0.0,99165
heap_sort,220,random,4,2739,1509,0.001766699948348105,7976,0.4557,0.0,99165
radix_sort,220,random,4,0,1100,0.0007908999687060714,7976,0.4557,0.0,99165
bubble_sort,220,random,5,24054,11003,0.006215799949131906,7976,0.5433,0.0045,99279
selection_sort,220,random,5,24090,216,0.003953799954615533,7976,0.5433,0.0045,99279
insertion_sort,220,random,5,11219,11003,0.003177800099365413,7976,0.5433,0.0045,99279
merge_sort,220,random,5,1444,1724,0.001201000064611435,7976,0.5433,0.0045,99279
quick_sort,220,random,5,1860,1068,0.0010316000552847981,7976,0.5433,0.0045,99279
heap_sort,220,random,5,2757,1533,0.001482499996200204,7976,0.5433,0.0045,99279
radix_sort,220,random,5,0,1100,0.0007928999839350581,7976,0.5433,0.0045,99279
bubble_sort,230,random,1,26230,12631,0.006911100004799664,8336,0.5204,0.0,99094
selection_sort,230,random,1,26335,223,0.005015600007027388,8336,0.5204,0.0,99094
insertion_sort,230,random,1,12855,12631,0.005098800058476627,8336,0.5204,0.0,99094
merge_sort,230,random,1,1514,1814,0.0019000000320374966,8336,0.5204,0.0,99094
quick_sort,230,random,1,2042,1070,0.001973700011149049,8336,0.5204,0.0,99094
heap_sort,230,random,1,2905,1605,0.0022539999336004257,8336,0.5204,0.0,99094
radix_sort,230,random,1,0,1150,0.0012138999300077558,8336,0.5204,0.0,99094
bubble_sort,230,random,2,25870,13000,0.009325499995611608,8336,0.5064,0.0,99673
selection_sort,230,random,2,26335,216,0.004925300017930567,8336,0.5064,0.0,99673
insertion_sort,230,random,2,13222,13000,0.005032800021581352,8336,0.5064,0.0,99673
merge_sort,230,random,2,1541,1814,0.002047500107437372,8336,0.5064,0.0,99673
quick_sort,230,random,2,1762,1029,0.0017082999693229795,8336,0.5064,0.0,99673
heap_sort,230,random,2,2931,1622,0.002020200015977025,8336,0.5064,0.0,99673
radix_sort,230,random,2,0,1150,0.0011620000004768372,8336,0.5064,0.0,99673
bubble_sort,230,random,3,26010,13573,0.008020799956284463,8336,0.4846,0.0,98781
selection_sort,230,random,3,26335,227,0.004258099943399429,8336,0.4846,0.0,98781
insertion_sort,230,random,3,13799,13573,0.0038784999633207917,8336,0.4846,0.0,98781
merge_sort,230,random,3,1514,1814,0.0012416000245139003,8336,0.4846,0.0,98781
quick_sort,230,random,3,1902,1081,0.0012803999707102776,8336,0.4846,0.0,98781
heap_sort,230,random,3,2904,1607,0.0020794000010937452,8336,0.4846,0.0,98781
radix_sort,230,random,3,0,1150,0.000839899992570281,8336,0.4846,0.0,98781
bubble_sort,230,random,4,26082,12901,0.006611299933865666,8336,0.5101,0.0,98691
selection_sort,230,random,4,26335,223,0.0035244000609964132,8336,0.5101,0.0,98691
insertion_sort,230,random,4,13126,12901,0.0036360000958666205,8336,0.5101,0.0,98691
merge_sort,230,random,4,1524,1814,0.0012543000048026443,8336,0.5101,0.0,98691
quick_sort,230,random,4,1951,1226,0.0010757000418379903,8336,0.5101,0.0,98691
heap_sort,230,random,4,2917,1621,0.0015613000141456723,8336,0.5101,0.0,98691
radix_sort,230,random,4,0,1150,0.0008289000252261758,8336,0.5101,0.0,98691
bubble_sort,230,random,5,26335,12818,0.011401999974623322,8336,0.5133,0.0,99487
selection_sort,230,random,5,26335,224,0.00357810000423342,8336,0.5133,0.0,99487
insertion_sort,230,random,5,13043,12818,0.0035357000306248665,8336,0.5133,0.0,99487
merge_sort,230,random,5,1523,1814,0.001247999956831336,8336,0.5133,0.0,99487
quick_sort,230,random,5,1670,905,0.0009444999741390347,8336,0.5133,0.0,99487
heap_sort,230,random,5,2909,1598,0.001588999992236495,8336,0.5133,0.0,99487
radix_sort,230,random,5,0,1150,0.0008517999667674303,8336,0.5133,0.0,99487
bubble_sort,240,random,1,28274,14281,0.006960900034755468,8696,0.5021,0.0,99821
selection_sort,240,random,1,28680,235,0.003942399984225631,8696,0.5021,0.0,99821
insertion_sort,240,random,1,14512,14281,0.003952499944716692,8696,0.5021,0.0,99821
merge_sort,240,random,1,1596,1904,0.0013439999893307686,8696,0.5021,0.0,99821
quick_sort,240,random,1,2169,1264,0.0012227999977767467,8696,0.5021,0.0,99821
heap_sort,240,random,1,3063,1681,0.0016270000487565994,8696,0.5021,0.0,99821
radix_sort,240,random,1,0,1200,0.0008662999607622623,8696,0.5021,0.0,99821
bubble_sort,240,random,2,28470,15164,0.007249100017361343,8696,0.4713,0.0,98413
selection_sort,240,random,2,28680,234,0.0038791000843048096,8696,0.4713,0.0,98413
insertion_sort,240,random,2,15401,15164,0.004213300067931414,8696,0.4713,0.0,98413
merge_sort,240,random,2,1600,1904,0.00137339998036623,8696,0.4713,0.0,98413
quick_sort,240,random,2,1792,924,0.0010710000060498714,8696,0.4713,0.0,98413
heap_sort,240,random,2,3044,1676,0.0016292999498546124,8696,0.4713,0.0,98413
radix_sort,240,random,2,0,1200,0.00084910006262362,8696,0.4713,0.0,98413
bubble_sort,240,random,3,28470,13685,0.006940399995073676,8696,0.5228,0.0,99096
selection_sort,240,random,3,28680,235,0.003759999992325902,8696,0.5228,0.0,99096
insertion_sort,240,random,3,13919,13685,0.004637800040654838,8696,0.5228,0.0,99096
merge_sort,240,random,3,1601,1904,0.0013307000044733286,8696,0.5228,0.0,99096
quick_sort,240,random,3,1948,1132,0.0010770000517368317,8696,0.5228,0.0,99096
heap_sort,240,random,3,3072,1709,0.0016531000146642327,8696,0.5228,0.0,99096
radix_sort,240,random,3,0,1200,0.000853199977427721,8696,0.5228,0.0,99096
bubble_sort,240,random,4,28302,15375,0.008258700021542609,8696,0.4639,0.0,99531
selection_sort,240,random,4,28680,235,0.003984399954788387,8696,0.4639,0.0,99531
insertion_sort,240,random,4,15608,15375,0.005144400056451559,8696,0.4639,0.0,99531
merge_sort,240,random,4,1586,1904,0.0013295999960973859,8696,0.4639,0.0,99531
quick_sort,240,random,4,1900,977,0.0011214000405743718,8696,0.4639,0.0,99531
heap_sort,240,random,4,3047,1677,0.0032754000276327133,8696,0.4639,0.0,99531
radix_sort,240,random,4,0,1200,0.002042699954472482,8696,0.4639,0.0,99531
bubble_sort,240,random,5,28380,14427,0.008076600031927228,8696,0.497,0.0,98497
selection_sort,240,random,5,28680,233,0.004361199913546443,8696,0.497,0.0,98497
insertion_sort,240,random,5,14662,14427,0.005533599993214011,8696,0.497,0.0,98497
merge_sort,240,random,5,1588,1904,0.0019413999980315566,8696,0.497,0.0,98497
quick_sort,240,random,5,2176,1418,0.001791600021533668,8696,0.497,0.0,98497
heap_sort,240,random,5,3081,1703,0.0025830999948084354,8696,0.497,0.0,98497
radix_sort,240,random,5,0,1200,0.0012769000604748726,8696,0.497,0.0,98497
bubble_sort,250,random,1,30972,15780,0.011117400019429624,9056,0.493,0.0,99076
selection_sort,250,random,1,31125,240,0.004604700021445751,9056,0.493,0.0,99076
insertion_sort,250,random,1,16024,15780,0.004441099939867854,9056,0.493,0.0,99076
merge_sort,250,random,1,1689,1994,0.0013819999294355512,9056,0.493,0.0,99076
quick_sort,250,random,1,1923,1201,0.001082699978724122,9056,0.493,0.0,99076
heap_sort,250,random,1,3205,1772,0.001725599984638393,9056,0.493,0.0,99076
radix_sort,250,random,1,0,1250,0.0009116999572142959,9056,0.493,0.0,99076
bubble_sort,250,random,2,30935,14900,0.00920059997588396,9056,0.5213,0.0,99444
selection_sort,250,random,2,31125,242,0.004239099915139377,9056,0.5213,0.0,99444
insertion_sort,250,random,2,15147,14900,0.004622999927960336,9056,0.5213,0.0,99444
merge_sort,250,random,2,1688,1994,0.0016138999490067363,9056,0.5213,0.0,99444
quick_sort,250,random,2,2290,1366,0.0012206000974401832,9056,0.5213,0.0,99444
heap_sort,250,random,2,3197,1774,0.0017056000651791692,9056,0.5213,0.0,99444
radix_sort,250,random,2,0,1250,0.0010058999760076404,9056,0.5213,0.0,99444
bubble_sort,250,random,3,31119,15335,0.008797000045888126,9056,0.5073,0.004,99189
selection_sort,250,random,3,31125,243,0.00570849992800504,9056,0.5073,0.004,99189
insertion_sort,250,random,3,15578,15335,0.004468000028282404,9056,0.5073,0.004,99189
merge_sort,250,random,3,1674,1994,0.0013655000366270542,9056,0.5073,0.004,99189
quick_sort,250,random,3,2118,1289,0.0011777000036090612,9056,0.5073,0.004,99189
heap_sort,250,random,3,3213,1776,0.0018186999950557947,9056,0.5073,0.004,99189
radix_sort,250,random,3,0,1250,0.0008871000027284026,9056,0.5073,0.004,99189
bubble_sort,250,random,4,30629,15489,0.0075088999001309276,9056,0.5024,0.0,98228
selection_sort,250,random,4,31125,245,0.004213899956084788,9056,0.5024,0.0,98228
insertion_sort,250,random,4,15733,15489,0.005238699959591031,9056,0.5024,0.0,98228
merge_sort,250,random,4,1674,1994,0.0014021999668329954,9056,0.5024,0.0,98228
quick_sort,250,random,4,1991,1282,0.0011362000368535519,9056,0.5024,0.0,98228
heap_sort,250,random,4,3225,1777,0.0017220999579876661,9056,0.5024,0.0,98228
radix_sort,250,random,4,0,1250,0.0008913999190554023,9056,0.5024,0.0,98228
bubble_sort,250,random,5,31034,16247,0.00851640000473708,9056,0.478,0.004,99118
selection_sort,250,random,5,31125,246,0.004628299968317151,9056,0.478,0.004,99118
insertion_sort,250,random,5,16491,16247,0.00481670000590384,9056,0.478,0.004,99118
merge_sort,250,random,5,1671,1994,0.0025804999750107527,9056,0.478,0.004,99118
quick_sort,250,random,5,1998,1159,0.0014195999829098582,9056,0.478,0.004,99118
heap_sort,250,random,5,3231,1776,0.0018004999728873372,9056,0.478,0.004,99118
radix_sort,250,random,5,0,1250,0.0008939000545069575,9056,0.478,0.004,99118
bubble_sort,260,random,1,33604,17556,0.011919799959287047,9416,0.4786,0.0,99145
selection_sort,260,random,1,33670,254,0.004857199965044856,9416,0.4786,0.0,99145
insertion_sort,260,random,1,17808,17556,0.04838759999256581,9416,0.4786,0.0,99145
merge_sort,260,random,1,1758,2088,0.002370000001974404,9416,0.4786,0.0,99145
quick_sort,260,random,1,2148,1135,0.0017563001019880176,9416,0.4786,0.0,99145
heap_sort,260,random,1,3377,1868,0.0032580000115558505,9416,0.4786,0.0,99145
radix_sort,260,random,1,0,1300,0.0016938000917434692,9416,0.4786,0.0,99145
bubble_sort,260,random,2,33649,17858,0.012449100031517446,9416,0.4696,0.0,99199
selection_sort,260,random,2,33670,256,0.017170399893075228,9416,0.4696,0.0,99199
insertion_sort,260,random,2,18116,17858,0.006236599991098046,9416,0.4696,0.0,99199
merge_sort,260,random,2,1760,2088,0.0026101000839844346,9416,0.4696,0.0,99199
quick_sort,260,random,2,2082,1249,0.0018123999470844865,9416,0.4696,0.0,99199
heap_sort,260,random,2,3364,1856,0.0025546998949721456,9416,0.4696,0.0,99199
radix_sort,260,random,2,0,1300,0.001344099990092218,9416,0.4696,0.0,99199
bubble_sort,260,random,3,33264,17139,0.011560300015844405,9416,0.491,0.0,99937
selection_sort,260,random,3,33670,253,0.00564190000295639,9416,0.491,0.0,99937
insertion_sort,260,random,3,17396,17139,0.005004499922506511,9416,0.491,0.0,99937
merge_sort,260,random,3,1757,2088,0.0014585000462830067,9416,0.491,0.0,99937
quick_sort,260,random,3,2082,1088,0.0011429000878706574,9416,0.491,0.0,99937
heap_sort,260,random,3,3379,1867,0.0030370999593287706,9416,0.491,0.0,99937
radix_sort,260,random,3,0,1300,0.0014355999883264303,9416,0.491,0.0,99937
bubble_sort,260,random,4,33394,17723,0.012603000039234757,9416,0.4736,0.0,99588
selection_sort,260,random,4,33670,253,0.007502500084228814,9416,0.4736,0.0,99588
insertion_sort,260,random,4,17976,17723,0.0070689000422134995,9416,0.4736,0.0,99588
merge_sort,260,random,4,1767,2088,0.002189600025303662,9416,0.4736,0.0,99588
quick_sort,260,random,4,2433,1281,0.0019521999638527632,9416,0.4736,0.0,99588
heap_sort,260,random,4,3370,1851,0.002698599942959845,9416,0.4736,0.0,99588
radix_sort,260,random,4,0,1300,0.0014123000437393785,9416,0.4736,0.0,99588
bubble_sort,260,random,5,33534,19154,0.012439099955372512,9416,0.4311,0.0,98568
selection_sort,260,random,5,33670,252,0.0049313000636175275,9416,0.4311,0.0,98568
insertion_sort,260,random,5,19407,19154,0.00554740009829402,9416,0.4311,0.0,98568
merge_sort,260,random,5,1769,2088,0.0014650000957772136,9416,0.4311,0.0,98568
quick_sort,260,random,5,2090,1155,0.0011583000887185335,9416,0.4311,0.0,98568
heap_sort,260,random,5,3382,1854,0.0018013999797403812,9416,0.4311,0.0,98568
radix_sort,260,random,5,0,1300,0.00091409997548908,9416,0.4311,0.0,98568
bubble_sort,270,random,1,36105,17415,0.010563499992713332,9776,0.5204,0.0037,98666
selection_sort,270,random,1,36315,262,0.005568100023083389,9776,0.5204,0.0037,98666
insertion_sort,270,random,1,17679,17415,0.005161199951544404,9776,0.5204,0.0037,98666
merge_sort,270,random,1,1836,2188,0.001803999999538064,9776,0.5204,0.0037,98666
quick_sort,270,random,1,1906,1223,0.001142099965363741,9776,0.5204,0.0037,98666
heap_sort,270,random,1,3530,1939,0.0019014999270439148,9776,0.5204,0.0037,98666
radix_sort,270,random,1,0,1350,0.001019999966956675,9776,0.5204,0.0037,98666
bubble_sort,270,random,2,36144,17405,0.011812199954874814,9776,0.5207,0.0037,99625
selection_sort,270,random,2,36315,259,0.005706300027668476,9776,0.5207,0.0037,99625
insertion_sort,270,random,2,17666,17405,0.005410099984146655,9776,0.5207,0.0037,99625
merge_sort,270,random,2,1846,2188,0.00239869998767972,9776,0.5207,0.0037,99625
quick_sort,270,random,2,2280,1179,0.0017910999013110995,9776,0.5207,0.0037,99625
heap_sort,270,random,2,3523,1942,0.0025303999427706003,9776,0.5207,0.0037,99625
radix_sort,270,random,2,0,1350,0.0014269000384956598,9776,0.5207,0.0037,99625
bubble_sort,270,random,3,36294,19064,0.010571299935691059,9776,0.475,0.0037,99900
selection_sort,270,random,3,36315,260,0.005595700000412762,9776,0.475,0.0037,99900
insertion_sort,270,random,3,19322,19064,0.007312300032936037,9776,0.475,0.0037,99900
merge_sort,270,random,3,1827,2188,0.0021971999667584896,9776,0.475,0.0037,99900
quick_sort,270,random,3,1959,1223,0.0017522999551147223,9776,0.475,0.0037,99900
heap_sort,270,random,3,3516,1936,0.0026528999442234635,9776,0.475,0.0037,99900
radix_sort,270,random,3,0,1350,0.0010039000771939754,9776,0.475,0.0037,99900
bubble_sort,270,random,4,36249,18373,0.010579800000414252,9776,0.4941,0.0037,99230
selection_sort,270,random,4,36315,261,0.006464200094342232,9776,0.4941,0.0037,99230
insertion_sort,270,random,4,18637,18373,0.006414899951778352,9776,0.4941,0.0037,99230
merge_sort,270,random,4,1848,2188,0.0019272000063210726,9776,0.4941,0.0037,99230
quick_sort,270,random,4,2178,1079,0.0019024000503122807,9776,0.4941,0.0037,99230
heap_sort,270,random,4,3512,1925,0.002687999978661537,9776,0.4941,0.0037,99230
radix_sort,270,random,4,0,1350,0.0015794000355526805,9776,0.4941,0.0037,99230
bubble_sort,270,random,5,36294,18731,0.013503600028343499,9776,0.4842,0.0037,99734
selection_sort,270,random,5,36315,267,0.006660899962298572,9776,0.4842,0.0037,99734
insertion_sort,270,random,5,18991,18731,0.006262099952436984,9776,0.4842,0.0037,99734
merge_sort,270,random,5,1844,2188,0.002947899978607893,9776,0.4842,0.0037,99734
quick_sort,270,random,5,2555,1495,0.002070999937132001,9776,0.4842,0.0037,99734
heap_sort,270,random,5,3535,1949,0.0027664999943226576,9776,0.4842,0.0037,99734
radix_sort,270,random,5,0,1350,0.001375799998641014,9776,0.4842,0.0037,99734
bubble_sort,280,random,1,38784,18672,0.01365610002540052,10136,0.522,0.0,99327
selection_sort,280,random,1,39060,268,0.00938750000204891,10136,0.522,0.0,99327
insertion_sort,280,random,1,18943,18672,0.006927899899892509,10136,0.522,0.0,99327
merge_sort,280,random,1,1924,2288,0.001609400031156838,10136,0.522,0.0,99327
quick_sort,280,random,1,2119,1257,0.001955399988219142,10136,0.522,0.0,99327
heap_sort,280,random,1,3674,2016,0.0037960000336170197,10136,0.522,0.0,99327
radix_sort,280,random,1,0,1400,0.0014645999763160944,10136,0.522,0.0,99327
bubble_sort,280,random,2,39024,20164,0.014617800014093518,10136,0.4838,0.0,99738
selection_sort,280,random,2,39060,274,0.006223600008524954,10136,0.4838,0.0,99738
insertion_sort,280,random,2,20440,20164,0.0077408000361174345,10136,0.4838,0.0,99738
merge_sort,280,random,2,1937,2288,0.0025437999283894897,10136,0.4838,0.0,99738
quick_sort,280,random,2,2398,1382,0.0026989999460056424,10136,0.4838,0.0,99738
heap_sort,280,random,2,3702,2040,0.003224099986255169,10136,0.4838,0.0,99738
radix_sort,280,random,2,0,1400,0.001615599961951375,10136,0.4838,0.0,99738
bubble_sort,280,random,3,38709,18547,0.013222099980339408,10136,0.5252,0.0,99369
selection_sort,280,random,3,39060,273,0.00798590003978461,10136,0.5252,0.0,99369
insertion_sort,280,random,3,18822,18547,0.0072218000423163176,10136,0.5252,0.0,99369
merge_sort,280,random,3,1915,2288,0.002442300086840987,10136,0.5252,0.0,99369
quick_sort,280,random,3,2346,1226,0.0019435000140219927,10136,0.5252,0.0,99369
heap_sort,280,random,3,3695,2033,0.002898199949413538,10136,0.5252,0.0,99369
radix_sort,280,random,3,0,1400,0.001406000112183392,10136,0.5252,0.0,99369
bubble_sort,280,random,4,38430,18794,0.01255210000090301,10136,0.5188,0.0,99261
selection_sort,280,random,4,39060,274,0.006238500005565584,10136,0.5188,0.0,99261
insertion_sort,280,random,4,19067,18794,0.0068622000981122255,10136,0.5188,0.0,99261
merge_sort,280,random,4,1920,2288,0.002396399970166385,10136,0.5188,0.0,99261
quick_sort,280,random,4,2440,1298,0.0013892999850213528,10136,0.5188,0.0,99261
heap_sort,280,random,4,3690,2034,0.002145000034943223,10136,0.5188,0.0,99261
radix_sort,280,random,4,0,1400,0.0011709000682458282,10136,0.5188,0.0,99261
bubble_sort,280,random,5,38760,18182,0.011377500020898879,10136,0.5345,0.0,98264
selection_sort,280,random,5,39060,270,0.007241800078190863,10136,0.5345,0.0,98264
insertion_sort,280,random,5,18457,18182,0.006185600068420172,10136,0.5345,0.0,98264
merge_sort,280,random,5,1923,2288,0.002042400068603456,10136,0.5345,0.0,98264
quick_sort,280,random,5,2277,1423,0.0019696999806910753,10136,0.5345,0.0,98264
heap_sort,280,random,5,3698,2058,0.002507800003513694,10136,0.5345,0.0,98264
radix_sort,280,random,5,0,1400,0.0010783999459818006,10136,0.5345,0.0,98264
bubble_sort,290,random,1,41674,21113,0.013228700030595064,10496,0.4962,0.0069,98630
selection_sort,290,random,1,41905,284,0.0071313000516965985,10496,0.4962,0.0069,98630
insertion_sort,290,random,1,21400,21113,0.00721539999358356,10496,0.4962,0.0069,98630
merge_sort,290,random,1,2010,2388,0.002355600008741021,10496,0.4962,0.0069,98630
quick_sort,290,random,1,2559,1565,0.0020401999354362488,10496,0.4962,0.0069,98630
heap_sort,290,random,1,3875,2139,0.003114800085313618,10496,0.4962,0.0069,98630
radix_sort,290,random,1,0,1450,0.001500000013038516,10496,0.4962,0.0069,98630
bubble_sort,290,random,2,41044,21082,0.013210399891249835,10496,0.4969,0.0,99695
selection_sort,290,random,2,41905,280,0.007607799954712391,10496,0.4969,0.0,99695
insertion_sort,290,random,2,21367,21082,0.007875100011005998,10496,0.4969,0.0,99695
merge_sort,290,random,2,2020,2388,0.0027454999508336186,10496,0.4969,0.0,99695
quick_sort,290,random,2,2533,1354,0.0027713000308722258,10496,0.4969,0.0,99695
heap_sort,290,random,2,3865,2136,0.0033793000038713217,10496,0.4969,0.0,99695
radix_sort,290,random,2,0,1450,0.0029162000864744186,10496,0.4969,0.0,99695
bubble_sort,290,random,3,41769,20978,0.015548499999567866,10496,0.4994,0.0,99409
selection_sort,290,random,3,41905,280,0.008853800012730062,10496,0.4994,0.0,99409
insertion_sort,290,random,3,21262,20978,0.01337139995303005,10496,0.4994,0.0,99409
merge_sort,290,random,3,2015,2388,0.0035487000131979585,10496,0.4994,0.0,99409
quick_sort,290,random,3,2404,1551,0.0022687999298796058,10496,0.4994,0.0,99409
heap_sort,290,random,3,3864,2120,0.0030994999688118696,10496,0.4994,0.0,99409
radix_sort,290,random,3,0,1450,0.0015310000162571669,10496,0.4994,0.0,99409
bubble_sort,290,random,4,41695,21078,0.015581000014208257,10496,0.497,0.0,99969
selection_sort,290,random,4,41905,280,0.0075131000485271215,10496,0.497,0.0,99969
insertion_sort,290,random,4,21362,21078,0.0076917000114917755,10496,0.497,0.0,99969
merge_sort,290,random,4,2002,2388,0.0026129999896511436,10496,0.497,0.0,99969
quick_sort,290,random,4,2440,1473,0.002121899975463748,10496,0.497,0.0,99969
heap_sort,290,random,4,3851,2106,0.003055199980735779,10496,0.497,0.0,99969
radix_sort,290,random,4,0,1450,0.0017770000267773867,10496,0.497,0.0,99969
bubble_sort,290,random,5,41814,21844,0.017745800083503127,10496,0.4787,0.0,99680
selection_sort,290,random,5,41905,284,0.009232099982909858,10496,0.4787,0.0,99680
insertion_sort,290,random,5,22130,21844,0.008656700025312603,10496,0.4787,0.0,99680
merge_sort,290,random,5,2019,2388,0.0023647999623790383,10496,0.4787,0.0,99680
quick_sort,290,random,5,2452,1413,0.0027364999987185,10496,0.4787,0.0,99680
heap_sort,290,random,5,3841,2106,0.0032357999589294195,10496,0.4787,0.0,99680
radix_sort,290,random,5,0,1450,0.00142990006133914,10496,0.4787,0.0,99680
bubble_sort,300,random,1,44795,23779,0.016172699979506433,10856,0.4698,0.0,99574
selection_sort,300,random,1,44850,293,0.00847899995278567,10856,0.4698,0.0,99574
insertion_sort,300,random,1,24073,23779,0.006669500027783215,10856,0.4698,0.0,99574
merge_sort,300,random,1,2108,2488,0.002076699980534613,10856,0.4698,0.0,99574
quick_sort,300,random,1,2513,1739,0.0020005000988021493,10856,0.4698,0.0,99574
heap_sort,300,random,1,4009,2193,0.0023204999743029475,10856,0.4698,0.0,99574
radix_sort,300,random,1,0,1500,0.0012601999333128333,10856,0.4698,0.0,99574
bubble_sort,300,random,2,44784,21225,0.01525609998498112,10856,0.5268,0.0,99132
selection_sort,300,random,2,44850,295,0.008855899912305176,10856,0.5268,0.0,99132
insertion_sort,300,random,2,21516,21225,0.007428700104355812,10856,0.5268,0.0,99132
merge_sort,300,random,2,2108,2488,0.0024373000487685204,10856,0.5268,0.0,99132
quick_sort,300,random,2,2468,1256,0.0015066000632941723,10856,0.5268,0.0,99132
heap_sort,300,random,2,4034,2243,0.0024139999877661467,10856,0.5268,0.0,99132
radix_sort,300,random,2,0,1500,0.001146299997344613,10856,0.5268,0.0,99132
bubble_sort,300,random,3,44322,23843,0.012392399949021637,10856,0.4684,0.0,98087
selection_sort,300,random,3,44850,293,0.0063186000334098935,10856,0.4684,0.0,98087
insertion_sort,300,random,3,24135,23843,0.006770799984224141,10856,0.4684,0.0,98087
merge_sort,300,random,3,2084,2488,0.0017257999861612916,10856,0.4684,0.0,98087
quick_sort,300,random,3,2484,1336,0.0013808999210596085,10856,0.4684,0.0,98087
heap_sort,300,random,3,4008,2195,0.0021759000374004245,10856,0.4684,0.0,98087
radix_sort,300,random,3,0,1500,0.0011006999993696809,10856,0.4684,0.0,98087
bubble_sort,300,random,4,44772,22427,0.01209999993443489,10856,0.5,0.0033,99683
selection_sort,300,random,4,44850,296,0.008884499897249043,10856,0.5,0.0033,99683
insertion_sort,300,random,4,22725,22427,0.008885600022040308,10856,0.5,0.0033,99683
merge_sort,300,random,4,2098,2488,0.0027104999171569943,10856,0.5,0.0033,99683
quick_sort,300,random,4,2477,1390,0.002099800040014088,10856,0.5,0.0033,99683
heap_sort,300,random,4,4024,2210,0.003141899942420423,10856,0.5,0.0033,99683
radix_sort,300,random,4,0,1500,0.0016540000215172768,10856,0.5,0.0033,99683
bubble_sort,300,random,5,44574,22782,0.015772900078445673,10856,0.492,0.01,99828
selection_sort,300,random,5,44850,294,0.008863400085829198,10856,0.492,0.01,99828
insertion_sort,300,random,5,23074,22782,0.009597100084647536,10856,0.492,0.01,99828
merge_sort,300,random,5,2103,2488,0.0027389000169932842,10856,0.492,0.01,99828
quick_sort,300,random,5,2446,1470,0.0021254000021144748,10856,0.492,0.01,99828
heap_sort,300,random,5,4024,2200,0.0031172999879345298,10856,0.492,0.01,99828
radix_sort,300,random,5,0,1500,0.0015806999290362,10856,0.492,0.01,99828
bubble_sort,310,random,1,47759,23539,0.015483699971809983,11216,0.5085,0.0,99828
selection_sort,310,random,1,47895,305,0.009203299996443093,11216,0.5085,0.0,99828
insertion_sort,310,random,1,23846,23539,0.009431300102733076,11216,0.5085,0.0,99828
merge_sort,310,random,1,2190,2588,0.002407300053164363,11216,0.5085,0.0,99828
quick_sort,310,random,1,3046,1797,0.002404299913905561,11216,0.5085,0.0,99828
heap_sort,310,random,1,4202,2303,0.0033967000199481845,11216,0.5085,0.0,99828
radix_sort,310,random,1,0,1550,0.001422800007276237,11216,0.5085,0.0,99828
bubble_sort,310,random,2,47742,24075,0.017299599945545197,11216,0.4973,0.0,99526
selection_sort,310,random,2,47895,303,0.00926160009112209,11216,0.4973,0.0,99526
insertion_sort,310,random,2,24377,24075,0.008825499913655221,11216,0.4973,0.0,99526
merge_sort,310,random,2,2186,2588,0.002480900031514466,11216,0.4973,0.0,99526
quick_sort,310,random,2,2863,1590,0.0019103999948129058,11216,0.4973,0.0,99526
heap_sort,310,random,2,4197,2307,0.0027846000157296658,11216,0.4973,0.0,99526
radix_sort,310,random,2,0,1550,0.002837299951352179,11216,0.4973,0.0,99526
bubble_sort,310,random,3,47894,25180,0.01791980001144111,11216,0.4743,0.0,98971
selection_sort,310,random,3,47895,306,0.008342100074514747,11216,0.4743,0.0,98971
insertion_sort,310,random,3,25481,25180,0.00743030000012368,11216,0.4743,0.0,98971
merge_sort,310,random,3,2181,2588,0.0022545000538229942,11216,0.4743,0.0,98971
quick_sort,310,random,3,2530,1347,0.0016762000741437078,11216,0.4743,0.0,98971
heap_sort,310,random,3,4165,2278,0.002931400085799396,11216,0.4743,0.0,98971
radix_sort,310,random,3,0,1550,0.0018402000423520803,11216,0.4743,0.0,98971
bubble_sort,310,random,4,47829,23346,0.019543200032785535,11216,0.5126,0.0,98388
selection_sort,310,random,4,47895,302,0.010029400000348687,11216,0.5126,0.0,98388
insertion_sort,310,random,4,23648,23346,0.011546800029464066,11216,0.5126,0.0,98388
merge_sort,310,random,4,2190,2588,0.0031235000351443887,11216,0.5126,0.0,98388
quick_sort,310,random,4,3001,1903,0.0022823000326752663,11216,0.5126,0.0,98388
heap_sort,310,random,4,4196,2298,0.0029588000616058707,11216,0.5126,0.0,98388
radix_sort,310,random,4,0,1550,0.0016713999211788177,11216,0.5126,0.0,98388
bubble_sort,310,random,5,46719,21458,0.015522300032898784,11216,0.552,0.0032,99967
selection_sort,310,random,5,47895,300,0.008980700047686696,11216,0.552,0.0032,99967
insertion_sort,310,random,5,21764,21458,0.008652299991808832,11216,0.552,0.0032,99967
merge_sort,310,random,5,2198,2588,0.002778799971565604,11216,0.552,0.0032,99967
quick_sort,310,random,5,2551,1376,0.0021284999093040824,11216,0.552,0.0032,99967
heap_sort,310,random,5,4222,2329,0.0033961000153794885,11216,0.552,0.0032,99967
radix_sort,310,random,5,0,1550,0.0017001000232994556,11216,0.552,0.0032,99967
bubble_sort,320,random,1,51030,26197,0.018751899944618344,11576,0.4867,0.0,98878
selection_sort,320,random,1,51040,313,0.009279499994590878,11576,0.4867,0.0,98878
insertion_sort,320,random,1,26512,26197,0.007765999995172024,11576,0.4867,0.0,98878
merge_sort,320,random,1,2270,2688,0.002491299994289875,11576,0.4867,0.0,98878
quick_sort,320,random,1,3066,1823,0.0028841999592259526,11576,0.4867,0.0,98878
heap_sort,320,random,1,4367,2387,0.003789299982599914,11576,0.4867,0.0,98878
radix_sort,320,random,1,0,1600,0.0019458000315353274,11576,0.4867,0.0,98878
bubble_sort,320,random,2,50374,24129,0.013924899976700544,11576,0.5273,0.0,99529
selection_sort,320,random,2,51040,317,0.010633999947458506,11576,0.5273,0.0,99529
insertion_sort,320,random,2,24445,24129,0.008527199970558286,11576,0.5273,0.0,99529
merge_sort,320,random,2,2259,2688,0.00197500002104789,11576,0.5273,0.0,99529
quick_sort,320,random,2,3300,1888,0.0017332000425085425,11576,0.5273,0.0,99529
heap_sort,320,random,2,4378,2409,0.005779200000688434,11576,0.5273,0.0,99529
radix_sort,320,random,2,0,1600,0.0012199999764561653,11576,0.5273,0.0,99529
bubble_sort,320,random,3,50995,25606,0.012887999997474253,11576,0.4983,0.0031,99583
selection_sort,320,random,3,51040,310,0.012939299922436476,11576,0.4983,0.0031,99583
insertion_sort,320,random,3,25916,25606,0.008938899962231517,11576,0.4983,0.0031,99583
merge_sort,320,random,3,2283,2688,0.002439300063997507,11576,0.4983,0.0031,99583
quick_sort,320,random,3,3434,2396,0.002514299936592579,11576,0.4983,0.0031,99583
heap_sort,320,random,3,4338,2390,0.0035454999888315797,11576,0.4983,0.0031,99583
radix_sort,320,random,3,0,1600,0.0018091000383719802,11576,0.4983,0.0031,99583
bubble_sort,320,random,4,50920,24611,0.018250999972224236,11576,0.5178,0.0031,98949
selection_sort,320,random,4,51040,317,0.010613299906253815,11576,0.5178,0.0031,98949
insertion_sort,320,random,4,24927,24611,0.009847900015302002,11576,0.5178,0.0031,98949
merge_sort,320,random,4,2258,2688,0.0030589000089094043,11576,0.5178,0.0031,98949
quick_sort,320,random,4,2617,1432,0.002257599961012602,11576,0.5178,0.0031,98949
heap_sort,320,random,4,4352,2386,0.003540599951520562,11576,0.5178,0.0031,98949
radix_sort,320,random,4,0,1600,0.001805500010959804,11576,0.5178,0.0031,98949
bubble_sort,320,random,5,50974,23676,0.01727870001923293,11576,0.5361,0.0,98505
selection_sort,320,random,5,51040,314,0.009831200004555285,11576,0.5361,0.0,98505
insertion_sort,320,random,5,23992,23676,0.009752599988132715,11576,0.5361,0.0,98505
merge_sort,320,random,5,2258,2688,0.0030110999941825867,11576,0.5361,0.0,98505
quick_sort,320,random,5,2787,1640,0.0024691999424248934,11576,0.5361,0.0,98505
heap_sort,320,random,5,4365,2402,0.004315599915571511,11576,0.5361,0.0,98505
radix_sort,320,random,5,0,1600,0.0020010999869555235,11576,0.5361,0.0,98505
bubble_sort,330,random,1,54249,29327,0.02050540002528578,11936,0.4598,0.0,99925
selection_sort,330,random,1,54285,323,0.008690600050613284,11936,0.4598,0.0,99925
insertion_sort,330,random,1,29650,29327,0.008395000011660159,11936,0.4598,0.0,99925
merge_sort,330,random,1,2355,2788,0.0030305000254884362,11936,0.4598,0.0,99925
quick_sort,330,random,1,2749,1417,0.0026397000765427947,11936,0.4598,0.0,99925
heap_sort,330,random,1,4518,2465,0.003585799946449697,11936,0.4598,0.0,99925
radix_sort,330,random,1,0,1650,0.0018415000522509217,11936,0.4598,0.0,99925
bubble_sort,330,random,2,53907,26595,0.01984159997664392,11936,0.5101,0.0,99249
selection_sort,330,random,2,54285,323,0.011471300036646426,11936,0.5101,0.0,99249
insertion_sort,330,random,2,26920,26595,0.010952699929475784,11936,0.5101,0.0,99249
merge_sort,330,random,2,2366,2788,0.0029981000116094947,11936,0.5101,0.0,99249
quick_sort,330,random,2,3232,1915,0.002881099935621023,11936,0.5101,0.0,99249
heap_sort,330,random,2,4542,2497,0.003969600074924529,11936,0.5101,0.0,99249
radix_sort,330,random,2,0,1650,0.0019887000089511275,11936,0.5101,0.0,99249
bubble_sort,330,random,3,54032,26558,0.019234900013543665,11936,0.5108,0.0,98978
selection_sort,330,random,3,54285,322,0.01058599993120879,11936,0.5108,0.0,98978
insertion_sort,330,random,3,26883,26558,0.00791319995187223,11936,0.5108,0.0,98978
merge_sort,330,random,3,2347,2788,0.0019805999472737312,11936,0.5108,0.0,98978
quick_sort,330,random,3,3100,1530,0.0019125998951494694,11936,0.5108,0.0,98978
heap_sort,330,random,3,4511,2464,0.0037511999253183603,11936,0.5108,0.0,98978
radix_sort,330,random,3,0,1650,0.0026739001041278243,11936,0.5108,0.0,98978
bubble_sort,330,random,4,54075,28242,0.01977939996868372,11936,0.4797,0.003,99524
selection_sort,330,random,4,54285,323,0.008723300066776574,11936,0.4797,0.003,99524
insertion_sort,330,random,4,28565,28242,0.010179699980653822,11936,0.4797,0.003,99524
merge_sort,330,random,4,2362,2788,0.0032715999986976385,11936,0.4797,0.003,99524
quick_sort,330,random,4,2613,1367,0.00239719997625798,11936,0.4797,0.003,99524
heap_sort,330,random,4,4530,2475,0.0034759999252855778,11936,0.4797,0.003,99524
radix_sort,330,random,4,0,1650,0.0014886000426486135,11936,0.4797,0.003,99524
bubble_sort,330,random,5,53757,27477,0.016179900034330785,11936,0.4938,0.0,99694
selection_sort,330,random,5,54285,319,0.00783759995829314,11936,0.4938,0.0,99694
insertion_sort,330,random,5,27803,27477,0.007813800009898841,11936,0.4938,0.0,99694
merge_sort,330,random,5,2366,2788,0.001962800044566393,11936,0.4938,0.0,99694
quick_sort,330,random,5,2842,1672,0.0015917998971417546,11936,0.4938,0.0,99694
heap_sort,330,random,5,4534,2493,0.0031933001009747386,11936,0.4938,0.0,99694
radix_sort,330,random,5,0,1650,0.001839200034737587,11936,0.4938,0.0,99694
bubble_sort,340,random,1,57354,28379,0.018219999969005585,12296,0.5076,0.0,99850
selection_sort,340,random,1,57630,333,0.011246099951677024,12296,0.5076,0.0,99850
insertion_sort,340,random,1,28712,28379,0.011070800013840199,12296,0.5076,0.0,99850
merge_sort,340,random,1,2438,2888,0.002798300003632903,12296,0.5076,0.0,99850
quick_sort,340,random,1,3294,1860,0.002165699959732592,12296,0.5076,0.0,99850
heap_sort,340,random,1,4676,2557,0.0037175000179558992,12296,0.5076,0.0,99850
radix_sort,340,random,1,0,1700,0.0018564999336376786,12296,0.5076,0.0,99850
bubble_sort,340,random,2,57585,30480,0.019375500036403537,12296,0.4711,0.0029,99273
selection_sort,340,random,2,57630,336,0.009071400039829314,12296,0.4711,0.0029,99273
insertion_sort,340,random,2,30810,30480,0.01241129997652024,12296,0.4711,0.0029,99273
merge_sort,340,random,2,2457,2888,0.0032313999254256487,12296,0.4711,0.0029,99273
quick_sort,340,random,2,3268,1873,0.0027604999486356974,12296,0.4711,0.0029,99273
heap_sort,340,random,2,4737,2582,0.0039950000355020165,12296,0.4711,0.0029,99273
radix_sort,340,random,2,0,1700,0.001942100003361702,12296,0.4711,0.0029,99273
bubble_sort,340,random,3,57000,27768,0.025941200088709593,12296,0.5182,0.0059,99603
selection_sort,340,random,3,57630,332,0.012416100013069808,12296,0.5182,0.0059,99603
insertion_sort,340,random,3,28101,27768,0.01165280002169311,12296,0.5182,0.0059,99603
merge_sort,340,random,3,2451,2888,0.0034932999406009912,12296,0.5182,0.0059,99603
quick_sort,340,random,3,3000,1539,0.004098700010217726,12296,0.5182,0.0059,99603
heap_sort,340,random,3,4685,2552,0.005312300054356456,12296,0.5182,0.0059,99603
radix_sort,340,random,3,0,1700,0.0018100000452250242,12296,0.5182,0.0059,99603
bubble_sort,340,random,4,57627,28996,0.02058699994813651,12296,0.4969,0.0029,99738
selection_sort,340,random,4,57630,334,0.0108140999218449,12296,0.4969,0.0029,99738
insertion_sort,340,random,4,29328,28996,0.010261500021442771,12296,0.4969,0.0029,99738
merge_sort,340,random,4,2424,2888,0.0020433999598026276,12296,0.4969,0.0029,99738
quick_sort,340,random,4,2872,1656,0.0016023999778553843,12296,0.4969,0.0029,99738
heap_sort,340,random,4,4662,2553,0.002475299988873303,12296,0.4969,0.0029,99738
radix_sort,340,random,4,0,1700,0.0012736000353470445,12296,0.4969,0.0029,99738
bubble_sort,340,random,5,57477,32406,0.015134699991904199,12296,0.4377,0.0,98246
selection_sort,340,random,5,57630,336,0.008122900035232306,12296,0.4377,0.0,98246
insertion_sort,340,random,5,32741,32406,0.008969199960120022,12296,0.4377,0.0,98246
merge_sort,340,random,5,2454,2888,0.0022309001069515944,12296,0.4377,0.0,98246
quick_sort,340,random,5,3158,1621,0.0017207000637426972,12296,0.4377,0.0,98246
heap_sort,340,random,5,4655,2534,0.002465600031428039,12296,0.4377,0.0,98246
radix_sort,340,random,5,0,1700,0.0012969999806955457,12296,0.4377,0.0,98246
bubble_sort,350,random,1,60885,31647,0.015717200003564358,12656,0.4818,0.0,99870
selection_sort,350,random,1,61075,347,0.009234400000423193,12656,0.4818,0.0,99870
insertion_sort,350,random,1,31988,31647,0.008696199976839125,12656,0.4818,0.0,99870
merge_sort,350,random,1,2528,2988,0.0020963000133633614,12656,0.4818,0.0,99870
quick_sort,350,random,1,3009,1586,0.001645199954509735,12656,0.4818,0.0,99870
heap_sort,350,random,1,4820,2633,0.0029903999529778957,12656,0.4818,0.0,99870
radix_sort,350,random,1,0,1750,0.0016428000526502728,12656,0.4818,0.0,99870
bubble_sort,350,random,2,59947,29241,0.016457799938507378,12656,0.5212,0.0029,99187
selection_sort,350,random,2,61075,345,0.008783499943092465,12656,0.5212,0.0029,99187
insertion_sort,350,random,2,29587,29241,0.008238800102844834,12656,0.5212,0.0029,99187
merge_sort,350,random,2,2511,2988,0.00209349999204278,12656,0.5212,0.0029,99187
quick_sort,350,random,2,3391,2047,0.0018242000369355083,12656,0.5212,0.0029,99187
heap_sort,350,random,2,4854,2675,0.0025777999544516206,12656,0.5212,0.0029,99187
radix_sort,350,random,2,0,1750,0.0013441999908536673,12656,0.5212,0.0029,99187
bubble_sort,350,random,3,60514,30743,0.015707400045357645,12656,0.4966,0.0,99699
selection_sort,350,random,3,61075,343,0.008921500062569976,12656,0.4966,0.0,99699
insertion_sort,350,random,3,31088,30743,0.010073999990709126,12656,0.4966,0.0,99699
merge_sort,350,random,3,2532,2988,0.002087899949401617,12656,0.4966,0.0,99699
quick_sort,350,random,3,3184,1714,0.0016994000179693103,12656,0.4966,0.0,99699
heap_sort,350,random,3,4840,2641,0.002600700012408197,12656,0.4966,0.0,99699
radix_sort,350,random,3,0,2100,0.0015490999212488532,12656,0.4966,0.0,99699
bubble_sort,350,random,4,60724,30351,0.015821599983610213,12656,0.5031,0.0,99226
selection_sort,350,random,4,61075,345,0.009169199969619513,12656,0.5031,0.0,99226
insertion_sort,350,random,4,30696,30351,0.008689100039191544,12656,0.5031,0.0,99226
merge_sort,350,random,4,2521,2988,0.002107099979184568,12656,0.5031,0.0,99226
quick_sort,350,random,4,2856,1589,0.001603199983946979,12656,0.5031,0.0,99226
heap_sort,350,random,4,4843,2653,0.002583299996331334,12656,0.5031,0.0,99226
radix_sort,350,random,4,0,1750,0.001294999965466559,12656,0.5031,0.0,99226
bubble_sort,350,random,5,60610,29028,0.01929630001541227,12656,0.5247,0.0,99283
selection_sort,350,random,5,61075,342,0.012877399916760623,12656,0.5247,0.0,99283
insertion_sort,350,random,5,29375,29028,0.01292260002810508,12656,0.5247,0.0,99283
merge_sort,350,random,5,2540,2988,0.003060300019569695,12656,0.5247,0.0,99283
quick_sort,350,random,5,3477,2013,0.0038920999504625797,12656,0.5247,0.0,99283
heap_sort,350,random,5,4867,2674,0.003665299969725311,12656,0.5247,0.0,99283
radix_sort,350,random,5,0,1750,0.0013265999732539058,12656,0.5247,0.0,99283
bubble_sort,360,random,1,64430,32747,0.016736699966713786,13016,0.4932,0.0,98977
selection_sort,360,random,1,64620,353,0.009450400015339255,13016,0.4932,0.0,98977
insertion_sort,360,random,1,33102,32747,0.009304000064730644,13016,0.4932,0.0,98977
merge_sort,360,random,1,2602,3088,0.00216180004645139,13016,0.4932,0.0,98977
quick_sort,360,random,1,3143,1505,0.0016680000117048621,13016,0.4932,0.0,98977
heap_sort,360,random,1,5023,2747,0.002971600042656064,13016,0.4932,0.0,98977
radix_sort,360,random,1,0,1800,0.0013426999794319272,13016,0.4932,0.0,98977
bubble_sort,360,random,2,64575,31407,0.016288500046357512,13016,0.514,0.0,99338
selection_sort,360,random,2,64620,349,0.011453200015239418,13016,0.514,0.0,99338
insertion_sort,360,random,2,31759,31407,0.010666599962860346,13016,0.514,0.0,99338
merge_sort,360,random,2,2621,3088,0.002199699985794723,13016,0.514,0.0,99338
quick_sort,360,random,2,2959,1745,0.0016922000795602798,13016,0.514,0.0,99338
heap_sort,360,random,2,5034,2769,0.0027015000814571977,13016,0.514,0.0,99338
radix_sort,360,random,2,0,1800,0.0013744999887421727,13016,0.514,0.0,99338
bubble_sort,360,random,3,64269,31741,0.016685000038705766,13016,0.5088,0.0,99282
selection_sort,360,random,3,64620,353,0.009870900074020028,13016,0.5088,0.0,99282
insertion_sort,360,random,3,32095,31741,0.009425199939869344,13016,0.5088,0.0,99282
merge_sort,360,random,3,2623,3088,0.0025614999467507005,13016,0.5088,0.0,99282
quick_sort,360,random,3,3104,1775,0.0017151000211015344,13016,0.5088,0.0,99282
heap_sort,360,random,3,5033,2743,0.0026647000340744853,13016,0.5088,0.0,99282
radix_sort,360,random,3,0,1800,0.0013649000320583582,13016,0.5088,0.0,99282
bubble_sort,360,random,4,64242,31740,0.016832199995405972,13016,0.5088,0.0028,99670
selection_sort,360,random,4,64620,356,0.01166159997228533,13016,0.5088,0.0028,99670
insertion_sort,360,random,4,32097,31740,0.009316600044257939,13016,0.5088,0.0028,99670
merge_sort,360,random,4,2612,3088,0.0070183000061661005,13016,0.5088,0.0028,99670
quick_sort,360,random,4,3032,1631,0.0026385000674054027,13016,0.5088,0.0028,99670
heap_sort,360,random,4,5040,2756,0.004032900091260672,13016,0.5088,0.0028,99670
radix_sort,360,random,4,0,1800,0.0020352000137791038,13016,0.5088,0.0028,99670
bubble_sort,360,random,5,64599,31028,0.024031300097703934,13016,0.5198,0.0028,99515
selection_sort,360,random,5,64620,350,0.05369299999438226,13016,0.5198,0.0028,99515
insertion_sort,360,random,5,31383,31028,0.01410950010176748,13016,0.5198,0.0028,99515
merge_sort,360,random,5,2602,3088,0.004026699927635491,13016,0.5198,0.0028,99515
quick_sort,360,random,5,3469,2083,0.00253649998921901,13016,0.5198,0.0028,99515
heap_sort,360,random,5,5019,2752,0.003225899999961257,13016,0.5198,0.0028,99515
radix_sort,360,random,5,0,1800,0.0019620999228209257,13016,0.5198,0.0028,99515
bubble_sort,370,random,1,68012,31447,0.05363099998794496,13376,0.5393,0.0054,99742
selection_sort,370,random,1,68265,365,0.016733499942347407,13376,0.5393,0.0054,99742
insertion_sort,370,random,1,31812,31447,0.012160099926404655,13376,0.5393,0.0054,99742
merge_sort,370,random,1,2695,3188,0.002526399912312627,13376,0.5393,0.0054,99742
quick_sort,370,random,1,3645,2381,0.0020127000752836466,13376,0.5393,0.0054,99742
heap_sort,370,random,1,5207,2866,0.003413400030694902,13376,0.5393,0.0054,99742
radix_sort,370,random,1,0,1850,0.002052700030617416,13376,0.5393,0.0054,99742
bubble_sort,370,random,2,68094,33886,0.023718700045719743,13376,0.5036,0.0,98875
selection_sort,370,random,2,68265,362,0.012855999986641109,13376,0.5036,0.0,98875
insertion_sort,370,random,2,34248,33886,0.010165799991227686,13376,0.5036,0.0,98875
merge_sort,370,random,2,2683,3188,0.0022345000179484487,13376,0.5036,0.0,98875
quick_sort,370,random,2,3030,1840,0.0017605999018996954,13376,0.5036,0.0,98875
heap_sort,370,random,2,5191,2828,0.0028445000061765313,13376,0.5036,0.0,98875
radix_sort,370,random,2,0,1850,0.0013914000010117888,13376,0.5036,0.0,98875
bubble_sort,370,random,3,67704,36628,0.017849700059741735,13376,0.4634,0.0027,99808
selection_sort,370,random,3,68265,364,0.010371199925430119,13376,0.4634,0.0027,99808
insertion_sort,370,random,3,36993,36628,0.010522200027480721,13376,0.4634,0.0027,99808
merge_sort,370,random,3,2708,3188,0.0022348000202327967,13376,0.4634,0.0027,99808
quick_sort,370,random,3,3086,1725,0.0016985000111162663,13376,0.4634,0.0027,99808
heap_sort,370,random,3,5132,2801,0.0027350999880582094,13376,0.4634,0.0027,99808
radix_sort,370,random,3,0,1850,0.0014156000688672066,13376,0.4634,0.0027,99808
bubble_sort,370,random,4,68264,34130,0.017677800031378865,13376,0.5,0.0054,99934
selection_sort,370,random,4,68265,365,0.010297899949364364,13376,0.5,0.0054,99934
insertion_sort,370,random,4,34495,34130,0.010000000009313226,13376,0.5,0.0054,99934
merge_sort,370,random,4,2704,3188,0.002250000019557774,13376,0.5,0.0054,99934
quick_sort,370,random,4,3308,1851,0.0018034999957308173,13376,0.5,0.0054,99934
heap_sort,370,random,4,5184,2827,0.0028087999671697617,13376,0.5,0.0054,99934
radix_sort,370,random,4,0,1850,0.001404500100761652,13376,0.5,0.0054,99934
bubble_sort,370,random,5,67737,33961,0.01785339997150004,13376,0.5025,0.0,99872
selection_sort,370,random,5,68265,359,0.010469899978488684,13376,0.5025,0.0,99872
insertion_sort,370,random,5,34321,33961,0.013556799967773259,13376,0.5025,0.0,99872
merge_sort,370,random,5,2708,3188,0.0022586999693885446,13376,0.5025,0.0,99872
quick_sort,370,random,5,3064,1862,0.0022580999648198485,13376,0.5025,0.0,99872
heap_sort,370,random,5,5212,2847,0.00618130003567785,13376,0.5025,0.0,99872
radix_sort,370,random,5,0,1850,0.002098799915984273,13376,0.5025,0.0,99872
bubble_sort,380,random,1,71965,35101,0.018800299963913858,13736,0.5126,0.0026,99468
selection_sort,380,random,1,72010,373,0.010567700024694204,13736,0.5126,0.0026,99468
insertion_sort,380,random,1,35475,35101,0.010154400020837784,13736,0.5126,0.0026,99468
merge_sort,380,random,1,2786,3288,0.002316900063306093,13736,0.5126,0.0026,99468
quick_sort,380,random,1,2954,1576,0.0016780999721959233,13736,0.5126,0.0026,99468
heap_sort,380,random,1,5351,2933,0.002841399982571602,13736,0.5126,0.0026,99468
radix_sort,380,random,1,0,1900,0.001463899970985949,13736,0.5126,0.0026,99468
bubble_sort,380,random,2,71190,35993,0.021065699984319508,13736,0.5002,0.0,98800
selection_sort,380,random,2,72010,375,0.010607899981550872,13736,0.5002,0.0,98800
insertion_sort,380,random,2,36363,35993,0.011075199930928648,13736,0.5002,0.0,98800
merge_sort,380,random,2,2799,3288,0.00235580001026392,13736,0.5002,0.0,98800
quick_sort,380,random,2,3745,2296,0.0020369000267237425,13736,0.5002,0.0,98800
heap_sort,380,random,2,5378,2947,0.003490000031888485,13736,0.5002,0.0,98800
radix_sort,380,random,2,0,1900,0.001447100075893104,13736,0.5002,0.0,98800
bubble_sort,380,random,3,71710,36394,0.021963799954392016,13736,0.4946,0.0,99938
selection_sort,380,random,3,72010,376,0.018677999963983893,13736,0.4946,0.0,99938
insertion_sort,380,random,3,36767,36394,0.011372399982064962,13736,0.4946,0.0,99938
merge_sort,380,random,3,2803,3288,0.0023230999941006303,13736,0.4946,0.0,99938
quick_sort,380,random,3,3567,1800,0.0018985000206157565,13736,0.4946,0.0,99938
heap_sort,380,random,3,5375,2944,0.003844299935735762,13736,0.4946,0.0,99938
radix_sort,380,random,3,0,1900,0.00220889993943274,13736,0.4946,0.0,99938
bubble_sort,380,random,4,71734,34026,0.020947400014847517,13736,0.5275,0.0053,99633
selection_sort,380,random,4,72010,372,0.012351199984550476,13736,0.5275,0.0053,99633
insertion_sort,380,random,4,34400,34026,0.00975189998280257,13736,0.5275,0.0053,99633
merge_sort,380,random,4,2780,3288,0.0023629000643268228,13736,0.5275,0.0053,99633
quick_sort,380,random,4,3397,1944,0.0018746999558061361,13736,0.5275,0.0053,99633
heap_sort,380,random,4,5368,2942,0.002912400057539344,13736,0.5275,0.0053,99633
radix_sort,380,random,4,0,1900,0.0014684000052511692,13736,0.5275,0.0053,99633
bubble_sort,380,random,5,71269,33782,0.018134600017219782,13736,0.5309,0.0,99880
selection_sort,380,random,5,72010,370,0.010152500006370246,13736,0.5309,0.0,99880
insertion_sort,380,random,5,34151,33782,0.009543999913148582,13736,0.5309,0.0,99880
merge_sort,380,random,5,2782,3288,0.002360499929636717,13736,0.5309,0.0,99880
quick_sort,380,random,5,3253,1726,0.0018138999585062265,13736,0.5309,0.0,99880
heap_sort,380,random,5,5358,2936,0.0028725999873131514,13736,0.5309,0.0,99880
radix_sort,380,random,5,0,1900,0.001506500062532723,13736,0.5309,0.0,99880
bubble_sort,390,random,1,75530,36617,0.01926370000001043,14096,0.5173,0.0,99354
selection_sort,390,random,1,75855,385,0.011042100028134882,14096,0.5173,0.0,99354
insertion_sort,390,random,1,37004,36617,0.010480300057679415,14096,0.5173,0.0,99354
merge_sort,390,random,1,2857,3388,0.0023737000301480293,14096,0.5173,0.0,99354
quick_sort,390,random,1,3557,2023,0.0019357999553903937,14096,0.5173,0.0,99354
heap_sort,390,random,1,5531,3023,0.00323000003118068,14096,0.5173,0.0,99354
radix_sort,390,random,1,0,1950,0.0014735000440850854,14096,0.5173,0.0,99354
bubble_sort,390,random,2,75294,38178,0.019545000046491623,14096,0.4967,0.0026,99806
selection_sort,390,random,2,75855,385,0.013445099932141602,14096,0.4967,0.0026,99806
insertion_sort,390,random,2,38558,38178,0.01264540001284331,14096,0.4967,0.0026,99806
merge_sort,390,random,2,2891,3388,0.0024631000123918056,14096,0.4967,0.0026,99806
quick_sort,390,random,2,3466,2106,0.0019939999328926206,14096,0.4967,0.0026,99806
heap_sort,390,random,2,5508,3014,0.0029337999876588583,14096,0.4967,0.0026,99806
radix_sort,390,random,2,0,1950,0.0015019000275060534,14096,0.4967,0.0026,99806
bubble_sort,390,random,3,75702,36949,0.019901099964044988,14096,0.5129,0.0,99001
selection_sort,390,random,3,75855,383,0.011593200033530593,14096,0.5129,0.0,99001
insertion_sort,390,random,3,37335,36949,0.012574800057336688,14096,0.5129,0.0,99001
merge_sort,390,random,3,2867,3388,0.0023720000172033906,14096,0.5129,0.0,99001
quick_sort,390,random,3,3589,1944,0.0019399999873712659,14096,0.5129,0.0,99001
heap_sort,390,random,3,5543,3039,0.0035982999252155423,14096,0.5129,0.0,99001
radix_sort,390,random,3,0,1950,0.0015008999034762383,14096,0.5129,0.0,99001
bubble_sort,390,random,4,75035,38258,0.019548899959772825,14096,0.4956,0.0,99590
selection_sort,390,random,4,75855,386,0.011179200024344027,14096,0.4956,0.0,99590
insertion_sort,390,random,4,38642,38258,0.011275099939666688,14096,0.4956,0.0,99590
merge_sort,390,random,4,2877,3388,0.002379199955612421,14096,0.4956,0.0,99590
quick_sort,390,random,4,3405,1814,0.0018517000135034323,14096,0.4956,0.0,99590
heap_sort,390,random,4,5553,3026,0.0029217000119388103,14096,0.4956,0.0,99590
radix_sort,390,random,4,0,1950,0.0014662001049146056,14096,0.4956,0.0,99590
bubble_sort,390,random,5,75719,36742,0.020551100024022162,14096,0.5156,0.0051,99732
selection_sort,390,random,5,75855,384,0.01180540001951158,14096,0.5156,0.0051,99732
insertion_sort,390,random,5,37125,36742,0.010742599959485233,14096,0.5156,0.0051,99732
merge_sort,390,random,5,2872,3388,0.0024094999535009265,14096,0.5156,0.0051,99732
quick_sort,390,random,5,3470,2296,0.002598399994894862,14096,0.5156,0.0051,99732
heap_sort,390,random,5,5532,3011,0.0029823000077158213,14096,0.5156,0.0051,99732
radix_sort,390,random,5,0,1950,0.001478699967265129,14096,0.5156,0.0051,99732
bubble_sort,400,random,1,79734,40361,0.020644100033678114,14456,0.4942,0.0025,99953
selection_sort,400,random,1,79800,396,0.012904400005936623,14456,0.4942,0.0025,99953
insertion_sort,400,random,1,40753,40361,0.011523400084115565,14456,0.4942,0.0025,99953
merge_sort,400,random,1,2966,3488,0.002473499975167215,14456,0.4942,0.0025,99953
quick_sort,400,random,1,3465,2062,0.0019234999781474471,14456,0.4942,0.0025,99953
heap_sort,400,random,1,5694,3113,0.003039599978365004,14456,0.4942,0.0025,99953
radix_sort,400,random,1,0,2000,0.001531900023110211,14456,0.4942,0.0025,99953
bubble_sort,400,random,2,79647,39842,0.020563500002026558,14456,0.5007,0.005,99130
selection_sort,400,random,2,79800,398,0.01533190009649843,14456,0.5007,0.005,99130
insertion_sort,400,random,2,40237,39842,0.012325899908319116,14456,0.5007,0.005,99130
merge_sort,400,random,2,2974,3488,0.0037833000533282757,14456,0.5007,0.005,99130
quick_sort,400,random,2,3895,2127,0.003223000094294548,14456,0.5007,0.005,99130
heap_sort,400,random,2,5717,3113,0.003355399938300252,14456,0.5007,0.005,99130
radix_sort,400,random,2,0,2000,0.0015392000786960125,14456,0.5007,0.005,99130
bubble_sort,400,random,3,79569,39393,0.023875000071711838,14456,0.5064,0.0025,99599
selection_sort,400,random,3,79800,395,0.014202099991962314,14456,0.5064,0.0025,99599
insertion_sort,400,random,3,39787,39393,0.015185700030997396,14456,0.5064,0.0025,99599
merge_sort,400,random,3,2949,3488,0.003956300090067089,14456,0.5064,0.0025,99599
quick_sort,400,random,3,3692,1930,0.0031560000497847795,14456,0.5064,0.0025,99599
heap_sort,400,random,3,5687,3113,0.004103499930351973,14456,0.5064,0.0025,99599
radix_sort,400,random,3,0,2000,0.0015471999067813158,14456,0.5064,0.0025,99599
bubble_sort,400,random,4,79709,40016,0.021813999977894127,14456,0.4985,0.005,99866
selection_sort,400,random,4,79800,388,0.012871699989773333,14456,0.4985,0.005,99866
insertion_sort,400,random,4,40410,40016,0.011376200011000037,14456,0.4985,0.005,99866
merge_sort,400,random,4,2958,3488,0.0024564999621361494,14456,0.4985,0.005,99866
quick_sort,400,random,4,3813,2159,0.0020474999910220504,14456,0.4985,0.005,99866
heap_sort,400,random,4,5685,3099,0.003034900058992207,14456,0.4985,0.005,99866
radix_sort,400,random,4,0,2000,0.001504699932411313,14456,0.4985,0.005,99866
bubble_sort,400,random,5,79500,40884,0.020983399939723313,14456,0.4877,0.0,99672
selection_sort,400,random,5,79800,394,0.011688799946568906,14456,0.4877,0.0,99672
insertion_sort,400,random,5,41277,40884,0.011452199891209602,14456,0.4877,0.0,99672
merge_sort,400,random,5,2965,3488,0.0034645000705495477,14456,0.4877,0.0,99672
quick_sort,400,random,5,3412,1953,0.00302389997523278,14456,0.4877,0.0,99672
heap_sort,400,random,5,5695,3104,0.003306899918243289,14456,0.4877,0.0,99672
radix_sort,400,random,5,0,2000,0.0015091999666765332,14456,0.4877,0.0,99672
bubble_sort,410,random,1,83809,41563,0.023809800040908158,14816,0.5043,0.0049,99005
selection_sort,410,random,1,83845,405,0.014164999942295253,14816,0.5043,0.0049,99005
insertion_sort,410,random,1,41963,41563,0.013462399947457016,14816,0.5043,0.0049,99005
merge_sort,410,random,1,3041,3588,0.002972399932332337,14816,0.5043,0.0049,99005
quick_sort,410,random,1,3899,1944,0.0020571999484673142,14816,0.5043,0.0049,99005
heap_sort,410,random,1,5848,3191,0.003780399914830923,14816,0.5043,0.0049,99005
radix_sort,410,random,1,0,2050,0.0015919000143185258,14816,0.5043,0.0049,99005
bubble_sort,410,random,2,83250,41419,0.025612799916416407,14816,0.506,0.0049,99352
selection_sort,410,random,2,83845,408,0.013387400074861944,14816,0.506,0.0049,99352
insertion_sort,410,random,2,41825,41419,0.01439530006609857,14816,0.506,0.0049,99352
merge_sort,410,random,2,3058,3588,0.0030339000513777137,14816,0.506,0.0049,99352
quick_sort,410,random,2,4179,2083,0.0021775999339297414,14816,0.506,0.0049,99352
heap_sort,410,random,2,5882,3206,0.003464299952611327,14816,0.506,0.0049,99352
radix_sort,410,random,2,0,2050,0.0017776999156922102,14816,0.506,0.0049,99352
bubble_sort,410,random,3,83349,41745,0.058393600047566,14816,0.5021,0.0024,99771
selection_sort,410,random,3,83845,403,0.01762339996639639,14816,0.5021,0.0024,99771
insertion_sort,410,random,3,42150,41745,0.022613400011323392,14816,0.5021,0.0024,99771
merge_sort,410,random,3,3054,3588,0.013468499993905425,14816,0.5021,0.0024,99771
quick_sort,410,random,3,3797,2143,0.004603800014592707,14816,0.5021,0.0024,99771
heap_sort,410,random,3,5910,3227,0.00486260000616312,14816,0.5021,0.0024,99771
radix_sort,410,random,3,0,2050,0.0015884999884292483,14816,0.5021,0.0024,99771
bubble_sort,410,random,4,83592,40247,0.04128160001710057,14816,0.52,0.0049,99384
selection_sort,410,random,4,83845,397,0.019480500021018088,14816,0.52,0.0049,99384
insertion_sort,410,random,4,40649,40247,0.01782389997970313,14816,0.52,0.0049,99384
merge_sort,410,random,4,3059,3588,0.0039481999119743705,14816,0.52,0.0049,99384
quick_sort,410,random,4,3621,1872,0.005543499952182174,14816,0.52,0.0049,99384
heap_sort,410,random,4,5844,3186,0.007213999982923269,14816,0.52,0.0049,99384
radix_sort,410,random,4,0,2050,0.0016090000281110406,14816,0.52,0.0049,99384
bubble_sort,410,random,5,83284,42760,0.03462659998331219,14816,0.49,0.0,99206
selection_sort,410,random,5,83845,404,0.014371199999004602,14816,0.49,0.0,99206
insertion_sort,410,random,5,43162,42760,0.01336410001385957,14816,0.49,0.0,99206
merge_sort,410,random,5,3045,3588,0.003262499929405749,14816,0.49,0.0,99206
quick_sort,410,random,5,3969,2227,0.0022830000380054116,14816,0.49,0.0,99206
heap_sort,410,random,5,5854,3188,0.0039700999623164535,14816,0.49,0.0,99206
radix_sort,410,random,5,0,2050,0.0017475999193266034,14816,0.49,0.0,99206
bubble_sort,420,random,1,87665,43546,0.028319800039753318,15176,0.5051,0.0048,99503
selection_sort,420,random,1,87990,411,0.019064699998125434,15176,0.5051,0.0048,99503
insertion_sort,420,random,1,43957,43546,0.01647700008470565,15176,0.5051,0.0048,99503
merge_sort,420,random,1,3125,3688,0.0027312999591231346,15176,0.5051,0.0048,99503
quick_sort,420,random,1,3817,1800,0.0020447000861167908,15176,0.5051,0.0048,99503
heap_sort,420,random,1,6076,3304,0.005320099997334182,15176,0.5051,0.0048,99503
radix_sort,420,random,1,0,2100,0.0016149000730365515,15176,0.5051,0.0048,99503
bubble_sort,420,random,2,87924,46751,0.028511199983768165,15176,0.4687,0.0,99743
selection_sort,420,random,2,87990,417,0.01545299997087568,15176,0.4687,0.0,99743
insertion_sort,420,random,2,47165,46751,0.015262899920344353,15176,0.4687,0.0,99743
merge_sort,420,random,2,3145,3688,0.0032821999629959464,15176,0.4687,0.0,99743
quick_sort,420,random,2,3683,2074,0.0020447999704629183,15176,0.4687,0.0,99743
heap_sort,420,random,2,6009,3271,0.00464210007339716,15176,0.4687,0.0,99743
radix_sort,420,random,2,0,2100,0.001664699986577034,15176,0.4687,0.0,99743
bubble_sort,420,random,3,87837,43148,0.02761280001141131,15176,0.5096,0.0048,99552
selection_sort,420,random,3,87990,415,0.014764899970032275,15176,0.5096,0.0048,99552
insertion_sort,420,random,3,43563,43148,0.014849699917249382,15176,0.5096,0.0048,99552
merge_sort,420,random,3,3153,3688,0.0027611999539658427,15176,0.5096,0.0048,99552
quick_sort,420,random,3,4123,2295,0.002795300097204745,15176,0.5096,0.0048,99552
heap_sort,420,random,3,6070,3329,0.003541199956089258,15176,0.5096,0.0048,99552
radix_sort,420,random,3,0,2100,0.003807600005529821,15176,0.5096,0.0048,99552
bubble_sort,420,random,4,87870,41858,0.026096699992194772,15176,0.5243,0.0048,99908
selection_sort,420,random,4,87990,414,0.016210000030696392,15176,0.5243,0.0048,99908
insertion_sort,420,random,4,42271,41858,0.014757000026293099,15176,0.5243,0.0048,99908
merge_sort,420,random,4,3143,3688,0.0030586000066250563,15176,0.5243,0.0048,99908
quick_sort,420,random,4,4117,2520,0.0035096999490633607,15176,0.5243,0.0048,99908
heap_sort,420,random,4,6060,3322,0.003386199939996004,15176,0.5243,0.0048,99908
radix_sort,420,random,4,0,2100,0.0023351999698206782,15176,0.5243,0.0048,99908
bubble_sort,420,random,5,87945,43525,0.027309600031003356,15176,0.5053,0.0,99825
selection_sort,420,random,5,87990,415,0.014530000044032931,15176,0.5053,0.0,99825
insertion_sort,420,random,5,43937,43525,0.014255100046284497,15176,0.5053,0.0,99825
merge_sort,420,random,5,3151,3688,0.0027078998973593116,15176,0.5053,0.0,99825
quick_sort,420,random,5,3661,2092,0.0024392999475821853,15176,0.5053,0.0,99825
heap_sort,420,random,5,6064,3315,0.003445700043812394,15176,0.5053,0.0,99825
radix_sort,420,random,5,0,2100,0.002165100071579218,15176,0.5053,0.0,99825
bubble_sort,430,random,1,90960,43691,0.026775799924507737,15536,0.5263,0.0023,99110
selection_sort,430,random,1,92235,427,0.015482800081372261,15536,0.5263,0.0023,99110
insertion_sort,430,random,1,44111,43691,0.014107500086538494,15536,0.5263,0.0023,99110
merge_sort,430,random,1,3225,3788,0.0027937000850215554,15536,0.5263,0.0023,99110
quick_sort,430,random,1,3893,2253,0.0022703000577166677,15536,0.5263,0.0023,99110
heap_sort,430,random,1,6222,3411,0.004035699996165931,15536,0.5263,0.0023,99110
radix_sort,430,random,1,0,2150,0.0018133000703528523,15536,0.5263,0.0023,99110
bubble_sort,430,random,2,92232,46691,0.026790900039486587,15536,0.4938,0.0023,99684
selection_sort,430,random,2,92235,423,0.013533900026232004,15536,0.4938,0.0023,99684
insertion_sort,430,random,2,47115,46691,0.013676399947144091,15536,0.4938,0.0023,99684
merge_sort,430,random,2,3208,3788,0.0037788000190630555,15536,0.4938,0.0023,99684
quick_sort,430,random,2,3679,2263,0.002890000003390014,15536,0.4938,0.0023,99684
heap_sort,430,random,2,6280,3433,0.003441999899223447,15536,0.4938,0.0023,99684
radix_sort,430,random,2,0,2150,0.0016680000117048621,15536,0.4938,0.0023,99684
bubble_sort,430,random,3,92157,44611,0.02432490000501275,15536,0.5163,0.0,99727
selection_sort,430,random,3,92235,423,0.013874300057068467,15536,0.5163,0.0,99727
insertion_sort,430,random,3,45031,44611,0.01284099998883903,15536,0.5163,0.0,99727
merge_sort,430,random,3,3234,3788,0.002686199964955449,15536,0.5163,0.0,99727
quick_sort,430,random,3,4040,2184,0.0021745000267401338,15536,0.5163,0.0,99727
heap_sort,430,random,3,6229,3425,0.0033361000241711736,15536,0.5163,0.0,99727
radix_sort,430,random,3,0,2150,0.0016211000038310885,15536,0.5163,0.0,99727
bubble_sort,430,random,4,91674,46081,0.026800399995408952,15536,0.5004,0.0047,99968
selection_sort,430,random,4,92235,422,0.013659200049005449,15536,0.5004,0.0047,99968
insertion_sort,430,random,4,46506,46081,0.013199300039559603,15536,0.5004,0.0047,99968
merge_sort,430,random,4,3217,3788,0.0026573999784886837,15536,0.5004,0.0047,99968
quick_sort,430,random,4,3736,2245,0.0021162000484764576,15536,0.5004,0.0047,99968
heap_sort,430,random,4,6208,3388,0.0032893000170588493,15536,0.5004,0.0047,99968
radix_sort,430,random,4,0,2150,0.0016528000123798847,15536,0.5004,0.0047,99968
bubble_sort,430,random,5,92082,49090,0.025769000058062375,15536,0.4678,0.0,99651
selection_sort,430,random,5,92235,424,0.013660700060427189,15536,0.4678,0.0,99651
insertion_sort,430,random,5,49511,49090,0.014644899987615645,15536,0.4678,0.0,99651
merge_sort,430,random,5,3255,3788,0.002672300091944635,15536,0.4678,0.0,99651
quick_sort,430,random,5,3795,2268,0.0021470000501722097,15536,0.4678,0.0,99651
heap_sort,430,random,5,6198,3352,0.0038923999527469277,15536,0.4678,0.0,99651
radix_sort,430,random,5,0,2150,0.001817299984395504,15536,0.4678,0.0,99651
bubble_sort,440,random,1,96460,48497,0.025884000002406538,15896,0.4979,0.0045,99709
selection_sort,440,random,1,96580,431,0.015674900030717254,15896,0.4979,0.0045,99709
insertion_sort,440,random,1,48932,48497,0.014709200011566281,15896,0.4979,0.0045,99709
merge_sort,440,random,1,3328,3888,0.003140999935567379,15896,0.4979,0.0045,99709
quick_sort,440,random,1,4088,2334,0.002287600073032081,15896,0.4979,0.0045,99709
heap_sort,440,random,1,6423,3500,0.003397100022993982,15896,0.4979,0.0045,99709
radix_sort,440,random,1,0,2200,0.0017047000583261251,15896,0.4979,0.0045,99709
bubble_sort,440,random,2,95950,49965,0.030188499949872494,15896,0.4827,0.0,99409
selection_sort,440,random,2,96580,437,0.015646700048819184,15896,0.4827,0.0,99409
insertion_sort,440,random,2,50397,49965,0.014763899962417781,15896,0.4827,0.0,99409
merge_sort,440,random,2,3305,3888,0.002888699993491173,15896,0.4827,0.0,99409
quick_sort,440,random,2,4797,2827,0.0028024999191984534,15896,0.4827,0.0,99409
heap_sort,440,random,2,6368,3461,0.00337680010125041,15896,0.4827,0.0,99409
radix_sort,440,random,2,0,2200,0.001700200024060905,15896,0.4827,0.0,99409
bubble_sort,440,random,3,95985,46771,0.02594159997534007,15896,0.5157,0.0023,99943
selection_sort,440,random,3,96580,433,0.014430999988690019,15896,0.5157,0.0023,99943
insertion_sort,440,random,3,47207,46771,0.014541200012899935,15896,0.5157,0.0023,99943
merge_sort,440,random,3,3339,3888,0.0027843000134453177,15896,0.5157,0.0023,99943
quick_sort,440,random,3,4346,2735,0.0024959000293165445,15896,0.5157,0.0023,99943
heap_sort,440,random,3,6382,3473,0.0034214999759569764,15896,0.5157,0.0023,99943
radix_sort,440,random,3,0,2200,0.0016989000141620636,15896,0.5157,0.0023,99943
bubble_sort,440,random,4,96559,47303,0.02671060001011938,15896,0.5102,0.0045,99758
selection_sort,440,random,4,96580,436,0.014984000008553267,15896,0.5102,0.0045,99758
insertion_sort,440,random,4,47735,47303,0.014423799933865666,15896,0.5102,0.0045,99758
merge_sort,440,random,4,3294,3888,0.002745599951595068,15896,0.5102,0.0045,99758
quick_sort,440,random,4,4177,2323,0.002291700104251504,15896,0.5102,0.0045,99758
heap_sort,440,random,4,6425,3513,0.003809400019235909,15896,0.5102,0.0045,99758
radix_sort,440,random,4,0,2200,0.0018777999794110656,15896,0.5102,0.0045,99758
bubble_sort,440,random,5,96409,48061,0.02515910007059574,15896,0.5024,0.0,99460
selection_sort,440,random,5,96580,435,0.014564500073902309,15896,0.5024,0.0,99460
insertion_sort,440,random,5,48495,48061,0.01399540004786104,15896,0.5024,0.0,99460
merge_sort,440,random,5,3311,3888,0.002822900074534118,15896,0.5024,0.0,99460
quick_sort,440,random,5,4078,2324,0.0024974000407382846,15896,0.5024,0.0,99460
heap_sort,440,random,5,6375,3477,0.003406600095331669,15896,0.5024,0.0,99460
radix_sort,440,random,5,0,2200,0.0016755000688135624,15896,0.5024,0.0,99460
bubble_sort,450,random,1,100395,47822,0.029533799970522523,16256,0.5266,0.0,99104
selection_sort,450,random,1,101025,442,0.015397199895232916,16256,0.5266,0.0,99104
insertion_sort,450,random,1,48265,47822,0.013935900060459971,16256,0.5266,0.0,99104
merge_sort,450,random,1,3402,3988,0.0029106999281793833,16256,0.5266,0.0,99104
quick_sort,450,random,1,4415,2521,0.002394000068306923,16256,0.5266,0.0,99104
heap_sort,450,random,1,6578,3588,0.0035426999675109982,16256,0.5266,0.0,99104
radix_sort,450,random,1,0,2250,0.0019851999823004007,16256,0.5266,0.0,99104
bubble_sort,450,random,2,100905,52655,0.026670599938370287,16256,0.4788,0.0,99528
selection_sort,450,random,2,101025,443,0.0166369000216946,16256,0.4788,0.0,99528
insertion_sort,450,random,2,53096,52655,0.018390599987469614,16256,0.4788,0.0,99528
merge_sort,450,random,2,3394,3988,0.0029866000404581428,16256,0.4788,0.0,99528
quick_sort,450,random,2,4409,2274,0.002904699998907745,16256,0.4788,0.0,99528
heap_sort,450,random,2,6571,3577,0.0036428000312298536,16256,0.4788,0.0,99528
radix_sort,450,random,2,0,2250,0.0017450000159442425,16256,0.4788,0.0,99528
bubble_sort,450,random,3,99990,50245,0.029321799986064434,16256,0.5026,0.0133,99724
selection_sort,450,random,3,101025,446,0.016467300010845065,16256,0.5026,0.0133,99724
insertion_sort,450,random,3,50688,50245,0.016903099953196943,16256,0.5026,0.0133,99724
merge_sort,450,random,3,3406,3988,0.004768099985085428,16256,0.5026,0.0133,99724
quick_sort,450,random,3,4430,2346,0.002386799897067249,16256,0.5026,0.0133,99724
heap_sort,450,random,3,6559,3571,0.0038511999882757664,16256,0.5026,0.0133,99724
radix_sort,450,random,3,0,2250,0.0017127000028267503,16256,0.5026,0.0133,99724
bubble_sort,450,random,4,101004,50040,0.029486099956557155,16256,0.5047,0.0,99772
selection_sort,450,random,4,101025,444,0.025632599950768054,16256,0.5047,0.0,99772
insertion_sort,450,random,4,50483,50040,0.02626579999923706,16256,0.5047,0.0,99772
merge_sort,450,random,4,3411,3988,0.004228200064972043,16256,0.5047,0.0,99772
quick_sort,450,random,4,3986,2478,0.0024335000198334455,16256,0.5047,0.0,99772
heap_sort,450,random,4,6538,3572,0.0060801999643445015,16256,0.5047,0.0,99772
radix_sort,450,random,4,0,2250,0.0022484000073745847,16256,0.5047,0.0,99772
bubble_sort,450,random,5,100725,52209,0.05118509999010712,16256,0.4832,0.0044,99322
selection_sort,450,random,5,101025,447,0.017577399965375662,16256,0.4832,0.0044,99322
insertion_sort,450,random,5,52649,52209,0.018307299935258925,16256,0.4832,0.0044,99322
merge_sort,450,random,5,3420,3988,0.0036374999908730388,16256,0.4832,0.0044,99322
quick_sort,450,random,5,4306,2334,0.0029750000685453415,16256,0.4832,0.0044,99322
heap_sort,450,random,5,6576,3585,0.004554299986921251,16256,0.4832,0.0044,99322
radix_sort,450,random,5,0,2250,0.0019084999803453684,16256,0.4832,0.0044,99322
bubble_sort,460,random,1,105465,52703,0.037012799992226064,16616,0.5008,0.0043,99398
selection_sort,460,random,1,105570,457,0.017689500004053116,16616,0.5008,0.0043,99398
insertion_sort,460,random,1,53156,52703,0.018179800012148917,16616,0.5008,0.0043,99398
merge_sort,460,random,1,3482,4088,0.0028915000148117542,16616,0.5008,0.0043,99398
quick_sort,460,random,1,4692,2923,0.0027443000581115484,16616,0.5008,0.0043,99398
heap_sort,460,random,1,6699,3648,0.0036491999635472894,16616,0.5008,0.0043,99398
radix_sort,460,random,1,0,2300,0.001810500049032271,16616,0.5008,0.0043,99398
bubble_sort,460,random,2,105270,52781,0.03286680008750409,16616,0.5,0.0022,99330
selection_sort,460,random,2,105570,455,0.01655669999308884,16616,0.5,0.0022,99330
insertion_sort,460,random,2,53238,52781,0.01586339995265007,16616,0.5,0.0022,99330
merge_sort,460,random,2,3500,4088,0.0030080999713391066,16616,0.5,0.0022,99330
quick_sort,460,random,2,4768,2457,0.002473599975928664,16616,0.5,0.0022,99330
heap_sort,460,random,2,6740,3654,0.003577299998141825,16616,0.5,0.0022,99330
radix_sort,460,random,2,0,2300,0.0018006999744102359,16616,0.5,0.0022,99330
bubble_sort,460,random,3,105042,53322,0.030495399958454072,16616,0.4949,0.0043,99489
selection_sort,460,random,3,105570,454,0.017658600001595914,16616,0.4949,0.0043,99489
insertion_sort,460,random,3,53776,53322,0.017470800084993243,16616,0.4949,0.0043,99489
merge_sort,460,random,3,3503,4088,0.004228899953886867,16616,0.4949,0.0043,99489
quick_sort,460,random,3,4736,2424,0.0030639999313279986,16616,0.4949,0.0043,99489
heap_sort,460,random,3,6750,3667,0.004262900096364319,16616,0.4949,0.0043,99489
radix_sort,460,random,3,0,2300,0.001779999933205545,16616,0.4949,0.0043,99489
bubble_sort,460,random,4,105219,53611,0.03284689993597567,16616,0.4922,0.0022,99116
selection_sort,460,random,4,105570,457,0.016722299973480403,16616,0.4922,0.0022,99116
insertion_sort,460,random,4,54065,53611,0.020964200026355684,16616,0.4922,0.0022,99116
merge_sort,460,random,4,3499,4088,0.005423399969004095,16616,0.4922,0.0022,99116
quick_sort,460,random,4,4688,2085,0.002532099955715239,16616,0.4922,0.0022,99116
heap_sort,460,random,4,6714,3661,0.0038903000531718135,16616,0.4922,0.0022,99116
radix_sort,460,random,4,0,2300,0.002185199991799891,16616,0.4922,0.0022,99116
bubble_sort,460,random,5,105525,50326,0.0341852999990806,16616,0.5233,0.0,98579
selection_sort,460,random,5,105570,452,0.018048199941404164,16616,0.5233,0.0,98579
insertion_sort,460,random,5,50785,50326,0.016760299913585186,16616,0.5233,0.0,98579
merge_sort,460,random,5,3479,4088,0.003537600045092404,16616,0.5233,0.0,98579
quick_sort,460,random,5,4502,2210,0.002966800006106496,16616,0.5233,0.0,98579
heap_sort,460,random,5,6753,3682,0.0038255000254139304,16616,0.5233,0.0,98579
radix_sort,460,random,5,0,2300,0.0026829999405890703,16616,0.5233,0.0,98579
bubble_sort,470,random,1,110149,55337,0.032918799901381135,16976,0.4979,0.0043,99822
selection_sort,470,random,1,110215,467,0.017452600062824786,16976,0.4979,0.0043,99822
insertion_sort,470,random,1,55797,55337,0.01622980006504804,16976,0.4979,0.0043,99822
merge_sort,470,random,1,3597,4188,0.0030724999960511923,16976,0.4979,0.0043,99822
quick_sort,470,random,1,4663,2125,0.0023739999160170555,16976,0.4979,0.0043,99822
heap_sort,470,random,1,6905,3743,0.0040160000789910555,16976,0.4979,0.0043,99822
radix_sort,470,random,1,0,2350,0.0018135999562218785,16976,0.4979,0.0043,99822
bubble_sort,470,random,2,109134,54085,0.02906879992224276,16976,0.5093,0.0,99977
selection_sort,470,random,2,110215,459,0.01831579999998212,16976,0.5093,0.0,99977
insertion_sort,470,random,2,54549,54085,0.017505900003015995,16976,0.5093,0.0,99977
merge_sort,470,random,2,3587,4188,0.003561299992725253,16976,0.5093,0.0,99977
quick_sort,470,random,2,4516,2944,0.0027472999645397067,16976,0.5093,0.0,99977
heap_sort,470,random,2,6897,3763,0.003709999960847199,16976,0.5093,0.0,99977
radix_sort,470,random,2,0,2350,0.0018249000422656536,16976,0.5093,0.0,99977
bubble_sort,470,random,3,110044,55585,0.029413699987344444,16976,0.4957,0.0021,99412
selection_sort,470,random,3,110215,461,0.016767000081017613,16976,0.4957,0.0021,99412
insertion_sort,470,random,3,56048,55585,0.016256999922916293,16976,0.4957,0.0021,99412
merge_sort,470,random,3,3589,4188,0.003068000078201294,16976,0.4957,0.0021,99412
quick_sort,470,random,3,4398,2302,0.00235999992582947,16976,0.4957,0.0021,99412
heap_sort,470,random,3,6936,3770,0.004111699992790818,16976,0.4957,0.0021,99412
radix_sort,470,random,3,0,2350,0.0018449999624863267,16976,0.4957,0.0021,99412
bubble_sort,470,random,4,109984,55588,0.030003200052306056,16976,0.4956,0.0021,98948
selection_sort,470,random,4,110215,466,0.016706999973393977,16976,0.4956,0.0021,98948
insertion_sort,470,random,4,56054,55588,0.01629629998933524,16976,0.4956,0.0021,98948
merge_sort,470,random,4,3596,4188,0.0029295000713318586,16976,0.4956,0.0021,98948
quick_sort,470,random,4,4482,2471,0.0024902999866753817,16976,0.4956,0.0021,98948
heap_sort,470,random,4,6925,3762,0.0037201999220997095,16976,0.4956,0.0021,98948
radix_sort,470,random,4,0,2350,0.0018526000203564763,16976,0.4956,0.0021,98948
bubble_sort,470,random,5,110124,54192,0.029914500075392425,16976,0.5083,0.0043,99762
selection_sort,470,random,5,110215,466,0.016581399948336184,16976,0.5083,0.0043,99762
insertion_sort,470,random,5,54659,54192,0.01605340000241995,16976,0.5083,0.0043,99762
merge_sort,470,random,5,3583,4188,0.002946999971754849,16976,0.5083,0.0043,99762
quick_sort,470,random,5,4771,2779,0.0025855000130832195,16976,0.5083,0.0043,99762
heap_sort,470,random,5,6888,3740,0.0036677999887615442,16976,0.5083,0.0043,99762
radix_sort,470,random,5,0,2350,0.0018355000065639615,16976,0.5083,0.0043,99762
bubble_sort,480,random,1,114707,59755,0.03143490001093596,17336,0.4802,0.0,99621
selection_sort,480,random,1,114960,473,0.01715249998960644,17336,0.4802,0.0,99621
insertion_sort,480,random,1,60224,59755,0.019073599949479103,17336,0.4802,0.0,99621
merge_sort,480,random,1,3694,4288,0.0030855999793857336,17336,0.4802,0.0,99621
quick_sort,480,random,1,4337,2778,0.0024853000650182366,17336,0.4802,0.0,99621
heap_sort,480,random,1,7077,3837,0.004190800013020635,17336,0.4802,0.0,99621
radix_sort,480,random,1,0,2400,0.0025405000196769834,17336,0.4802,0.0,99621
bubble_sort,480,random,2,114365,57690,0.04408459994010627,17336,0.4982,0.0021,99581
selection_sort,480,random,2,114960,478,0.02827909996267408,17336,0.4982,0.0021,99581
insertion_sort,480,random,2,58162,57690,0.017554600024595857,17336,0.4982,0.0021,99581
merge_sort,480,random,2,3690,4288,0.0030619000317528844,17336,0.4982,0.0021,99581
quick_sort,480,random,2,4685,3094,0.0027194999856874347,17336,0.4982,0.0021,99581
heap_sort,480,random,2,7072,3853,0.0037970999255776405,17336,0.4982,0.0021,99581
radix_sort,480,random,2,0,2880,0.0023707000073045492,17336,0.4982,0.0021,99581
bubble_sort,480,random,3,114770,58983,0.03240449994336814,17336,0.4869,0.0063,99734
selection_sort,480,random,3,114960,473,0.021043800050392747,17336,0.4869,0.0063,99734
insertion_sort,480,random,3,59456,58983,0.017980999895371497,17336,0.4869,0.0063,99734
merge_sort,480,random,3,3691,4288,0.0036486999597400427,17336,0.4869,0.0063,99734
quick_sort,480,random,3,4256,2431,0.0024034999078139663,17336,0.4869,0.0063,99734
heap_sort,480,random,3,7065,3836,0.004545200034044683,17336,0.4869,0.0063,99734
radix_sort,480,random,3,0,2400,0.001879099989309907,17336,0.4869,0.0063,99734
bubble_sort,480,random,4,114882,57049,0.03429370000958443,17336,0.5037,0.0042,98857
selection_sort,480,random,4,114960,473,0.018713400000706315,17336,0.5037,0.0042,98857
insertion_sort,480,random,4,57522,57049,0.01694990007672459,17336,0.5037,0.0042,98857
merge_sort,480,random,4,3649,4288,0.003701699897646904,17336,0.5037,0.0042,98857
quick_sort,480,random,4,4731,2741,0.004973700037226081,17336,0.5037,0.0042,98857
heap_sort,480,random,4,7081,3853,0.004054000019095838,17336,0.5037,0.0042,98857
radix_sort,480,random,4,0,2400,0.0023648999631404877,17336,0.5037,0.0042,98857
bubble_sort,480,random,5,114635,58472,0.04621160007081926,17336,0.4914,0.0,99705
selection_sort,480,random,5,114960,474,0.021632399992085993,17336,0.4914,0.0,99705
insertion_sort,480,random,5,58947,58472,0.022348899976350367,17336,0.4914,0.0,99705
merge_sort,480,random,5,3672,4288,0.003971999976783991,17336,0.4914,0.0,99705
quick_sort,480,random,5,4852,2717,0.00336930004414171,17336,0.4914,0.0,99705
heap_sort,480,random,5,7110,3870,0.004548499942757189,17336,0.4914,0.0,99705
radix_sort,480,random,5,0,2400,0.0024480000138282776,17336,0.4914,0.0,99705
bubble_sort,490,random,1,119102,63228,0.040220299968495965,17696,0.4722,0.002,98765
selection_sort,490,random,1,119805,480,0.021321300067938864,17696,0.4722,0.002,98765
insertion_sort,490,random,1,63711,63228,0.02211709995754063,17696,0.4722,0.002,98765
merge_sort,490,random,1,3783,4388,0.00467170006595552,17696,0.4722,0.002,98765
quick_sort,490,random,1,4781,2302,0.0030492000514641404,17696,0.4722,0.002,98765
heap_sort,490,random,1,7242,3924,0.005332899978384376,17696,0.4722,0.002,98765
radix_sort,490,random,1,0,2450,0.003127999952994287,17696,0.4722,0.002,98765
bubble_sort,490,random,2,119685,60102,0.044660700019448996,17696,0.4983,0.0041,99759
selection_sort,490,random,2,119805,478,0.021328100003302097,17696,0.4983,0.0041,99759
insertion_sort,490,random,2,60584,60102,0.01958860002923757,17696,0.4983,0.0041,99759
merge_sort,490,random,2,3763,4388,0.0032691999804228544,17696,0.4983,0.0041,99759
quick_sort,490,random,2,4718,3148,0.003653499996289611,17696,0.4983,0.0041,99759
heap_sort,490,random,2,7237,3959,0.003854100010357797,17696,0.4983,0.0041,99759
radix_sort,490,random,2,0,2450,0.00189220008905977,17696,0.4983,0.0041,99759
bubble_sort,490,random,3,119669,59209,0.031785600003786385,17696,0.5058,0.0,99913
selection_sort,490,random,3,119805,483,0.018052199971862137,17696,0.5058,0.0,99913
insertion_sort,490,random,3,59691,59209,0.023682900005951524,17696,0.5058,0.0,99913
merge_sort,490,random,3,3743,4388,0.004756400012411177,17696,0.5058,0.0,99913
quick_sort,490,random,3,4432,2452,0.003730099997483194,17696,0.5058,0.0,99913
heap_sort,490,random,3,7252,3941,0.006168799940496683,17696,0.5058,0.0,99913
radix_sort,490,random,3,0,2450,0.0032526999711990356,17696,0.5058,0.0,99913
bubble_sort,490,random,4,118902,61435,0.034989999956451356,17696,0.4872,0.0,99250
selection_sort,490,random,4,119805,481,0.018302800017409027,17696,0.4872,0.0,99250
insertion_sort,490,random,4,61915,61435,0.018283399986103177,17696,0.4872,0.0,99250
merge_sort,490,random,4,3761,4388,0.003302999888546765,17696,0.4872,0.0,99250
quick_sort,490,random,4,4344,2635,0.002465900033712387,17696,0.4872,0.0,99250
heap_sort,490,random,4,7250,3935,0.003868800005875528,17696,0.4872,0.0,99250
radix_sort,490,random,4,0,2450,0.0019383999751880765,17696,0.4872,0.0,99250
bubble_sort,490,random,5,119802,59844,0.03222110006026924,17696,0.5005,0.0,99547
selection_sort,490,random,5,119805,482,0.01811549998819828,17696,0.5005,0.0,99547
insertion_sort,490,random,5,60330,59844,0.017845500027760863,17696,0.5005,0.0,99547
merge_sort,490,random,5,3776,4388,0.003230899921618402,17696,0.5005,0.0,99547
quick_sort,490,random,5,4666,2415,0.0024863999569788575,17696,0.5005,0.0,99547
heap_sort,490,random,5,7259,3924,0.004811399965547025,17696,0.5005,0.0,99547
radix_sort,490,random,5,0,2450,0.002757699927315116,17696,0.5005,0.0,99547
bubble_sort,500,random,1,124540,63435,0.03672870004083961,18056,0.4915,0.002,99484
selection_sort,500,random,1,124750,496,0.018439300009049475,18056,0.4915,0.002,99484
insertion_sort,500,random,1,63931,63435,0.018060300033539534,18056,0.4915,0.002,99484
merge_sort,500,random,1,3861,4488,0.003285099985077977,18056,0.4915,0.002,99484
quick_sort,500,random,1,4671,2380,0.002529099932871759,18056,0.4915,0.002,99484
heap_sort,500,random,1,7427,4047,0.003940199967473745,18056,0.4915,0.002,99484
radix_sort,500,random,1,0,2500,0.0019385999767109752,18056,0.4915,0.002,99484
bubble_sort,500,random,2,124189,60780,0.03378120006527752,18056,0.5128,0.002,99610
selection_sort,500,random,2,124750,490,0.018443999928422272,18056,0.5128,0.002,99610
insertion_sort,500,random,2,61276,60780,0.018697399995289743,18056,0.5128,0.002,99610
merge_sort,500,random,2,3865,4488,0.003325600060634315,18056,0.5128,0.002,99610
quick_sort,500,random,2,5186,3163,0.0028513000579550862,18056,0.5128,0.002,99610
heap_sort,500,random,2,7461,4060,0.005035900045186281,18056,0.5128,0.002,99610
radix_sort,500,random,2,0,2500,0.0019582000095397234,18056,0.5128,0.002,99610
bubble_sort,500,random,3,124579,61634,0.03768579999450594,18056,0.5059,0.002,99332
selection_sort,500,random,3,124750,492,0.018705900060012937,18056,0.5059,0.002,99332
insertion_sort,500,random,3,62128,61634,0.018913600011728704,18056,0.5059,0.002,99332
merge_sort,500,random,3,3849,4488,0.003334200009703636,18056,0.5059,0.002,99332
quick_sort,500,random,3,4514,2780,0.002593299956060946,18056,0.5059,0.002,99332
heap_sort,500,random,3,7473,4072,0.0042501999996602535,18056,0.5059,0.002,99332
radix_sort,500,random,3,0,2500,0.001973700011149049,18056,0.5059,0.002,99332
bubble_sort,500,random,4,122920,63130,0.03656430006958544,18056,0.4939,0.002,99686
selection_sort,500,random,4,124750,492,0.018582499935291708,18056,0.4939,0.002,99686
insertion_sort,500,random,4,63623,63130,0.018284799996763468,18056,0.4939,0.002,99686
merge_sort,500,random,4,3847,4488,0.0031524000223726034,18056,0.4939,0.002,99686
quick_sort,500,random,4,4878,2794,0.0026348999235779047,18056,0.4939,0.002,99686
heap_sort,500,random,4,7432,4037,0.003935700049623847,18056,0.4939,0.002,99686
radix_sort,500,random,4,0,2500,0.00191580003593117,18056,0.4939,0.002,99686
bubble_sort,500,random,5,124729,62855,0.033485200023278594,18056,0.4962,0.002,99630
selection_sort,500,random,5,124750,495,0.019229199970141053,18056,0.4962,0.002,99630
insertion_sort,500,random,5,63349,62855,0.018486300017684698,18056,0.4962,0.002,99630
merge_sort,500,random,5,3843,4488,0.003146699978969991,18056,0.4962,0.002,99630
quick_sort,500,random,5,4621,2477,0.002550399978645146,18056,0.4962,0.002,99630
heap_sort,500,random,5,7424,4042,0.006092999945394695,18056,0.4962,0.002,99630
radix_sort,500,random,5,0,2500,0.0023319999454542994,18056,0.4962,0.002,99630
bubble_sort,510,random,1,129759,63823,0.03770560002885759,18416,0.5083,0.002,99663
selection_sort,510,random,1,129795,504,0.022771199932321906,18416,0.5083,0.002,99663
insertion_sort,510,random,1,64323,63823,0.01896610006224364,18416,0.5083,0.002,99663
merge_sort,510,random,1,3956,4588,0.003262300044298172,18416,0.5083,0.002,99663
quick_sort,510,random,1,5140,2640,0.003023599972948432,18416,0.5083,0.002,99663
heap_sort,510,random,1,7599,4152,0.004059599945321679,18416,0.5083,0.002,99663
radix_sort,510,random,1,0,2550,0.001983199967071414,18416,0.5083,0.002,99663
bubble_sort,510,random,2,128417,65080,0.035665699979290366,18416,0.4986,0.002,99376
selection_sort,510,random,2,129795,508,0.01989230001345277,18416,0.4986,0.002,99376
insertion_sort,510,random,2,65583,65080,0.019365399959497154,18416,0.4986,0.002,99376
merge_sort,510,random,2,3948,4588,0.0032201999565586448,18416,0.4986,0.002,99376
quick_sort,510,random,2,4838,2941,0.002771900035440922,18416,0.4986,0.002,99376
heap_sort,510,random,2,7585,4124,0.004337200080044568,18416,0.4986,0.002,99376
radix_sort,510,random,2,0,2550,0.0019929000409319997,18416,0.4986,0.002,99376
bubble_sort,510,random,3,128714,68855,0.035347199998795986,18416,0.4695,0.0,99598
selection_sort,510,random,3,129795,501,0.020432099932804704,18416,0.4695,0.0,99598
insertion_sort,510,random,3,69358,68855,0.020089899888262153,18416,0.4695,0.0,99598
merge_sort,510,random,3,3951,4588,0.0032513000769540668,18416,0.4695,0.0,99598
quick_sort,510,random,3,4405,2566,0.002559900050982833,18416,0.4695,0.0,99598
heap_sort,510,random,3,7606,4151,0.004058400052599609,18416,0.4695,0.0,99598
radix_sort,510,random,3,0,2550,0.001981999957934022,18416,0.4695,0.0,99598
bubble_sort,510,random,4,129360,68567,0.0395651999861002,18416,0.4717,0.002,99904
selection_sort,510,random,4,129795,503,0.020412700017914176,18416,0.4717,0.002,99904
insertion_sort,510,random,4,69062,68567,0.022750900010578334,18416,0.4717,0.002,99904
merge_sort,510,random,4,3959,4588,0.0035405000671744347,18416,0.4717,0.002,99904
quick_sort,510,random,4,5325,3396,0.005987900076434016,18416,0.4717,0.002,99904
heap_sort,510,random,4,7571,4116,0.005882999976165593,18416,0.4717,0.002,99904
radix_sort,510,random,4,0,2550,0.0020145000889897346,18416,0.4717,0.002,99904
bubble_sort,510,random,5,128934,66965,0.0359284000005573,18416,0.4841,0.002,99869
selection_sort,510,random,5,129795,503,0.019842199981212616,18416,0.4841,0.002,99869
insertion_sort,510,random,5,67468,66965,0.019362200051546097,18416,0.4841,0.002,99869
merge_sort,510,random,5,3944,4588,0.0034088999964296818,18416,0.4841,0.002,99869
quick_sort,510,random,5,4525,2572,0.002539800014346838,18416,0.4841,0.002,99869
heap_sort,510,random,5,7584,4131,0.004012000048533082,18416,0.4841,0.002,99869
radix_sort,510,random,5,0,2550,0.0019998999778181314,18416,0.4841,0.002,99869
bubble_sort,520,random,1,134237,67942,0.03734220005571842,18776,0.4965,0.0058,99733
selection_sort,520,random,1,134940,514,0.02003419992979616,18776,0.4965,0.0058,99733
insertion_sort,520,random,1,68455,67942,0.019879700033925474,18776,0.4965,0.0058,99733
merge_sort,520,random,1,4027,4696,0.0034778000554069877,18776,0.4965,0.0058,99733
quick_sort,520,random,1,4779,2460,0.0030580000020563602,18776,0.4965,0.0058,99733
heap_sort,520,random,1,7778,4241,0.004161700024269521,18776,0.4965,0.0058,99733
radix_sort,520,random,1,0,2600,0.0020299000898376107,18776,0.4965,0.0058,99733
bubble_sort,520,random,2,134709,68875,0.11729289998766035,18776,0.4896,0.0,99893
selection_sort,520,random,2,134940,517,0.028243500040844083,18776,0.4896,0.0,99893
insertion_sort,520,random,2,69387,68875,0.028009000001475215,18776,0.4896,0.0,99893
merge_sort,520,random,2,4061,4696,0.0049986999947577715,18776,0.4896,0.0,99893
quick_sort,520,random,2,4708,2945,0.0037426999770104885,18776,0.4896,0.0,99893
heap_sort,520,random,2,7779,4221,0.004085400025360286,18776,0.4896,0.0,99893
radix_sort,520,random,2,0,2600,0.0019938000477850437,18776,0.4896,0.0,99893
bubble_sort,520,random,3,134885,69783,0.03673829999752343,18776,0.4829,0.0,99200
selection_sort,520,random,3,134940,517,0.022434599930420518,18776,0.4829,0.0,99200
insertion_sort,520,random,3,70296,69783,0.022959399968385696,18776,0.4829,0.0,99200
merge_sort,520,random,3,4025,4696,0.004120200057514012,18776,0.4829,0.0,99200
quick_sort,520,random,3,5127,3064,0.002814200008288026,18776,0.4829,0.0,99200
heap_sort,520,random,3,7750,4219,0.0041853999719023705,18776,0.4829,0.0,99200
radix_sort,520,random,3,0,2600,0.0020077000372111797,18776,0.4829,0.0,99200
bubble_sort,520,random,4,134589,69674,0.036406600032933056,18776,0.4837,0.0019,99699
selection_sort,520,random,4,134940,514,0.020584899932146072,18776,0.4837,0.0019,99699
insertion_sort,520,random,4,70188,69674,0.020310499938204885,18776,0.4837,0.0019,99699
merge_sort,520,random,4,4031,4696,0.0034838999854400754,18776,0.4837,0.0019,99699
quick_sort,520,random,4,5141,2662,0.002738799899816513,18776,0.4837,0.0019,99699
heap_sort,520,random,4,7784,4222,0.004101800033822656,18776,0.4837,0.0019,99699
radix_sort,520,random,4,0,2600,0.002026899950578809,18776,0.4837,0.0019,99699
bubble_sort,520,random,5,134379,68164,0.03621540009044111,18776,0.4949,0.0019,99110
selection_sort,520,random,5,134940,514,0.01981619989965111,18776,0.4949,0.0019,99110
insertion_sort,520,random,5,68676,68164,0.022688700002618134,18776,0.4949,0.0019,99110
merge_sort,520,random,5,4035,4696,0.0034974999725818634,18776,0.4949,0.0019,99110
quick_sort,520,random,5,4682,2568,0.002645400003530085,18776,0.4949,0.0019,99110
heap_sort,520,random,5,7749,4223,0.004118799930438399,18776,0.4949,0.0019,99110
radix_sort,520,random,5,0,2600,0.00202850007917732,18776,0.4949,0.0019,99110
bubble_sort,530,random,1,140094,68803,0.042263500043191016,19136,0.5092,0.0019,99607
selection_sort,530,random,1,140185,521,0.02360930002760142,19136,0.5092,0.0019,99607
insertion_sort,530,random,1,69328,68803,0.02005350007675588,19136,0.5092,0.0019,99607
merge_sort,530,random,1,4123,4806,0.0034220999805256724,19136,0.5092,0.0019,99607
quick_sort,530,random,1,4875,2668,0.0031889000674709678,19136,0.5092,0.0019,99607
heap_sort,530,random,1,7964,4329,0.004225900047458708,19136,0.5092,0.0019,99607
radix_sort,530,random,1,0,2650,0.0020807000109925866,19136,0.5092,0.0019,99607
bubble_sort,530,random,2,139885,72299,0.03843050007708371,19136,0.4843,0.0,99436
selection_sort,530,random,2,140185,523,0.027751300018280745,19136,0.4843,0.0,99436
insertion_sort,530,random,2,72823,72299,0.029977299971506,19136,0.4843,0.0,99436
merge_sort,530,random,2,4133,4806,0.0038592000491917133,19136,0.4843,0.0,99436
quick_sort,530,random,2,4873,2898,0.002752400003373623,19136,0.4843,0.0,99436
heap_sort,530,random,2,7989,4345,0.004248499986715615,19136,0.4843,0.0,99436
radix_sort,530,random,2,0,2650,0.0026698000729084015,19136,0.4843,0.0,99436
bubble_sort,530,random,3,139689,69215,0.042629299918189645,19136,0.5063,0.0019,99789
selection_sort,530,random,3,140185,525,0.024475099984556437,19136,0.5063,0.0019,99789
insertion_sort,530,random,3,69741,69215,0.023150900029577315,19136,0.5063,0.0019,99789
merge_sort,530,random,3,4120,4806,0.003993100021034479,19136,0.5063,0.0019,99789
quick_sort,530,random,3,4827,3098,0.004174400004558265,19136,0.5063,0.0019,99789
heap_sort,530,random,3,7970,4325,0.012702099978923798,19136,0.5063,0.0019,99789
radix_sort,530,random,3,0,2650,0.0031203998951241374,19136,0.5063,0.0019,99789
bubble_sort,530,random,4,138105,71817,0.07673239998985082,19136,0.4877,0.0,99329
selection_sort,530,random,4,140185,525,0.02713539998512715,19136,0.4877,0.0,99329
insertion_sort,530,random,4,72341,71817,0.022130300058051944,19136,0.4877,0.0,99329
merge_sort,530,random,4,4133,4806,0.003587599960155785,19136,0.4877,0.0,99329
quick_sort,530,random,4,4591,2631,0.002632700023241341,19136,0.4877,0.0,99329
heap_sort,530,random,4,7948,4321,0.005109000019729137,19136,0.4877,0.0,99329
radix_sort,530,random,4,0,2650,0.002064000000245869,19136,0.4877,0.0,99329
bubble_sort,530,random,5,139909,66607,0.03809519996866584,19136,0.5249,0.0019,99873
selection_sort,530,random,5,140185,523,0.023962399922311306,19136,0.5249,0.0019,99873
insertion_sort,530,random,5,67128,66607,0.020432400051504374,19136,0.5249,0.0019,99873
merge_sort,530,random,5,4125,4806,0.005202400032430887,19136,0.5249,0.0019,99873
quick_sort,530,random,5,5262,3238,0.004589500022120774,19136,0.5249,0.0019,99873
heap_sort,530,random,5,7940,4319,0.005994599894620478,19136,0.5249,0.0019,99873
radix_sort,530,random,5,0,2650,0.0029248999198898673,19136,0.5249,0.0019,99873
bubble_sort,540,random,1,144969,67977,0.05018829996697605,19496,0.5329,0.0019,99530
selection_sort,540,random,1,145530,533,0.0232433999190107,19496,0.5329,0.0019,99530
insertion_sort,540,random,1,68513,67977,0.021814299980178475,19496,0.5329,0.0019,99530
merge_sort,540,random,1,4226,4916,0.004002199973911047,19496,0.5329,0.0019,99530
quick_sort,540,random,1,5035,3008,0.0030677999602630734,19496,0.5329,0.0019,99530
heap_sort,540,random,1,8135,4442,0.004496200010180473,19496,0.5329,0.0019,99530
radix_sort,540,random,1,0,2700,0.002253300044685602,19496,0.5329,0.0019,99530
bubble_sort,540,random,2,144935,72615,0.04491960001178086,19496,0.501,0.0,99389
selection_sort,540,random,2,145530,531,0.025055699981749058,19496,0.501,0.0,99389
insertion_sort,540,random,2,73149,72615,0.021384799969382584,19496,0.501,0.0,99389
merge_sort,540,random,2,4226,4916,0.003528999979607761,19496,0.501,0.0,99389
quick_sort,540,random,2,5028,2853,0.0028135000029578805,19496,0.501,0.0,99389
heap_sort,540,random,2,8124,4445,0.006227100035175681,19496,0.501,0.0,99389
radix_sort,540,random,2,0,2700,0.0037242999533191323,19496,0.501,0.0,99389
bubble_sort,540,random,3,144789,72460,0.06720369996037334,19496,0.5021,0.0019,99531
selection_sort,540,random,3,145530,530,0.022319899988360703,19496,0.5021,0.0019,99531
insertion_sort,540,random,3,72991,72460,0.021693299990147352,19496,0.5021,0.0019,99531
merge_sort,540,random,3,4227,4916,0.0035415999591350555,19496,0.5021,0.0019,99531
quick_sort,540,random,3,4914,2863,0.003122700029052794,19496,0.5021,0.0019,99531
heap_sort,540,random,3,8177,4451,0.004593400051817298,19496,0.5021,0.0019,99531
radix_sort,540,random,3,0,2700,0.0021639999467879534,19496,0.5021,0.0019,99531
bubble_sort,540,random,4,145340,70986,0.05590639996808022,19496,0.5122,0.0,99710
selection_sort,540,random,4,145530,534,0.02563330007251352,19496,0.5122,0.0,99710
insertion_sort,540,random,4,71517,70986,0.02189840003848076,19496,0.5122,0.0,99710
merge_sort,540,random,4,4213,4916,0.0035063999239355326,19496,0.5122,0.0,99710
quick_sort,540,random,4,5227,3309,0.003050199942663312,19496,0.5122,0.0,99710
heap_sort,540,random,4,8158,4440,0.004561399924568832,19496,0.5122,0.0,99710
radix_sort,540,random,4,0,2700,0.0025889999233186245,19496,0.5122,0.0,99710
bubble_sort,540,random,5,145359,71802,0.043336200062185526,19496,0.5066,0.0037,99828
selection_sort,540,random,5,145530,532,0.025167600018903613,19496,0.5066,0.0037,99828
insertion_sort,540,random,5,72332,71802,0.023849099990911782,19496,0.5066,0.0037,99828
merge_sort,540,random,5,4211,4916,0.005647900048643351,19496,0.5066,0.0037,99828
quick_sort,540,random,5,4974,2785,0.004676699987612665,19496,0.5066,0.0037,99828
heap_sort,540,random,5,8144,4423,0.0276528000831604,19496,0.5066,0.0037,99828
radix_sort,540,random,5,0,2700,0.0026030000299215317,19496,0.5066,0.0037,99828
bubble_sort,550,random,1,150540,74857,0.06030529993586242,19856,0.5042,0.0018,99598
selection_sort,550,random,1,150975,545,0.024916399968788028,19856,0.5042,0.0018,99598
insertion_sort,550,random,1,75399,74857,0.023049799958243966,19856,0.5042,0.0018,99598
merge_sort,550,random,1,4291,5026,0.0036717000184580684,19856,0.5042,0.0018,99598
quick_sort,550,random,1,5061,2414,0.004099500016309321,19856,0.5042,0.0018,99598
heap_sort,550,random,1,8362,4563,0.004474000073969364,19856,0.5042,0.0018,99598
radix_sort,550,random,1,0,2750,0.0021456999238580465,19856,0.5042,0.0018,99598
bubble_sort,550,random,2,150195,78386,0.04658080008812249,19856,0.4808,0.0,99772
selection_sort,550,random,2,150975,546,0.026467100018635392,19856,0.4808,0.0,99772
insertion_sort,550,random,2,78930,78386,0.02328510000370443,19856,0.4808,0.0,99772
merge_sort,550,random,2,4333,5026,0.00431150000076741,19856,0.4808,0.0,99772
quick_sort,550,random,2,4962,3261,0.00289939995855093,19856,0.4808,0.0,99772
heap_sort,550,random,2,8344,4528,0.004551500082015991,19856,0.4808,0.0,99772
radix_sort,550,random,2,0,2750,0.0021148999221622944,19856,0.4808,0.0,99772
bubble_sort,550,random,3,150699,69705,0.040953499963507056,19856,0.5383,0.0073,99600
selection_sort,550,random,3,150975,545,0.02440680004656315,19856,0.5383,0.0073,99600
insertion_sort,550,random,3,70247,69705,0.02153049991466105,19856,0.5383,0.0073,99600
merge_sort,550,random,3,4313,5026,0.003567799925804138,19856,0.5383,0.0073,99600
quick_sort,550,random,3,5122,2906,0.003530799993313849,19856,0.5383,0.0073,99600
heap_sort,550,random,3,8313,4517,0.00455890002194792,19856,0.5383,0.0073,99600
radix_sort,550,random,3,0,2750,0.002135300077497959,19856,0.5383,0.0073,99600
bubble_sort,550,random,4,150909,75707,0.05379899998661131,19856,0.4985,0.0036,99613
selection_sort,550,random,4,150975,544,0.023555499967187643,19856,0.4985,0.0036,99613
insertion_sort,550,random,4,76246,75707,0.023648299975320697,19856,0.4985,0.0036,99613
merge_sort,550,random,4,4319,5026,0.003598200040869415,19856,0.4985,0.0036,99613
quick_sort,550,random,4,5487,3189,0.003228300018236041,19856,0.4985,0.0036,99613
heap_sort,550,random,4,8318,4540,0.004759300034493208,19856,0.4985,0.0036,99613
radix_sort,550,random,4,0,2750,0.002257999964058399,19856,0.4985,0.0036,99613
bubble_sort,550,random,5,150597,77777,0.04624219995457679,19856,0.4848,0.0055,99916
selection_sort,550,random,5,150975,546,0.02490259998012334,19856,0.4848,0.0055,99916
insertion_sort,550,random,5,78324,77777,0.02375330007635057,19856,0.4848,0.0055,99916
merge_sort,550,random,5,4322,5026,0.0035806000232696533,19856,0.4848,0.0055,99916
quick_sort,550,random,5,5661,3459,0.003522800048813224,19856,0.4848,0.0055,99916
heap_sort,550,random,5,8348,4525,0.004451100016012788,19856,0.4848,0.0055,99916
radix_sort,550,random,5,0,2750,0.002160599920898676,19856,0.4848,0.0055,99916
bubble_sort,560,random,1,153360,77346,0.08845459995791316,20216,0.5058,0.0,99668
selection_sort,560,random,1,156520,550,0.024869099957868457,20216,0.5058,0.0,99668
insertion_sort,560,random,1,77898,77346,0.02585130010265857,20216,0.5058,0.0,99668
merge_sort,560,random,1,4421,5136,0.0036350999725982547,20216,0.5058,0.0,99668
quick_sort,560,random,1,5439,2883,0.002949699992313981,20216,0.5058,0.0,99668
heap_sort,560,random,1,8492,4606,0.004802300012670457,20216,0.5058,0.0,99668
radix_sort,560,random,1,0,2800,0.0021825999720022082,20216,0.5058,0.0,99668
bubble_sort,560,random,2,156310,79173,0.04801239992957562,20216,0.4942,0.0036,99768
selection_sort,560,random,2,156520,550,0.026302300044335425,20216,0.4942,0.0036,99768
insertion_sort,560,random,2,79728,79173,0.029853299958631396,20216,0.4942,0.0036,99768
merge_sort,560,random,2,4415,5136,0.003700300003401935,20216,0.4942,0.0036,99768
quick_sort,560,random,2,5424,2846,0.003376999986357987,20216,0.4942,0.0036,99768
heap_sort,560,random,2,8560,4659,0.004626199952326715,20216,0.4942,0.0036,99768
radix_sort,560,random,2,0,2800,0.00219409994315356,20216,0.4942,0.0036,99768
bubble_sort,560,random,3,156492,82744,0.051259699976071715,20216,0.4714,0.0036,99843
selection_sort,560,random,3,156520,551,0.02557539998088032,20216,0.4714,0.0036,99843
insertion_sort,560,random,3,83295,82744,0.02528209995944053,20216,0.4714,0.0036,99843
merge_sort,560,random,3,4403,5136,0.0038027999689802527,20216,0.4714,0.0036,99843
quick_sort,560,random,3,5377,3001,0.0029841000214219093,20216,0.4714,0.0036,99843
heap_sort,560,random,3,8494,4616,0.004575900034978986,20216,0.4714,0.0036,99843
radix_sort,560,random,3,0,2800,0.00221370009239763,20216,0.4714,0.0036,99843
bubble_sort,560,random,4,155089,76744,0.04499299998860806,20216,0.5097,0.0,99517
selection_sort,560,random,4,156520,552,0.024503099964931607,20216,0.5097,0.0,99517
insertion_sort,560,random,4,77295,76744,0.024654699955135584,20216,0.5097,0.0,99517
merge_sort,560,random,4,4424,5136,0.0037921000039204955,20216,0.5097,0.0,99517
quick_sort,560,random,4,5037,2850,0.0027990000089630485,20216,0.5097,0.0,99517
heap_sort,560,random,4,8504,4630,0.005268599954433739,20216,0.5097,0.0,99517
radix_sort,560,random,4,0,2800,0.0021893999073654413,20216,0.5097,0.0,99517
bubble_sort,560,random,5,156085,79876,0.0478013000683859,20216,0.4897,0.0036,99631
selection_sort,560,random,5,156520,555,0.027675900026224554,20216,0.4897,0.0036,99631
insertion_sort,560,random,5,80425,79876,0.02471729996614158,20216,0.4897,0.0036,99631
merge_sort,560,random,5,4414,5136,0.003941999981179833,20216,0.4897,0.0036,99631
quick_sort,560,random,5,5033,2887,0.0030673000728711486,20216,0.4897,0.0036,99631
heap_sort,560,random,5,8507,4620,0.009807499940507114,20216,0.4897,0.0036,99631
radix_sort,560,random,5,0,2800,0.0022190000163391232,20216,0.4897,0.0036,99631
bubble_sort,570,random,1,161975,83366,0.08186390006449074,20576,0.4859,0.007,99598
selection_sort,570,random,1,162165,563,0.025228500016964972,20576,0.4859,0.007,99598
insertion_sort,570,random,1,83932,83366,0.024907700018957257,20576,0.4859,0.007,99598
merge_sort,570,random,1,4481,5246,0.003857599920593202,20576,0.4859,0.007,99598
quick_sort,570,random,1,5272,3060,0.004452700028195977,20576,0.4859,0.007,99598
heap_sort,570,random,1,8710,4737,0.0047830999828875065,20576,0.4859,0.007,99598
radix_sort,570,random,1,0,2850,0.002631800016388297,20576,0.4859,0.007,99598
bubble_sort,570,random,2,161424,81338,0.04877009999472648,20576,0.4984,0.0035,99503
selection_sort,570,random,2,162165,568,0.02617989992722869,20576,0.4984,0.0035,99503
insertion_sort,570,random,2,81900,81338,0.025621899985708296,20576,0.4984,0.0035,99503
merge_sort,570,random,2,4511,5246,0.0037571999710053205,20576,0.4984,0.0035,99503
quick_sort,570,random,2,5699,3091,0.004821700043976307,20576,0.4984,0.0035,99503
heap_sort,570,random,2,8680,4697,0.004905099980533123,20576,0.4984,0.0035,99503
radix_sort,570,random,2,0,2850,0.0035264999605715275,20576,0.4984,0.0035,99503
bubble_sort,570,random,3,161037,80705,0.04655790003016591,20576,0.5023,0.0,99847
selection_sort,570,random,3,162165,563,0.028077500057406723,20576,0.5023,0.0,99847
insertion_sort,570,random,3,81263,80705,0.02445260004606098,20576,0.5023,0.0,99847
merge_sort,570,random,3,4508,5246,0.006768699968233705,20576,0.5023,0.0,99847
quick_sort,570,random,3,5636,3595,0.010886600008234382,20576,0.5023,0.0,99847
heap_sort,570,random,3,8716,4727,0.0053755000699311495,20576,0.5023,0.0,99847
radix_sort,570,random,3,0,2850,0.002619599923491478,20576,0.5023,0.0,99847
bubble_sort,570,random,4,161865,77280,0.05090319993905723,20576,0.5234,0.0035,99537
selection_sort,570,random,4,162165,564,0.028118400019593537,20576,0.5234,0.0035,99537
insertion_sort,570,random,4,77843,77280,0.02412209997419268,20576,0.5234,0.0035,99537
merge_sort,570,random,4,4512,5246,0.006733499933034182,20576,0.5234,0.0035,99537
quick_sort,570,random,4,5663,3164,0.003374599968083203,20576,0.5234,0.0035,99537
heap_sort,570,random,4,8687,4731,0.005232400028035045,20576,0.5234,0.0035,99537
radix_sort,570,random,4,0,2850,0.002267200034111738,20576,0.5234,0.0035,99537
bubble_sort,570,random,5,162099,79154,0.047050399938598275,20576,0.5119,0.0,99183
selection_sort,570,random,5,162165,564,0.025108100031502545,20576,0.5119,0.0,99183
insertion_sort,570,random,5,79719,79154,0.029324800008907914,20576,0.5119,0.0,99183
merge_sort,570,random,5,4526,5246,0.004004999995231628,20576,0.5119,0.0,99183
quick_sort,570,random,5,5423,3003,0.0035924999974668026,20576,0.5119,0.0,99183
heap_sort,570,random,5,8681,4712,0.005276600015349686,20576,0.5119,0.0,99183
radix_sort,570,random,5,0,2850,0.0026448999997228384,20576,0.5119,0.0,99183
bubble_sort,580,random,1,167855,85196,0.04990540002472699,20936,0.4926,0.0017,99613
selection_sort,580,random,1,167910,578,0.027085299952887,20936,0.4926,0.0017,99613
insertion_sort,580,random,1,85772,85196,0.027878700057044625,20936,0.4926,0.0017,99613
merge_sort,580,random,1,4615,5356,0.004163600038737059,20936,0.4926,0.0017,99613
quick_sort,580,random,1,5670,3115,0.003145199967548251,20936,0.4926,0.0017,99613
heap_sort,580,random,1,8881,4833,0.005480400053784251,20936,0.4926,0.0017,99613
radix_sort,580,random,1,0,2900,0.0030080999713391066,20936,0.4926,0.0017,99613
bubble_sort,580,random,2,167169,81537,0.04633719997946173,20936,0.5144,0.0034,99798
selection_sort,580,random,2,167910,573,0.02569390006829053,20936,0.5144,0.0034,99798
insertion_sort,580,random,2,82111,81537,0.02907629997935146,20936,0.5144,0.0034,99798
merge_sort,580,random,2,4602,5356,0.004674499970860779,20936,0.5144,0.0034,99798
quick_sort,580,random,2,5456,3017,0.0034577000187709928,20936,0.5144,0.0034,99798
heap_sort,580,random,2,8898,4824,0.007347300066612661,20936,0.5144,0.0034,99798
radix_sort,580,random,2,0,2900,0.003424399998039007,20936,0.5144,0.0034,99798
bubble_sort,580,random,3,167169,87613,0.05115229997318238,20936,0.4782,0.0034,99803
selection_sort,580,random,3,167910,573,0.02637839992530644,20936,0.4782,0.0034,99803
insertion_sort,580,random,3,88188,87613,0.027324200025759637,20936,0.4782,0.0034,99803
merge_sort,580,random,3,4608,5356,0.0038512999890372157,20936,0.4782,0.0034,99803
quick_sort,580,random,3,5899,3480,0.003623099997639656,20936,0.4782,0.0034,99803
heap_sort,580,random,3,8883,4820,0.004700699937529862,20936,0.4782,0.0034,99803
radix_sort,580,random,3,0,2900,0.0024410999612882733,20936,0.4782,0.0034,99803
bubble_sort,580,random,4,167832,82342,0.05168009991757572,20936,0.5096,0.0034,99484
selection_sort,580,random,4,167910,575,0.02816959994379431,20936,0.5096,0.0034,99484
insertion_sort,580,random,4,82914,82342,0.024979499983601272,20936,0.5096,0.0034,99484
merge_sort,580,random,4,4594,5356,0.004295899998396635,20936,0.5096,0.0034,99484
quick_sort,580,random,4,6074,3419,0.003274700022302568,20936,0.5096,0.0034,99484
heap_sort,580,random,4,8886,4849,0.005173600045964122,20936,0.5096,0.0034,99484
radix_sort,580,random,4,0,2900,0.002291399985551834,20936,0.5096,0.0034,99484
bubble_sort,580,random,5,167130,84005,0.04867050005123019,20936,0.4997,0.0034,99942
selection_sort,580,random,5,167910,573,0.0267075999872759,20936,0.4997,0.0034,99942
insertion_sort,580,random,5,84581,84005,0.026253000018186867,20936,0.4997,0.0034,99942
merge_sort,580,random,5,4600,5356,0.004112700000405312,20936,0.4997,0.0034,99942
quick_sort,580,random,5,5559,2916,0.002967100008390844,20936,0.4997,0.0034,99942
heap_sort,580,random,5,8879,4818,0.005223399959504604,20936,0.4997,0.0034,99942
radix_sort,580,random,5,0,2900,0.0022647000150755048,20936,0.4997,0.0034,99942
bubble_sort,590,random,1,173125,85233,0.05680020002182573,21296,0.5095,0.0034,99170
selection_sort,590,random,1,173755,583,0.026807400048710406,21296,0.5095,0.0034,99170
insertion_sort,590,random,1,85817,85233,0.027109600021503866,21296,0.5095,0.0034,99170
merge_sort,590,random,1,4711,5466,0.004425099934451282,21296,0.5095,0.0034,99170
quick_sort,590,random,1,5587,3564,0.0033288999693468213,21296,0.5095,0.0034,99170
heap_sort,590,random,1,9056,4921,0.005485700094141066,21296,0.5095,0.0034,99170
radix_sort,590,random,1,0,2950,0.002310900017619133,21296,0.5095,0.0034,99170
bubble_sort,590,random,2,172530,86401,0.0496976999565959,21296,0.5027,0.0051,99357
selection_sort,590,random,2,173755,582,0.02745259995572269,21296,0.5027,0.0051,99357
insertion_sort,590,random,2,86987,86401,0.02773239999078214,21296,0.5027,0.0051,99357
merge_sort,590,random,2,4714,5466,0.003937600064091384,21296,0.5027,0.0051,99357
quick_sort,590,random,2,5744,3584,0.00379719992633909,21296,0.5027,0.0051,99357
heap_sort,590,random,2,9081,4921,0.004904199973680079,21296,0.5027,0.0051,99357
radix_sort,590,random,2,0,2950,0.002321499981917441,21296,0.5027,0.0051,99357
bubble_sort,590,random,3,173727,85426,0.050219799974001944,21296,0.5084,0.0,99878
selection_sort,590,random,3,173755,582,0.03131120000034571,21296,0.5084,0.0,99878
insertion_sort,590,random,3,86010,85426,0.028429999947547913,21296,0.5084,0.0,99878
merge_sort,590,random,3,4698,5466,0.004089799942448735,21296,0.5084,0.0,99878
quick_sort,590,random,3,6712,3705,0.003968200064264238,21296,0.5084,0.0,99878
heap_sort,590,random,3,9088,4942,0.004939800011925399,21296,0.5084,0.0,99878
radix_sort,590,random,3,0,2950,0.002324999892152846,21296,0.5084,0.0,99878
bubble_sort,590,random,4,173014,83011,0.0503311000065878,21296,0.5223,0.0034,99592
selection_sort,590,random,4,173755,586,0.03649540001060814,21296,0.5223,0.0034,99592
insertion_sort,590,random,4,83594,83011,0.02766290004365146,21296,0.5223,0.0034,99592
merge_sort,590,random,4,4680,5466,0.004511900013312697,21296,0.5223,0.0034,99592
quick_sort,590,random,4,5415,3101,0.003917499911040068,21296,0.5223,0.0034,99592
heap_sort,590,random,4,9088,4937,0.005421000067144632,21296,0.5223,0.0034,99592
radix_sort,590,random,4,0,2950,0.0023080999962985516,21296,0.5223,0.0034,99592
bubble_sort,590,random,5,173125,86010,0.04914049990475178,21296,0.505,0.0051,99695
selection_sort,590,random,5,173755,583,0.02730900002643466,21296,0.505,0.0051,99695
insertion_sort,590,random,5,86593,86010,0.03074650000780821,21296,0.505,0.0051,99695
merge_sort,590,random,5,4695,5466,0.004708099993877113,21296,0.505,0.0051,99695
quick_sort,590,random,5,6516,3925,0.0038761000614613295,21296,0.505,0.0051,99695
heap_sort,590,random,5,9044,4901,0.004903599969111383,21296,0.505,0.0051,99695
radix_sort,590,random,5,0,2950,0.002689699991606176,21296,0.505,0.0051,99695
bubble_sort,600,random,1,179645,89888,0.06656549999024719,21656,0.4998,0.0033,99731
selection_sort,600,random,1,179700,594,0.033252599998377264,21656,0.4998,0.0033,99731
insertion_sort,600,random,1,90479,89888,0.02938780002295971,21656,0.4998,0.0033,99731
merge_sort,600,random,1,4805,5576,0.004059899947606027,21656,0.4998,0.0033,99731
quick_sort,600,random,1,5945,2765,0.004249399993568659,21656,0.4998,0.0033,99731
heap_sort,600,random,1,9202,4989,0.006039800005964935,21656,0.4998,0.0033,99731
radix_sort,600,random,1,0,3000,0.0027410000329837203,21656,0.4998,0.0033,99731
bubble_sort,600,random,2,178710,90283,0.05843640002422035,21656,0.4976,0.0017,99882
selection_sort,600,random,2,179700,589,0.033751699957065284,21656,0.4976,0.0017,99882
insertion_sort,600,random,2,90875,90283,0.031157699995674193,21656,0.4976,0.0017,99882
merge_sort,600,random,2,4796,5576,0.004535699961706996,21656,0.4976,0.0017,99882
quick_sort,600,random,2,5527,3075,0.004482900025323033,21656,0.4976,0.0017,99882
heap_sort,600,random,2,9290,5041,0.005593299982137978,21656,0.4976,0.0017,99882
radix_sort,600,random,2,0,3000,0.0025948999682441354,21656,0.4976,0.0017,99882
bubble_sort,600,random,3,179265,87736,0.0658448999747634,21656,0.5118,0.0,99708
selection_sort,600,random,3,179700,592,0.032430100021883845,21656,0.5118,0.0,99708
insertion_sort,600,random,3,88330,87736,0.1957721000071615,21656,0.5118,0.0,99708
merge_sort,600,random,3,4792,5576,0.00583149993326515,21656,0.5118,0.0,99708
quick_sort,600,random,3,5536,3166,0.004710200009867549,21656,0.5118,0.0,99708
heap_sort,600,random,3,9237,5004,0.005723099922761321,21656,0.5118,0.0,99708
radix_sort,600,random,3,0,3000,0.002386600011959672,21656,0.5118,0.0,99708
bubble_sort,600,random,4,179447,89169,0.049388199928216636,21656,0.5038,0.0033,99893
selection_sort,600,random,4,179700,597,0.0295878000324592,21656,0.5038,0.0033,99893
insertion_sort,600,random,4,89756,89169,0.030785200069658458,21656,0.5038,0.0033,99893
merge_sort,600,random,4,4771,5576,0.004145499900914729,21656,0.5038,0.0033,99893
quick_sort,600,random,4,5631,3089,0.0031527000246569514,21656,0.5038,0.0033,99893
heap_sort,600,random,4,9299,5038,0.006328299990855157,21656,0.5038,0.0033,99893
radix_sort,600,random,4,0,3000,0.0032508999574929476,21656,0.5038,0.0033,99893
bubble_sort,600,random,5,179685,91763,0.06219500000588596,21656,0.4894,0.005,99822
selection_sort,600,random,5,179700,592,0.03575059992726892,21656,0.4894,0.005,99822
insertion_sort,600,random,5,92358,91763,0.031100100022740662,21656,0.4894,0.005,99822
merge_sort,600,random,5,4782,5576,0.006344699999317527,21656,0.4894,0.005,99822
quick_sort,600,random,5,5690,3285,0.00503460003528744,21656,0.4894,0.005,99822
heap_sort,600,random,5,9233,4993,0.005154099897481501,21656,0.4894,0.005,99822
radix_sort,600,random,5,0,3000,0.002354900003410876,21656,0.4894,0.005,99822
bubble_sort,610,random,1,185420,91625,0.054694300051778555,22016,0.5067,0.0049,99528
selection_sort,610,random,1,185745,603,0.033218199969269335,22016,0.5067,0.0049,99528
insertion_sort,610,random,1,92231,91625,0.03160729992669076,22016,0.5067,0.0049,99528
merge_sort,610,random,1,4899,5686,0.004145000013522804,22016,0.5067,0.0049,99528
quick_sort,610,random,1,5809,3323,0.0037199000362306833,22016,0.5067,0.0049,99528
heap_sort,610,random,1,9451,5132,0.005326900049112737,22016,0.5067,0.0049,99528
radix_sort,610,random,1,0,3050,0.0023932999465614557,22016,0.5067,0.0049,99528
bubble_sort,610,random,2,185339,92527,0.06139809999149293,22016,0.5019,0.0033,99777
selection_sort,610,random,2,185745,603,0.03926670004148036,22016,0.5019,0.0033,99777
insertion_sort,610,random,2,93129,92527,0.029416200006380677,22016,0.5019,0.0033,99777
merge_sort,610,random,2,4884,5686,0.004268800024874508,22016,0.5019,0.0033,99777
quick_sort,610,random,2,6784,3780,0.003794600022956729,22016,0.5019,0.0033,99777
heap_sort,610,random,2,9456,5146,0.005102999974042177,22016,0.5019,0.0033,99777
radix_sort,610,random,2,0,3050,0.002396699972450733,22016,0.5019,0.0033,99777
bubble_sort,610,random,3,185717,92768,0.05703749996609986,22016,0.5006,0.0049,99560
selection_sort,610,random,3,185745,601,0.033172199968248606,22016,0.5006,0.0049,99560
insertion_sort,610,random,3,93372,92768,0.02938339998945594,22016,0.5006,0.0049,99560
merge_sort,610,random,3,4856,5686,0.004978799959644675,22016,0.5006,0.0049,99560
quick_sort,610,random,3,6126,3192,0.003467799979262054,22016,0.5006,0.0049,99560
heap_sort,610,random,3,9459,5153,0.005063900025561452,22016,0.5006,0.0049,99560
radix_sort,610,random,3,0,3050,0.0024302999954670668,22016,0.5006,0.0049,99560
bubble_sort,610,random,4,185574,93990,0.07491600001230836,22016,0.494,0.0082,99774
selection_sort,610,random,4,185745,603,0.03599710005801171,22016,0.494,0.0082,99774
insertion_sort,610,random,4,94591,93990,0.03145479992963374,22016,0.494,0.0082,99774
merge_sort,610,random,4,4886,5686,0.0044793999986723065,22016,0.494,0.0082,99774
quick_sort,610,random,4,5930,3775,0.0033881000708788633,22016,0.494,0.0082,99774
heap_sort,610,random,4,9439,5112,0.00584350002463907,22016,0.494,0.0082,99774
radix_sort,610,random,4,0,3050,0.002408199943602085,22016,0.494,0.0082,99774
bubble_sort,610,random,5,185679,93939,0.05406190000940114,22016,0.4943,0.0,99587
selection_sort,610,random,5,185745,601,0.028525599977001548,22016,0.4943,0.0,99587
insertion_sort,610,random,5,94541,93939,0.02927669999189675,22016,0.4943,0.0,99587
merge_sort,610,random,5,4888,5686,0.004517300054430962,22016,0.4943,0.0,99587
quick_sort,610,random,5,6577,3844,0.0037002000026404858,22016,0.4943,0.0,99587
heap_sort,610,random,5,9427,5121,0.005319899995811284,22016,0.4943,0.0,99587
radix_sort,610,random,5,0,3050,0.0025248000165447593,22016,0.4943,0.0,99587
bubble_sort,620,random,1,190237,93921,0.05573819996789098,22376,0.5105,0.0048,99760
selection_sort,620,random,1,191890,614,0.02968839998356998,22376,0.5105,0.0048,99760
insertion_sort,620,random,1,94533,93921,0.051084699924103916,22376,0.5105,0.0048,99760
merge_sort,620,random,1,4970,5796,0.008564800024032593,22376,0.5105,0.0048,99760
quick_sort,620,random,1,5940,3301,0.005193500081077218,22376,0.5105,0.0048,99760
heap_sort,620,random,1,9595,5208,0.012301100068725646,22376,0.5105,0.0048,99760
radix_sort,620,random,1,0,3100,0.0029215000104159117,22376,0.5105,0.0048,99760
bubble_sort,620,random,2,190900,95212,0.055825999937951565,22376,0.5038,0.0016,99735
selection_sort,620,random,2,191890,610,0.029742399929091334,22376,0.5038,0.0016,99735
insertion_sort,620,random,2,95824,95212,0.032738300040364265,22376,0.5038,0.0016,99735
merge_sort,620,random,2,5003,5796,0.004531499929726124,22376,0.5038,0.0016,99735
quick_sort,620,random,2,6518,3716,0.003714500111527741,22376,0.5038,0.0016,99735
heap_sort,620,random,2,9593,5202,0.005208399961702526,22376,0.5038,0.0016,99735
radix_sort,620,random,2,0,3100,0.0024349999148398638,22376,0.5038,0.0016,99735
bubble_sort,620,random,3,191812,93772,0.056562199955806136,22376,0.5113,0.0048,99814
selection_sort,620,random,3,191890,613,0.030394400004297495,22376,0.5113,0.0048,99814
insertion_sort,620,random,3,94386,93772,0.02878320007584989,22376,0.5113,0.0048,99814
merge_sort,620,random,3,4963,5796,0.004830399993807077,22376,0.5113,0.0048,99814
quick_sort,620,random,3,6097,2994,0.0033374999184161425,22376,0.5113,0.0048,99814
heap_sort,620,random,3,9578,5189,0.005314500071108341,22376,0.5113,0.0048,99814
radix_sort,620,random,3,0,3100,0.0025374999968335032,22376,0.5113,0.0048,99814
bubble_sort,620,random,4,191260,98374,0.05564220005180687,22376,0.4873,0.0048,99851
selection_sort,620,random,4,191890,610,0.03361039992887527,22376,0.4873,0.0048,99851
insertion_sort,620,random,4,98989,98374,0.03293029998894781,22376,0.4873,0.0048,99851
merge_sort,620,random,4,4961,5796,0.005197299993596971,22376,0.4873,0.0048,99851
quick_sort,620,random,4,6294,4286,0.00416769995354116,22376,0.4873,0.0048,99851
heap_sort,620,random,4,9611,5197,0.006387499975971878,22376,0.4873,0.0048,99851
radix_sort,620,random,4,0,3100,0.002598299994133413,22376,0.4873,0.0048,99851
bubble_sort,620,random,5,191799,94664,0.06285850005224347,22376,0.5067,0.0048,99796
selection_sort,620,random,5,191890,614,0.03350520005915314,22376,0.5067,0.0048,99796
insertion_sort,620,random,5,95280,94664,0.0324800000526011,22376,0.5067,0.0048,99796
merge_sort,620,random,5,5003,5796,0.004548800061456859,22376,0.5067,0.0048,99796
quick_sort,620,random,5,5955,3040,0.00442110002040863,22376,0.5067,0.0048,99796
heap_sort,620,random,5,9646,5238,0.006427400046959519,22376,0.5067,0.0048,99796
radix_sort,620,random,5,0,3100,0.002432700013741851,22376,0.5067,0.0048,99796
bubble_sort,630,random,1,197355,94057,0.06750630005262792,22736,0.5253,0.0016,99779
selection_sort,630,random,1,198135,626,0.031179599929600954,22736,0.5253,0.0016,99779
insertion_sort,630,random,1,94680,94057,0.029000199981965125,22736,0.5253,0.0016,99779
merge_sort,630,random,1,5081,5906,0.004393900046125054,22736,0.5253,0.0016,99779
quick_sort,630,random,1,6802,3262,0.0035800000187009573,22736,0.5253,0.0016,99779
heap_sort,630,random,1,9851,5345,0.006202499964274466,22736,0.5253,0.0016,99779
radix_sort,630,random,1,0,3150,0.0024622000055387616,22736,0.5253,0.0016,99779
bubble_sort,630,random,2,197505,100190,0.05629700003191829,22736,0.4943,0.0048,99680
selection_sort,630,random,2,198135,622,0.03198240010533482,22736,0.4943,0.0048,99680
insertion_sort,630,random,2,100812,100190,0.031196999945677817,22736,0.4943,0.0048,99680
merge_sort,630,random,2,5063,5906,0.0043880000011995435,22736,0.4943,0.0048,99680
quick_sort,630,random,2,6391,3903,0.005531399976462126,22736,0.4943,0.0048,99680
heap_sort,630,random,2,9794,5293,0.006059200037270784,22736,0.4943,0.0048,99680
radix_sort,630,random,2,0,3150,0.0024932000087574124,22736,0.4943,0.0048,99680
bubble_sort,630,random,3,198030,101359,0.05893539998214692,22736,0.4884,0.0032,99442
selection_sort,630,random,3,198135,619,0.031564899953082204,22736,0.4884,0.0032,99442
insertion_sort,630,random,3,101978,101359,0.032356100040487945,22736,0.4884,0.0032,99442
merge_sort,630,random,3,5062,5906,0.004544199910014868,22736,0.4884,0.0032,99442
quick_sort,630,random,3,6415,3443,0.0036052000941708684,22736,0.4884,0.0032,99442
heap_sort,630,random,3,9821,5316,0.005538800032809377,22736,0.4884,0.0032,99442
radix_sort,630,random,3,0,3150,0.002509600017219782,22736,0.4884,0.0032,99442
bubble_sort,630,random,4,197639,100188,0.05986969999503344,22736,0.4943,0.0016,99683
selection_sort,630,random,4,198135,624,0.03130049991887063,22736,0.4943,0.0016,99683
insertion_sort,630,random,4,100812,100188,0.03210449998732656,22736,0.4943,0.0016,99683
merge_sort,630,random,4,5049,5906,0.0044633999932557344,22736,0.4943,0.0016,99683
quick_sort,630,random,4,6481,3689,0.005337800015695393,22736,0.4943,0.0016,99683
heap_sort,630,random,4,9793,5313,0.005264599923975766,22736,0.4943,0.0016,99683
radix_sort,630,random,4,0,3150,0.0024878999684005976,22736,0.4943,0.0016,99683
bubble_sort,630,random,5,198125,99610,0.06164159998297691,22736,0.4973,0.0079,99749
selection_sort,630,random,5,198135,626,0.032514800084754825,22736,0.4973,0.0079,99749
insertion_sort,630,random,5,100236,99610,0.03391650004778057,22736,0.4973,0.0079,99749
merge_sort,630,random,5,5090,5906,0.0043271000031381845,22736,0.4973,0.0079,99749
quick_sort,630,random,5,5982,3057,0.003423699992708862,22736,0.4973,0.0079,99749
heap_sort,630,random,5,9854,5341,0.005423299968242645,22736,0.4973,0.0079,99749
radix_sort,630,random,5,0,3150,0.0024838000535964966,22736,0.4973,0.0079,99749
bubble_sort,640,random,1,204102,104859,0.05929800006560981,23096,0.4872,0.0031,99617
selection_sort,640,random,1,204480,637,0.03444320010021329,23096,0.4872,0.0031,99617
insertion_sort,640,random,1,105493,104859,0.03312739997636527,23096,0.4872,0.0031,99617
merge_sort,640,random,1,5170,6016,0.004504700074903667,23096,0.4872,0.0031,99617
quick_sort,640,random,1,6342,3800,0.003856400027871132,23096,0.4872,0.0031,99617
heap_sort,640,random,1,9993,5413,0.005735500017181039,23096,0.4872,0.0031,99617
radix_sort,640,random,1,0,3200,0.002874600002542138,23096,0.4872,0.0031,99617
bubble_sort,640,random,2,203619,99881,0.058659200090914965,23096,0.5115,0.0016,99879
selection_sort,640,random,2,204480,635,0.03576839994639158,23096,0.5115,0.0016,99879
insertion_sort,640,random,2,100513,99881,0.03566829999908805,23096,0.5115,0.0016,99879
merge_sort,640,random,2,5162,6016,0.004448299994692206,23096,0.5115,0.0016,99879
quick_sort,640,random,2,6907,3536,0.0036219999892637134,23096,0.5115,0.0016,99879
heap_sort,640,random,2,9985,5426,0.005749100004322827,23096,0.5115,0.0016,99879
radix_sort,640,random,2,0,3200,0.002507199998944998,23096,0.5115,0.0016,99879
bubble_sort,640,random,3,204425,98793,0.06086470000445843,23096,0.5169,0.0031,99613
selection_sort,640,random,3,204480,632,0.032474400009959936,23096,0.5169,0.0031,99613
insertion_sort,640,random,3,99426,98793,0.029920200002379715,23096,0.5169,0.0031,99613
merge_sort,640,random,3,5167,6016,0.004899900057353079,23096,0.5169,0.0031,99613
quick_sort,640,random,3,6549,3164,0.003513999981805682,23096,0.5169,0.0031,99613
heap_sort,640,random,3,10029,5436,0.005332300090231001,23096,0.5169,0.0031,99613
radix_sort,640,random,3,0,3200,0.0030586000066250563,23096,0.5169,0.0031,99613
bubble_sort,640,random,4,203739,99046,0.05759000009857118,23096,0.5156,0.0016,99793
selection_sort,640,random,4,204480,637,0.03384559997357428,23096,0.5156,0.0016,99793
insertion_sort,640,random,4,99681,99046,0.030645799939520657,23096,0.5156,0.0016,99793
merge_sort,640,random,4,5166,6016,0.0067371000768616796,23096,0.5156,0.0016,99793
quick_sort,640,random,4,8321,4312,0.004650300019420683,23096,0.5156,0.0016,99793
heap_sort,640,random,4,10001,5441,0.005340200033970177,23096,0.5156,0.0016,99793
radix_sort,640,random,4,0,3200,0.0025388000067323446,23096,0.5156,0.0016,99793
bubble_sort,640,random,5,203445,98583,0.05937779997475445,23096,0.5179,0.0078,99659
selection_sort,640,random,5,204480,630,0.03488620009738952,23096,0.5179,0.0078,99659
insertion_sort,640,random,5,99216,98583,0.030221999972127378,23096,0.5179,0.0078,99659
merge_sort,640,random,5,5167,6016,0.005161499953828752,23096,0.5179,0.0078,99659
quick_sort,640,random,5,6909,4190,0.0037530000554397702,23096,0.5179,0.0078,99659
heap_sort,640,random,5,10046,5454,0.005675600026734173,23096,0.5179,0.0078,99659
radix_sort,640,random,5,0,3200,0.0026428999844938517,23096,0.5179,0.0078,99659
bubble_sort,650,random,1,210547,105309,0.06242599990218878,23456,0.5007,0.0062,99909
selection_sort,650,random,1,210925,643,0.03356430004350841,23456,0.5007,0.0062,99909
insertion_sort,650,random,1,105950,105309,0.032365100109018385,23456,0.5007,0.0062,99909
merge_sort,650,random,1,5268,6126,0.004380500060506165,23456,0.5007,0.0062,99909
quick_sort,650,random,1,6463,3221,0.0035088000586256385,23456,0.5007,0.0062,99909
heap_sort,650,random,1,10205,5527,0.005477900034748018,23456,0.5007,0.0062,99909
radix_sort,650,random,1,0,3250,0.0026702999603003263,23456,0.5007,0.0062,99909
bubble_sort,650,random,2,210820,101349,0.059482499957084656,23456,0.5195,0.0062,99803
selection_sort,650,random,2,210925,641,0.03290230000857264,23456,0.5195,0.0062,99803
insertion_sort,650,random,2,101992,101349,0.03226889995858073,23456,0.5195,0.0062,99803
merge_sort,650,random,2,5249,6126,0.004518199944868684,23456,0.5195,0.0062,99803
quick_sort,650,random,2,6167,3226,0.00397670001257211,23456,0.5195,0.0062,99803
heap_sort,650,random,2,10201,5519,0.00539139995817095,23456,0.5195,0.0062,99803
radix_sort,650,random,2,0,3250,0.002563399961218238,23456,0.5195,0.0062,99803
bubble_sort,650,random,3,209599,102280,0.06030269991606474,23456,0.5151,0.0015,99570
selection_sort,650,random,3,210925,645,0.03459950000979006,23456,0.5151,0.0015,99570
insertion_sort,650,random,3,102919,102280,0.03179489995818585,23456,0.5151,0.0015,99570
merge_sort,650,random,3,5256,6126,0.004468500032089651,23456,0.5151,0.0015,99570
quick_sort,650,random,3,6260,3403,0.00343150005210191,23456,0.5151,0.0015,99570
heap_sort,650,random,3,10245,5563,0.005775799974799156,23456,0.5151,0.0015,99570
radix_sort,650,random,3,0,3250,0.002539099892601371,23456,0.5151,0.0015,99570
bubble_sort,650,random,4,210694,102376,0.060690199956297874,23456,0.5146,0.0015,99958
selection_sort,650,random,4,210925,641,0.03278339991811663,23456,0.5146,0.0015,99958
insertion_sort,650,random,4,103020,102376,0.0326164000434801,23456,0.5146,0.0015,99958
merge_sort,650,random,4,5244,6126,0.004660999984480441,23456,0.5146,0.0015,99958
quick_sort,650,random,4,6601,3193,0.0034869000082835555,23456,0.5146,0.0015,99958
heap_sort,650,random,4,10179,5524,0.007104299962520599,23456,0.5146,0.0015,99958
radix_sort,650,random,4,0,3250,0.003744899993762374,23456,0.5146,0.0015,99958
bubble_sort,650,random,5,210460,107744,0.06742999993730336,23456,0.4892,0.0031,99967
selection_sort,650,random,5,210925,644,0.03395230008754879,23456,0.4892,0.0031,99967
insertion_sort,650,random,5,108385,107744,0.03332290006801486,23456,0.4892,0.0031,99967
merge_sort,650,random,5,5255,6126,0.0045683999778702855,23456,0.4892,0.0031,99967
quick_sort,650,random,5,6097,3529,0.003767700050957501,23456,0.4892,0.0031,99967
heap_sort,650,random,5,10176,5508,0.0060397000052034855,23456,0.4892,0.0031,99967
radix_sort,650,random,5,0,3250,0.002642700099386275,23456,0.4892,0.0031,99967
bubble_sort,660,random,1,217239,107628,0.06341750000137836,23816,0.5051,0.0,99782
selection_sort,660,random,1,217470,654,0.03449940006248653,23816,0.5051,0.0,99782
insertion_sort,660,random,1,108278,107628,0.03313300001900643,23816,0.5051,0.0,99782
merge_sort,660,random,1,5358,6236,0.004428699961863458,23816,0.5051,0.0,99782
quick_sort,660,random,1,6630,3389,0.004196099936962128,23816,0.5051,0.0,99782
heap_sort,660,random,1,10334,5588,0.005870499997399747,23816,0.5051,0.0,99782
radix_sort,660,random,1,0,3300,0.0025701000122353435,23816,0.5051,0.0,99782
bubble_sort,660,random,2,217064,112333,0.08640819997526705,23816,0.4835,0.0045,99075
selection_sort,660,random,2,217470,654,0.034222699934616685,23816,0.4835,0.0045,99075
insertion_sort,660,random,2,112987,112333,0.035935800056904554,23816,0.4835,0.0045,99075
merge_sort,660,random,2,5349,6236,0.004406600026413798,23816,0.4835,0.0045,99075
quick_sort,660,random,2,6859,3955,0.004098900011740625,23816,0.4835,0.0045,99075
heap_sort,660,random,2,10322,5586,0.005655699991621077,23816,0.4835,0.0045,99075
radix_sort,660,random,2,0,3300,0.002678500022739172,23816,0.4835,0.0045,99075
bubble_sort,660,random,3,215985,108359,0.06977080006618053,23816,0.5017,0.003,99813
selection_sort,660,random,3,217470,651,0.043899500044062734,23816,0.5017,0.003,99813
insertion_sort,660,random,3,109009,108359,0.03382220002822578,23816,0.5017,0.003,99813
merge_sort,660,random,3,5348,6236,0.004486899939365685,23816,0.5017,0.003,99813
quick_sort,660,random,3,6656,4384,0.0037596001056954265,23816,0.5017,0.003,99813
heap_sort,660,random,3,10369,5613,0.005591300083324313,23816,0.5017,0.003,99813
radix_sort,660,random,3,0,3300,0.002590700052678585,23816,0.5017,0.003,99813
bubble_sort,660,random,4,217434,106078,0.06270499993115664,23816,0.5122,0.0045,99753
selection_sort,660,random,4,217470,652,0.03358779998961836,23816,0.5122,0.0045,99753
insertion_sort,660,random,4,106730,106078,0.033963599940761924,23816,0.5122,0.0045,99753
merge_sort,660,random,4,5352,6236,0.004722900106571615,23816,0.5122,0.0045,99753
quick_sort,660,random,4,6994,4604,0.004191100015304983,23816,0.5122,0.0045,99753
heap_sort,660,random,4,10368,5634,0.005559600074775517,23816,0.5122,0.0045,99753
radix_sort,660,random,4,0,3300,0.0031027999939396977,23816,0.5122,0.0045,99753
bubble_sort,660,random,5,216567,111947,0.06554430001415312,23816,0.4852,0.0015,99816
selection_sort,660,random,5,217470,655,0.03365729993674904,23816,0.4852,0.0015,99816
insertion_sort,660,random,5,112599,111947,0.03509970009326935,23816,0.4852,0.0015,99816
merge_sort,660,random,5,5370,6236,0.00493359996471554,23816,0.4852,0.0015,99816
quick_sort,660,random,5,7225,3211,0.0036427000304684043,23816,0.4852,0.0015,99816
heap_sort,660,random,5,10376,5620,0.005854499991983175,23816,0.4852,0.0015,99816
radix_sort,660,random,5,0,3300,0.002715199952945113,23816,0.4852,0.0015,99816
bubble_sort,670,random,1,223905,104896,0.06419720000121742,24176,0.532,0.0015,99717
selection_sort,670,random,1,224115,666,0.038023300003260374,24176,0.532,0.0015,99717
insertion_sort,670,random,1,105562,104896,0.03669869992882013,24176,0.532,0.0015,99717
merge_sort,670,random,1,5463,6346,0.005109100020490587,24176,0.532,0.0015,99717
quick_sort,670,random,1,7226,3146,0.0036735000321641564,24176,0.532,0.0015,99717
heap_sort,670,random,1,10587,5759,0.006001200061291456,24176,0.532,0.0015,99717
radix_sort,670,random,1,0,4020,0.003601799951866269,24176,0.532,0.0015,99717
bubble_sort,670,random,2,223554,110602,0.0651750999968499,24176,0.5065,0.0015,99778
selection_sort,670,random,2,224115,664,0.03576739993877709,24176,0.5065,0.0015,99778
insertion_sort,670,random,2,111265,110602,0.03590270003769547,24176,0.5065,0.0015,99778
merge_sort,670,random,2,5468,6346,0.004593700054101646,24176,0.5065,0.0015,99778
quick_sort,670,random,2,6241,3519,0.0034688999876379967,24176,0.5065,0.0015,99778
heap_sort,670,random,2,10522,5713,0.005919300019741058,24176,0.5065,0.0015,99778
radix_sort,670,random,2,0,3350,0.0026394000742584467,24176,0.5065,0.0015,99778
bubble_sort,670,random,3,223374,111665,0.07883929996751249,24176,0.5018,0.0,99566
selection_sort,670,random,3,224115,663,0.037138700019568205,24176,0.5018,0.0,99566
insertion_sort,670,random,3,112330,111665,0.033803700003772974,24176,0.5018,0.0,99566
merge_sort,670,random,3,5441,6346,0.004709900007583201,24176,0.5018,0.0,99566
quick_sort,670,random,3,6395,3316,0.003749400028027594,24176,0.5018,0.0,99566
heap_sort,670,random,3,10538,5709,0.0056721000000834465,24176,0.5018,0.0,99566
radix_sort,670,random,3,0,3350,0.0026814000448212028,24176,0.5018,0.0,99566
bubble_sort,670,random,4,223764,111971,0.06490300002042204,24176,0.5004,0.0045,99868
selection_sort,670,random,4,224115,661,0.03782989992760122,24176,0.5004,0.0045,99868
insertion_sort,670,random,4,112634,111971,0.048825800069607794,24176,0.5004,0.0045,99868
merge_sort,670,random,4,5451,6346,0.007660399889573455,24176,0.5004,0.0045,99868
quick_sort,670,random,4,6371,3987,0.004908099886961281,24176,0.5004,0.0045,99868
heap_sort,670,random,4,10528,5698,0.005936000030487776,24176,0.5004,0.0045,99868
radix_sort,670,random,4,0,3350,0.002755099907517433,24176,0.5004,0.0045,99868
bubble_sort,670,random,5,221837,108653,0.0625233999453485,24176,0.5152,0.003,99621
selection_sort,670,random,5,224115,663,0.03521810006350279,24176,0.5152,0.003,99621
insertion_sort,670,random,5,109317,108653,0.037304400000721216,24176,0.5152,0.003,99621
merge_sort,670,random,5,5442,6346,0.004750499967485666,24176,0.5152,0.003,99621
quick_sort,670,random,5,7540,4063,0.004974700044840574,24176,0.5152,0.003,99621
heap_sort,670,random,5,10574,5730,0.0061039999127388,24176,0.5152,0.003,99621
radix_sort,670,random,5,0,3350,0.002664600033313036,24176,0.5152,0.003,99621
bubble_sort,680,random,1,230230,116749,0.07038339995779097,24536,0.4943,0.0044,99893
selection_sort,680,random,1,230860,671,0.035819799988530576,24536,0.4943,0.0044,99893
insertion_sort,680,random,1,117422,116749,0.03566850000061095,24536,0.4943,0.0044,99893
merge_sort,680,random,1,5573,6456,0.005242799990810454,24536,0.4943,0.0044,99893
quick_sort,680,random,1,6991,4067,0.0042903999565169215,24536,0.4943,0.0044,99893
heap_sort,680,random,1,10739,5794,0.005655599990859628,24536,0.4943,0.0044,99893
radix_sort,680,random,1,0,3400,0.003136000013910234,24536,0.4943,0.0044,99893
bubble_sort,680,random,2,230857,112404,0.07063380000181496,24536,0.5131,0.0,99877
selection_sort,680,random,2,230860,672,0.036664600018411875,24536,0.5131,0.0,99877
insertion_sort,680,random,2,113079,112404,0.03592779999598861,24536,0.5131,0.0,99877
merge_sort,680,random,2,5530,6456,0.005171299912035465,24536,0.5131,0.0,99877
quick_sort,680,random,2,6915,3668,0.0067680999636650085,24536,0.5131,0.0,99877
heap_sort,680,random,2,10733,5814,0.007706300006248057,24536,0.5131,0.0,99877
radix_sort,680,random,2,0,3400,0.0031916999723762274,24536,0.5131,0.0,99877
bubble_sort,680,random,3,229585,113521,0.07036670006345958,24536,0.5083,0.0044,99460
selection_sort,680,random,3,230860,676,0.041608699946664274,24536,0.5083,0.0044,99460
insertion_sort,680,random,3,114195,113521,0.03564330004155636,24536,0.5083,0.0044,99460
merge_sort,680,random,3,5553,6456,0.0050400999607518315,24536,0.5083,0.0044,99460
quick_sort,680,random,3,7377,4456,0.0044457000913098454,24536,0.5083,0.0044,99460
heap_sort,680,random,3,10766,5852,0.005791899980977178,24536,0.5083,0.0044,99460
radix_sort,680,random,3,0,3400,0.0028748000040650368,24536,0.5083,0.0044,99460
bubble_sort,680,random,4,230157,115481,0.06978440005332232,24536,0.4998,0.0,99673
selection_sort,680,random,4,230860,675,0.036735799978487194,24536,0.4998,0.0,99673
insertion_sort,680,random,4,116153,115481,0.03927099995780736,24536,0.4998,0.0,99673
merge_sort,680,random,4,5544,6456,0.004866700037382543,24536,0.4998,0.0,99673
quick_sort,680,random,4,7053,4121,0.004112299997359514,24536,0.4998,0.0,99673
heap_sort,680,random,4,10789,5837,0.005820999969728291,24536,0.4998,0.0,99673
radix_sort,680,random,4,0,3400,0.0031783999875187874,24536,0.4998,0.0,99673
bubble_sort,680,random,5,230454,117684,0.0672802000772208,24536,0.4902,0.0059,99655
selection_sort,680,random,5,230860,671,0.03902799997013062,24536,0.4902,0.0059,99655
insertion_sort,680,random,5,118357,117684,0.03913489996921271,24536,0.4902,0.0059,99655
merge_sort,680,random,5,5535,6456,0.005161199951544404,24536,0.4902,0.0059,99655
quick_sort,680,random,5,7309,4177,0.004788800026290119,24536,0.4902,0.0059,99655
heap_sort,680,random,5,10763,5800,0.007397499983198941,24536,0.4902,0.0059,99655
radix_sort,680,random,5,0,3400,0.0029307000804692507,24536,0.4902,0.0059,99655
bubble_sort,690,random,1,237327,117037,0.0715274999383837,24896,0.5076,0.0,99846
selection_sort,690,random,1,237705,679,0.04104739998001605,24896,0.5076,0.0,99846
insertion_sort,690,random,1,117723,117037,0.038322499953210354,24896,0.5076,0.0,99846
merge_sort,690,random,1,5649,6566,0.0052475999109447,24896,0.5076,0.0,99846
quick_sort,690,random,1,7325,4795,0.004148700041696429,24896,0.5076,0.0,99846
heap_sort,690,random,1,10933,5915,0.006656399928033352,24896,0.5076,0.0,99846
radix_sort,690,random,1,0,3450,0.0027196999872103333,24896,0.5076,0.0,99846
bubble_sort,690,random,2,237380,120635,0.0714382000733167,24896,0.4925,0.0014,99515
selection_sort,690,random,2,237705,683,0.03701520001050085,24896,0.4925,0.0014,99515
insertion_sort,690,random,2,121323,120635,0.037059799884445965,24896,0.4925,0.0014,99515
merge_sort,690,random,2,5626,6566,0.005202700034715235,24896,0.4925,0.0014,99515
quick_sort,690,random,2,6595,3853,0.003943399991840124,24896,0.4925,0.0014,99515
heap_sort,690,random,2,10945,5921,0.005949400016106665,24896,0.4925,0.0014,99515
radix_sort,690,random,2,0,3450,0.002745400066487491,24896,0.4925,0.0014,99515
bubble_sort,690,random,3,237660,120562,0.07086249999701977,24896,0.4928,0.0014,99561
selection_sort,690,random,3,237705,682,0.03795439994428307,24896,0.4928,0.0014,99561
insertion_sort,690,random,3,121246,120562,0.03813690005335957,24896,0.4928,0.0014,99561
merge_sort,690,random,3,5648,6566,0.005194999976083636,24896,0.4928,0.0014,99561
quick_sort,690,random,3,6875,3667,0.00379290001001209,24896,0.4928,0.0014,99561
heap_sort,690,random,3,10864,5881,0.007550699985586107,24896,0.4928,0.0014,99561
radix_sort,690,random,3,0,3450,0.0029662000015378,24896,0.4928,0.0014,99561
bubble_sort,690,random,4,237380,114799,0.08684669993817806,24896,0.5171,0.0029,99309
selection_sort,690,random,4,237705,682,0.038948000059463084,24896,0.5171,0.0029,99309
insertion_sort,690,random,4,115484,114799,0.03566469997167587,24896,0.5171,0.0029,99309
merge_sort,690,random,4,5652,6566,0.00470130005851388,24896,0.5171,0.0029,99309
quick_sort,690,random,4,7574,3940,0.004076400073245168,24896,0.5171,0.0029,99309
heap_sort,690,random,4,10943,5954,0.006737199961207807,24896,0.5171,0.0029,99309
radix_sort,690,random,4,0,3450,0.0032522999681532383,24896,0.5171,0.0029,99309
bubble_sort,690,random,5,237677,120718,0.07096029992680997,24896,0.4922,0.0058,99831
selection_sort,690,random,5,237705,680,0.06217649998143315,24896,0.4922,0.0058,99831
insertion_sort,690,random,5,121402,120718,0.03716200008057058,24896,0.4922,0.0058,99831
merge_sort,690,random,5,5662,6566,0.005926599958911538,24896,0.4922,0.0058,99831
quick_sort,690,random,5,6973,3914,0.004021700005978346,24896,0.4922,0.0058,99831
heap_sort,690,random,5,10941,5886,0.0064316000789403915,24896,0.4922,0.0058,99831
radix_sort,690,random,5,0,3450,0.0031707000453025103,24896,0.4922,0.0058,99831
bubble_sort,700,random,1,244089,127005,0.07665770000312477,25256,0.4809,0.0057,99836
selection_sort,700,random,1,244650,694,0.037919400027021766,25256,0.4809,0.0057,99836
insertion_sort,700,random,1,127698,127005,0.03965219995006919,25256,0.4809,0.0057,99836
merge_sort,700,random,1,5746,6676,0.0049597000470384955,25256,0.4809,0.0057,99836
quick_sort,700,random,1,6706,3737,0.003759999992325902,25256,0.4809,0.0057,99836
heap_sort,700,random,1,11095,5988,0.005901800002902746,25256,0.4809,0.0057,99836
radix_sort,700,random,1,0,3500,0.002795299980789423,25256,0.4809,0.0057,99836
bubble_sort,700,random,2,244397,119935,0.06959470000583678,25256,0.5098,0.0057,99813
selection_sort,700,random,2,244650,696,0.03877960005775094,25256,0.5098,0.0057,99813
insertion_sort,700,random,2,120626,119935,0.03717350005172193,25256,0.5098,0.0057,99813
merge_sort,700,random,2,5759,6676,0.004891099990345538,25256,0.5098,0.0057,99813
quick_sort,700,random,2,6536,3521,0.004358200007118285,25256,0.5098,0.0057,99813
heap_sort,700,random,2,11127,6037,0.005915099987760186,25256,0.5098,0.0057,99813
radix_sort,700,random,2,0,3500,0.003794000018388033,25256,0.5098,0.0057,99813
bubble_sort,700,random,3,243474,123740,0.07178879994899035,25256,0.4942,0.0029,99495
selection_sort,700,random,3,244650,690,0.041319499956443906,25256,0.4942,0.0029,99495
insertion_sort,700,random,3,124436,123740,0.03907419997267425,25256,0.4942,0.0029,99495
merge_sort,700,random,3,5734,6676,0.005051100044511259,25256,0.4942,0.0029,99495
quick_sort,700,random,3,7597,4451,0.004989800043404102,25256,0.4942,0.0029,99495
heap_sort,700,random,3,11121,6013,0.0066229000221937895,25256,0.4942,0.0029,99495
radix_sort,700,random,3,0,3500,0.00277789996471256,25256,0.4942,0.0029,99495
bubble_sort,700,random,4,244089,123091,0.07528329989872873,25256,0.4969,0.0071,99761
selection_sort,700,random,4,244650,691,0.03808050008956343,25256,0.4969,0.0071,99761
insertion_sort,700,random,4,123785,123091,0.0387157000368461,25256,0.4969,0.0071,99761
merge_sort,700,random,4,5755,6676,0.004849900025874376,25256,0.4969,0.0071,99761
quick_sort,700,random,4,7007,4180,0.00560179993044585,25256,0.4969,0.0071,99761
heap_sort,700,random,4,11128,6034,0.006354199955239892,25256,0.4969,0.0071,99761
radix_sort,700,random,4,0,3500,0.0028442000038921833,25256,0.4969,0.0071,99761
bubble_sort,700,random,5,244020,122444,0.08468140009790659,25256,0.4995,0.0029,99305
selection_sort,700,random,5,244650,692,0.039454299956560135,25256,0.4995,0.0029,99305
insertion_sort,700,random,5,123133,122444,0.03930890001356602,25256,0.4995,0.0029,99305
merge_sort,700,random,5,5757,6676,0.005547399981878698,25256,0.4995,0.0029,99305
quick_sort,700,random,5,6454,3661,0.006915099918842316,25256,0.4995,0.0029,99305
heap_sort,700,random,5,11120,6021,0.009707299992442131,25256,0.4995,0.0029,99305
radix_sort,700,random,5,0,3500,0.004547300050035119,25256,0.4995,0.0029,99305
bubble_sort,710,random,1,251395,130917,0.08691129996441305,25616,0.4799,0.0014,99921
selection_sort,710,random,1,251695,702,0.041374800028279424,25616,0.4799,0.0014,99921
insertion_sort,710,random,1,131621,130917,0.040075300028547645,25616,0.4799,0.0014,99921
merge_sort,710,random,1,5819,6786,0.006346000009216368,25616,0.4799,0.0014,99921
quick_sort,710,random,1,7426,4440,0.004223400028422475,25616,0.4799,0.0014,99921
heap_sort,710,random,1,11329,6127,0.006213400047272444,25616,0.4799,0.0014,99921
radix_sort,710,random,1,0,3550,0.002858899999409914,25616,0.4799,0.0014,99921
bubble_sort,710,random,2,248769,126979,0.07275379996281117,25616,0.4955,0.0028,99866
selection_sort,710,random,2,251695,700,0.05189810006413609,25616,0.4955,0.0028,99866
insertion_sort,710,random,2,127681,126979,0.04804460005834699,25616,0.4955,0.0028,99866
merge_sort,710,random,2,5859,6786,0.005512700066901743,25616,0.4955,0.0028,99866
quick_sort,710,random,2,7781,4780,0.004300499917007983,25616,0.4955,0.0028,99866
heap_sort,710,random,2,11292,6122,0.006156399962492287,25616,0.4955,0.0028,99866
radix_sort,710,random,2,0,3550,0.0027966999914497137,25616,0.4955,0.0028,99866
bubble_sort,710,random,3,251559,127982,0.17392680002376437,25616,0.4915,0.0028,99713
selection_sort,710,random,3,251695,706,0.06523030006792396,25616,0.4915,0.0028,99713
insertion_sort,710,random,3,128681,127982,0.03837349999230355,25616,0.4915,0.0028,99713
merge_sort,710,random,3,5815,6786,0.004975700052455068,25616,0.4915,0.0028,99713
quick_sort,710,random,3,8056,4898,0.004292599973268807,25616,0.4915,0.0028,99713
heap_sort,710,random,3,11314,6112,0.006412499933503568,25616,0.4915,0.0028,99713
radix_sort,710,random,3,0,3550,0.002801000024192035,25616,0.4915,0.0028,99713
bubble_sort,710,random,4,251317,129393,0.07073759997729212,25616,0.4859,0.0,99854
selection_sort,710,random,4,251695,705,0.03980199992656708,25616,0.4859,0.0,99854
insertion_sort,710,random,4,130093,129393,0.03950539999641478,25616,0.4859,0.0,99854
merge_sort,710,random,4,5842,6786,0.006743500009179115,25616,0.4859,0.0,99854
quick_sort,710,random,4,7223,4658,0.0061784000135958195,25616,0.4859,0.0,99854
heap_sort,710,random,4,11316,6111,0.010168600012548268,25616,0.4859,0.0,99854
radix_sort,710,random,4,0,3550,0.003209299989975989,25616,0.4859,0.0,99854
bubble_sort,710,random,5,250749,125880,0.08819279994349927,25616,0.4999,0.0042,99749
selection_sort,710,random,5,251695,696,0.03985359997022897,25616,0.4999,0.0042,99749
insertion_sort,710,random,5,126584,125880,0.03911669994704425,25616,0.4999,0.0042,99749
merge_sort,710,random,5,5823,6786,0.004953700001351535,25616,0.4999,0.0042,99749
quick_sort,710,random,5,6853,3916,0.003933400032110512,25616,0.4999,0.0042,99749
heap_sort,710,random,5,11252,6079,0.006427699932828546,25616,0.4999,0.0042,99749
radix_sort,710,random,5,0,3550,0.003091300022788346,25616,0.4999,0.0042,99749
bubble_sort,720,random,1,258137,130773,0.07730080001056194,25976,0.4948,0.0028,99718
selection_sort,720,random,1,258840,711,0.04070709994994104,25976,0.4948,0.0028,99718
insertion_sort,720,random,1,131488,130773,0.04122239991556853,25976,0.4948,0.0028,99718
merge_sort,720,random,1,5945,6896,0.005448200041428208,25976,0.4948,0.0028,99718
quick_sort,720,random,1,7332,4252,0.00403170008212328,25976,0.4948,0.0028,99718
heap_sort,720,random,1,11455,6183,0.006064799963496625,25976,0.4948,0.0028,99718
radix_sort,720,random,1,0,3600,0.0036468999460339546,25976,0.4948,0.0028,99718
bubble_sort,720,random,2,256494,128355,0.07383470004424453,25976,0.5041,0.0,99653
selection_sort,720,random,2,258840,713,0.04056039999704808,25976,0.5041,0.0,99653
insertion_sort,720,random,2,129064,128355,0.04484520002733916,25976,0.5041,0.0,99653
merge_sort,720,random,2,5960,6896,0.005021700053475797,25976,0.5041,0.0,99653
quick_sort,720,random,2,7614,3525,0.003930000006221235,25976,0.5041,0.0,99653
heap_sort,720,random,2,11484,6215,0.006498600007034838,25976,0.5041,0.0,99653
radix_sort,720,random,2,0,3600,0.002824300085194409,25976,0.5041,0.0,99653
bubble_sort,720,random,3,258819,126306,0.0762869999743998,25976,0.512,0.0014,99654
selection_sort,720,random,3,258840,711,0.03971269994508475,25976,0.512,0.0014,99654
insertion_sort,720,random,3,127022,126306,0.039660500013269484,25976,0.512,0.0014,99654
merge_sort,720,random,3,5970,6896,0.0051120000425726175,25976,0.512,0.0014,99654
quick_sort,720,random,3,7332,4017,0.0051018999656662345,25976,0.512,0.0014,99654
heap_sort,720,random,3,11543,6242,0.0066787999821826816,25976,0.512,0.0014,99654
radix_sort,720,random,3,0,3600,0.0028346000472083688,25976,0.512,0.0014,99654
bubble_sort,720,random,4,257937,130976,0.07691949990112334,25976,0.494,0.0,99712
selection_sort,720,random,4,258840,714,0.04056469991337508,25976,0.494,0.0,99712
insertion_sort,720,random,4,131691,130976,0.0389803999569267,25976,0.494,0.0,99712
merge_sort,720,random,4,5933,6896,0.0048553000669926405,25976,0.494,0.0,99712
quick_sort,720,random,4,7217,3563,0.003955299966037273,25976,0.494,0.0,99712
heap_sort,720,random,4,11456,6192,0.006052599987015128,25976,0.494,0.0,99712
radix_sort,720,random,4,0,3600,0.0028734999941661954,25976,0.494,0.0,99712
bubble_sort,720,random,5,258245,129428,0.07513590005692095,25976,0.5,0.0069,99435
selection_sort,720,random,5,258840,709,0.03981830005068332,25976,0.5,0.0069,99435
insertion_sort,720,random,5,130142,129428,0.04287000000476837,25976,0.5,0.0069,99435
merge_sort,720,random,5,5960,6896,0.005841200007125735,25976,0.5,0.0069,99435
quick_sort,720,random,5,7426,4145,0.004174400004558265,25976,0.5,0.0069,99435
heap_sort,720,random,5,11465,6180,0.008344099973328412,25976,0.5,0.0069,99435
radix_sort,720,random,5,0,3600,0.003284500096924603,25976,0.5,0.0069,99435
bubble_sort,730,random,1,265139,131477,0.0741670000134036,26336,0.5059,0.0041,99701
selection_sort,730,random,1,266085,724,0.04205930000171065,26336,0.5059,0.0041,99701
insertion_sort,730,random,1,132202,131477,0.047373600071296096,26336,0.5059,0.0041,99701
merge_sort,730,random,1,6024,7006,0.004967699991539121,26336,0.5059,0.0041,99701
quick_sort,730,random,1,6870,3970,0.0039033000357449055,26336,0.5059,0.0041,99701
heap_sort,730,random,1,11651,6294,0.006504700053483248,26336,0.5059,0.0041,99701
radix_sort,730,random,1,0,3650,0.002871899981983006,26336,0.5059,0.0041,99701
bubble_sort,730,random,2,265650,136399,0.07669859996531159,26336,0.4874,0.0041,99933
selection_sort,730,random,2,266085,721,0.040332800010219216,26336,0.4874,0.0041,99933
insertion_sort,730,random,2,137114,136399,0.04226090002339333,26336,0.4874,0.0041,99933
merge_sort,730,random,2,6038,7006,0.004977599950507283,26336,0.4874,0.0041,99933
quick_sort,730,random,2,7485,4100,0.004104000050574541,26336,0.4874,0.0041,99933
heap_sort,730,random,2,11633,6279,0.007182399975135922,26336,0.4874,0.0041,99933
radix_sort,730,random,2,0,3650,0.002917699981480837,26336,0.4874,0.0041,99933
bubble_sort,730,random,3,266057,133119,0.07764039991889149,26336,0.4997,0.0055,99754
selection_sort,730,random,3,266085,723,0.04309230006765574,26336,0.4997,0.0055,99754
insertion_sort,730,random,3,133841,133119,0.041298799915239215,26336,0.4997,0.0055,99754
merge_sort,730,random,3,6026,7006,0.005206999951042235,26336,0.4997,0.0055,99754
quick_sort,730,random,3,7117,3691,0.003996700048446655,26336,0.4997,0.0055,99754
heap_sort,730,random,3,11680,6312,0.0070436999667435884,26336,0.4997,0.0055,99754
radix_sort,730,random,3,0,3650,0.0028879999881610274,26336,0.4997,0.0055,99754
bubble_sort,730,random,4,265182,128859,0.07309219997841865,26336,0.5157,0.0014,99847
selection_sort,730,random,4,266085,723,0.041518099955283105,26336,0.5157,0.0014,99847
insertion_sort,730,random,4,129581,128859,0.03833550005219877,26336,0.5157,0.0014,99847
merge_sort,730,random,4,6036,7006,0.0055973000125959516,26336,0.5157,0.0014,99847
quick_sort,730,random,4,7222,4504,0.004062799969688058,26336,0.5157,0.0014,99847
heap_sort,730,random,4,11694,6324,0.006251300103031099,26336,0.5157,0.0014,99847
radix_sort,730,random,4,0,3650,0.0035130000906065106,26336,0.5157,0.0014,99847
bubble_sort,730,random,5,265265,138827,0.07554959994740784,26336,0.4783,0.0027,99545
selection_sort,730,random,5,266085,722,0.04357670003082603,26336,0.4783,0.0027,99545
insertion_sort,730,random,5,139547,138827,0.04109269997570664,26336,0.4783,0.0027,99545
merge_sort,730,random,5,6052,7006,0.00501799990888685,26336,0.4783,0.0027,99545
quick_sort,730,random,5,7289,4398,0.005102299968712032,26336,0.4783,0.0027,99545
heap_sort,730,random,5,11660,6282,0.006236499990336597,26336,0.4783,0.0027,99545
radix_sort,730,random,5,0,3650,0.0028659000527113676,26336,0.4783,0.0027,99545
bubble_sort,740,random,1,271777,128760,0.07730120001360774,26696,0.5291,0.0041,99810
selection_sort,740,random,1,273430,732,0.044001300004310906,26696,0.5291,0.0041,99810
insertion_sort,740,random,1,129494,128760,0.03975940006785095,26696,0.5291,0.0041,99810
merge_sort,740,random,1,6140,7116,0.0050478000193834305,26696,0.5291,0.0041,99810
quick_sort,740,random,1,7528,4285,0.004357300000265241,26696,0.5291,0.0041,99810
heap_sort,740,random,1,11876,6437,0.006503200042061508,26696,0.5291,0.0041,99810
radix_sort,740,random,1,0,3700,0.0028957000467926264,26696,0.5291,0.0041,99810
bubble_sort,740,random,2,272869,142590,0.08431609999388456,26696,0.4785,0.0027,99807
selection_sort,740,random,2,273430,732,0.04204470000695437,26696,0.4785,0.0027,99807
insertion_sort,740,random,2,143318,142590,0.04478549992199987,26696,0.4785,0.0027,99807
merge_sort,740,random,2,6127,7116,0.005639299983158708,26696,0.4785,0.0027,99807
quick_sort,740,random,2,7651,4776,0.00427889998536557,26696,0.4785,0.0027,99807
heap_sort,740,random,2,11839,6410,0.006307699950411916,26696,0.4785,0.0027,99807
radix_sort,740,random,2,0,3700,0.0030355999479070306,26696,0.4785,0.0027,99807
bubble_sort,740,random,3,273277,135716,0.0773812000406906,26696,0.5037,0.0041,99641
selection_sort,740,random,3,273430,734,0.04212190001271665,26696,0.5037,0.0041,99641
insertion_sort,740,random,3,136448,135716,0.04271459998562932,26696,0.5037,0.0041,99641
merge_sort,740,random,3,6156,7116,0.0050830000545829535,26696,0.5037,0.0041,99641
quick_sort,740,random,3,7205,3953,0.0039920000126585364,26696,0.5037,0.0041,99641
heap_sort,740,random,3,11901,6429,0.006694199983030558,26696,0.5037,0.0041,99641
radix_sort,740,random,3,0,3700,0.00288759998511523,26696,0.5037,0.0041,99641
bubble_sort,740,random,4,273310,138000,0.07905199995730072,26696,0.4953,0.0014,99399
selection_sort,740,random,4,273430,732,0.04180519992951304,26696,0.4953,0.0014,99399
insertion_sort,740,random,4,138734,138000,0.041318199946545064,26696,0.4953,0.0014,99399
merge_sort,740,random,4,6138,7116,0.005092599894851446,26696,0.4953,0.0014,99399
quick_sort,740,random,4,8127,4928,0.005176899954676628,26696,0.4953,0.0014,99399
heap_sort,740,random,4,11879,6428,0.006403000093996525,26696,0.4953,0.0014,99399
radix_sort,740,random,4,0,3700,0.0029468999709933996,26696,0.4953,0.0014,99399
bubble_sort,740,random,5,271777,131937,0.07971690001431853,26696,0.5175,0.0014,99771
selection_sort,740,random,5,273430,735,0.042958299978636205,26696,0.5175,0.0014,99771
insertion_sort,740,random,5,132672,131937,0.040589099982753396,26696,0.5175,0.0014,99771
merge_sort,740,random,5,6157,7116,0.0051957000978291035,26696,0.5175,0.0014,99771
quick_sort,740,random,5,7798,4964,0.004441600060090423,26696,0.5175,0.0014,99771
heap_sort,740,random,5,11871,6445,0.006325499969534576,26696,0.5175,0.0014,99771
radix_sort,740,random,5,0,3700,0.0031088999239727855,26696,0.5175,0.0014,99771
bubble_sort,750,random,1,278664,139079,0.08033000002615154,27056,0.5048,0.0013,99862
selection_sort,750,random,1,280875,742,0.04396809998434037,27056,0.5048,0.0013,99862
insertion_sort,750,random,1,139820,139079,0.0445783999748528,27056,0.5048,0.0013,99862
merge_sort,750,random,1,6242,7226,0.005100499955005944,27056,0.5048,0.0013,99862
quick_sort,750,random,1,8857,4931,0.004691799986176193,27056,0.5048,0.0013,99862
heap_sort,750,random,1,12066,6532,0.006703700055368245,27056,0.5048,0.0013,99862
radix_sort,750,random,1,0,3750,0.0029697000281885266,27056,0.5048,0.0013,99862
bubble_sort,750,random,2,280622,137637,0.09365639998577535,27056,0.51,0.0027,99574
selection_sort,750,random,2,280875,743,0.04676209995523095,27056,0.51,0.0027,99574
insertion_sort,750,random,2,138380,137637,0.04305650002788752,27056,0.51,0.0027,99574
merge_sort,750,random,2,6221,7226,0.006120700039900839,27056,0.51,0.0027,99574
quick_sort,750,random,2,7396,4087,0.004083800013177097,27056,0.51,0.0027,99574
heap_sort,750,random,2,12054,6509,0.006357399979606271,27056,0.51,0.0027,99574
radix_sort,750,random,2,0,3750,0.003112700069323182,27056,0.51,0.0027,99574
bubble_sort,750,random,3,280550,132597,0.0775924000190571,27056,0.5279,0.008,99930
selection_sort,750,random,3,280875,740,0.045096299960277975,27056,0.5279,0.008,99930
insertion_sort,750,random,3,133339,132597,0.041618699906393886,27056,0.5279,0.008,99930
merge_sort,750,random,3,6222,7226,0.005682300077751279,27056,0.5279,0.008,99930
quick_sort,750,random,3,8335,4413,0.004870600067079067,27056,0.5279,0.008,99930
heap_sort,750,random,3,12061,6543,0.006607300019823015,27056,0.5279,0.008,99930
radix_sort,750,random,3,0,3750,0.0029862000374123454,27056,0.5279,0.008,99930
bubble_sort,750,random,4,280379,141894,0.08030889998190105,27056,0.4948,0.0027,99864
selection_sort,750,random,4,280875,740,0.045131899998523295,27056,0.4948,0.0027,99864
insertion_sort,750,random,4,142635,141894,0.04692400002386421,27056,0.4948,0.0027,99864
merge_sort,750,random,4,6263,7226,0.005152300000190735,27056,0.4948,0.0027,99864
quick_sort,750,random,4,7008,4104,0.004004199989140034,27056,0.4948,0.0027,99864
heap_sort,750,random,4,12070,6525,0.0072330000111833215,27056,0.4948,0.0027,99864
radix_sort,750,random,4,0,3750,0.0029675998957827687,27056,0.4948,0.0027,99864
bubble_sort,750,random,5,280722,142305,0.07983259996399283,27056,0.4934,0.0053,99913
selection_sort,750,random,5,280875,742,0.044511200045235455,27056,0.4934,0.0053,99913
insertion_sort,750,random,5,143051,142305,0.04302139999344945,27056,0.4934,0.0053,99913
merge_sort,750,random,5,6219,7226,0.005165299982763827,27056,0.4934,0.0053,99913
quick_sort,750,random,5,7978,4796,0.004346300032921135,27056,0.4934,0.0053,99913
heap_sort,750,random,5,12064,6532,0.006456200033426285,27056,0.4934,0.0053,99913
radix_sort,750,random,5,0,3750,0.002956200041808188,27056,0.4934,0.0053,99913
bubble_sort,760,random,1,288230,146095,0.0984357000561431,27416,0.4935,0.0013,99206
selection_sort,760,random,1,288420,753,0.055213899933733046,27416,0.4935,0.0013,99206
insertion_sort,760,random,1,146848,146095,0.05172580003272742,27416,0.4935,0.0013,99206
merge_sort,760,random,1,6302,7336,0.005709799937903881,27416,0.4935,0.0013,99206
quick_sort,760,random,1,7730,4422,0.0043400999857112765,27416,0.4935,0.0013,99206
heap_sort,760,random,1,12235,6624,0.006550100049935281,27416,0.4935,0.0013,99206
radix_sort,760,random,1,0,3800,0.0030761000234633684,27416,0.4935,0.0013,99206
bubble_sort,760,random,2,288230,144897,0.08747159992344677,27416,0.4976,0.0013,99949
selection_sort,760,random,2,288420,751,0.0466452999971807,27416,0.4976,0.0013,99949
insertion_sort,760,random,2,145650,144897,0.04453030007425696,27416,0.4976,0.0013,99949
merge_sort,760,random,2,6317,7336,0.00538539991248399,27416,0.4976,0.0013,99949
quick_sort,760,random,2,7281,4325,0.004073499934747815,27416,0.4976,0.0013,99949
heap_sort,760,random,2,12222,6612,0.007615900016389787,27416,0.4976,0.0013,99949
radix_sort,760,random,2,0,3800,0.002965899999253452,27416,0.4976,0.0013,99949
bubble_sort,760,random,3,286467,138047,0.08177449996583164,27416,0.5214,0.0039,99845
selection_sort,760,random,3,288420,748,0.04601259995251894,27416,0.5214,0.0039,99845
insertion_sort,760,random,3,138801,138047,0.04170099995099008,27416,0.5214,0.0039,99845
merge_sort,760,random,3,6304,7336,0.005344400065951049,27416,0.5214,0.0039,99845
quick_sort,760,random,3,7988,4545,0.004331899923272431,27416,0.5214,0.0039,99845
heap_sort,760,random,3,12311,6657,0.006621000007726252,27416,0.5214,0.0039,99845
radix_sort,760,random,3,0,3800,0.0029495999915525317,27416,0.5214,0.0039,99845
bubble_sort,760,random,4,287955,142615,0.08458880009129643,27416,0.5055,0.0039,99703
selection_sort,760,random,4,288420,753,0.04369130008853972,27416,0.5055,0.0039,99703
insertion_sort,760,random,4,143367,142615,0.043631099979393184,27416,0.5055,0.0039,99703
merge_sort,760,random,4,6335,7336,0.005188299925066531,27416,0.5055,0.0039,99703
quick_sort,760,random,4,7606,4337,0.004400499979965389,27416,0.5055,0.0039,99703
heap_sort,760,random,4,12252,6618,0.0065747000044211745,27416,0.5055,0.0039,99703
radix_sort,760,random,4,0,3800,0.0032595000229775906,27416,0.5055,0.0039,99703
bubble_sort,760,random,5,287195,145027,0.08266919991001487,27416,0.4972,0.0066,99875
selection_sort,760,random,5,288420,754,0.04639679996762425,27416,0.4972,0.0066,99875
insertion_sort,760,random,5,145780,145027,0.043099000002257526,27416,0.4972,0.0066,99875
merge_sort,760,random,5,6346,7336,0.005286400089971721,27416,0.4972,0.0066,99875
quick_sort,760,random,5,7924,4286,0.004232699982821941,27416,0.4972,0.0066,99875
heap_sort,760,random,5,12224,6590,0.00661069992929697,27416,0.4972,0.0066,99875
radix_sort,760,random,5,0,3800,0.0029727999353781343,27416,0.4972,0.0066,99875
bubble_sort,770,random,1,295987,152823,0.08783119998406619,27776,0.4838,0.0026,99591
selection_sort,770,random,1,296065,761,0.050416899961419404,27776,0.4838,0.0026,99591
insertion_sort,770,random,1,153588,152823,0.05012409994378686,27776,0.4838,0.0026,99591
merge_sort,770,random,1,6420,7446,0.005515199969522655,27776,0.4838,0.0026,99591
quick_sort,770,random,1,7487,4276,0.004142099991440773,27776,0.4838,0.0026,99591
heap_sort,770,random,1,12395,6680,0.00676060002297163,27776,0.4838,0.0026,99591
radix_sort,770,random,1,0,3850,0.0030282000079751015,27776,0.4838,0.0026,99591
bubble_sort,770,random,2,295987,150385,0.08721949998289347,27776,0.4921,0.0013,99911
selection_sort,770,random,2,296065,765,0.05060980003327131,27776,0.4921,0.0013,99911
insertion_sort,770,random,2,151149,150385,0.04413559997919947,27776,0.4921,0.0013,99911
merge_sort,770,random,2,6440,7446,0.005292000016197562,27776,0.4921,0.0013,99911
quick_sort,770,random,2,7459,4299,0.004190700012259185,27776,0.4921,0.0013,99911
heap_sort,770,random,2,12434,6716,0.009158599888905883,27776,0.4921,0.0013,99911
radix_sort,770,random,2,0,3850,0.003226500004529953,27776,0.4921,0.0013,99911
bubble_sort,770,random,3,294412,150468,0.08441730006597936,27776,0.4918,0.0065,99767
selection_sort,770,random,3,296065,760,0.044070799951441586,27776,0.4918,0.0065,99767
insertion_sort,770,random,3,151233,150468,0.046847600024193525,27776,0.4918,0.0065,99767
merge_sort,770,random,3,6433,7446,0.005300600081682205,27776,0.4918,0.0065,99767
quick_sort,770,random,3,7541,4688,0.004330100025981665,27776,0.4918,0.0065,99767
heap_sort,770,random,3,12394,6701,0.0069176999386399984,27776,0.4918,0.0065,99767
radix_sort,770,random,3,0,3850,0.003016200033016503,27776,0.4918,0.0065,99767
bubble_sort,770,random,4,295285,139909,0.08685389999300241,27776,0.5274,0.0052,99786
selection_sort,770,random,4,296065,760,0.04601399996317923,27776,0.5274,0.0052,99786
insertion_sort,770,random,4,140670,139909,0.04176779999397695,27776,0.5274,0.0052,99786
merge_sort,770,random,4,6411,7446,0.0056807000655680895,27776,0.5274,0.0052,99786
quick_sort,770,random,4,7845,4440,0.004243999952450395,27776,0.5274,0.0052,99786
heap_sort,770,random,4,12476,6765,0.006575100007466972,27776,0.5274,0.0052,99786
radix_sort,770,random,4,0,3850,0.003028000006452203,27776,0.5274,0.0052,99786
bubble_sort,770,random,5,295435,143092,0.0861783999716863,27776,0.5167,0.0013,99929
selection_sort,770,random,5,296065,763,0.046450600028038025,27776,0.5167,0.0013,99929
insertion_sort,770,random,5,143858,143092,0.042598500032909214,27776,0.5167,0.0013,99929
merge_sort,770,random,5,6412,7446,0.005541499936953187,27776,0.5167,0.0013,99929
quick_sort,770,random,5,7363,4315,0.004340199986472726,27776,0.5167,0.0013,99929
heap_sort,770,random,5,12427,6715,0.006796900066547096,27776,0.5167,0.0013,99929
radix_sort,770,random,5,0,3850,0.003033699933439493,27776,0.5167,0.0013,99929
bubble_sort,780,random,1,302820,152601,0.08714929991401732,28136,0.4977,0.0064,99634
selection_sort,780,random,1,303810,770,0.048299700021743774,28136,0.4977,0.0064,99634
insertion_sort,780,random,1,153372,152601,0.04756239999551326,28136,0.4977,0.0064,99634
merge_sort,780,random,1,6550,7556,0.005653399974107742,28136,0.4977,0.0064,99634
quick_sort,780,random,1,8525,4696,0.004675099975429475,28136,0.4977,0.0064,99634
heap_sort,780,random,1,12655,6829,0.006708000088110566,28136,0.4977,0.0064,99634
radix_sort,780,random,1,0,3900,0.003034799941815436,28136,0.4977,0.0064,99634
bubble_sort,780,random,2,303774,152295,0.111819599987939,28136,0.4987,0.0077,99510
selection_sort,780,random,2,303810,769,0.04608200001530349,28136,0.4987,0.0077,99510
insertion_sort,780,random,2,153072,152295,0.045753899961709976,28136,0.4987,0.0077,99510
merge_sort,780,random,2,6515,7556,0.005574599956162274,28136,0.4987,0.0077,99510
quick_sort,780,random,2,8826,4607,0.004657299956306815,28136,0.4987,0.0077,99510
heap_sort,780,random,2,12656,6856,0.006798899965360761,28136,0.4987,0.0077,99510
radix_sort,780,random,2,0,3900,0.0031114999437704682,28136,0.4987,0.0077,99510
bubble_sort,780,random,3,302990,156266,0.08946130005642772,28136,0.4856,0.0013,99901
selection_sort,780,random,3,303810,774,0.04567520006094128,28136,0.4856,0.0013,99901
insertion_sort,780,random,3,157040,156266,0.04875130008440465,28136,0.4856,0.0013,99901
merge_sort,780,random,3,6542,7556,0.008331299992278218,28136,0.4856,0.0013,99901
quick_sort,780,random,3,8935,4709,0.004897900042124093,28136,0.4856,0.0013,99901
heap_sort,780,random,3,12626,6832,0.006818900001235306,28136,0.4856,0.0013,99901
radix_sort,780,random,3,0,3900,0.003105600015260279,28136,0.4856,0.0013,99901
bubble_sort,780,random,4,303432,153579,0.0869607999920845,28136,0.4945,0.0,99779
selection_sort,780,random,4,303810,773,0.04503040004055947,28136,0.4945,0.0,99779
insertion_sort,780,random,4,154352,153579,0.046546599944122136,28136,0.4945,0.0,99779
merge_sort,780,random,4,6504,7556,0.00534130004234612,28136,0.4945,0.0,99779
quick_sort,780,random,4,8131,4530,0.004515000036917627,28136,0.4945,0.0,99779
heap_sort,780,random,4,12551,6783,0.006666100001893938,28136,0.4945,0.0,99779
radix_sort,780,random,4,0,3900,0.0030586998909711838,28136,0.4945,0.0,99779
bubble_sort,780,random,5,303620,153214,0.09405789989978075,28136,0.4957,0.0064,99548
selection_sort,780,random,5,303810,774,0.048809500061906874,28136,0.4957,0.0064,99548
insertion_sort,780,random,5,153985,153214,0.047702700016088784,28136,0.4957,0.0064,99548
merge_sort,780,random,5,6484,7556,0.00542979990132153,28136,0.4957,0.0064,99548
quick_sort,780,random,5,8000,4131,0.0045854999916628,28136,0.4957,0.0064,99548
heap_sort,780,random,5,12620,6806,0.006674799951724708,28136,0.4957,0.0064,99548
radix_sort,780,random,5,0,3900,0.003104900009930134,28136,0.4957,0.0064,99548
bubble_sort,790,random,1,311249,158124,0.09486419998575002,28496,0.4926,0.0089,99693
selection_sort,790,random,1,311655,782,0.06055799999739975,28496,0.4926,0.0089,99693
insertion_sort,790,random,1,158902,158124,0.04979110008571297,28496,0.4926,0.0089,99693
merge_sort,790,random,1,6618,7666,0.007913599954918027,28496,0.4926,0.0089,99693
quick_sort,790,random,1,7846,4492,0.0059269999619573355,28496,0.4926,0.0089,99693
heap_sort,790,random,1,12854,6936,0.007621400058269501,28496,0.4926,0.0089,99693
radix_sort,790,random,1,0,3950,0.0034417000133544207,28496,0.4926,0.0089,99693
bubble_sort,790,random,2,311645,155481,0.09862969990354031,28496,0.5011,0.0063,99959
selection_sort,790,random,2,311655,783,0.05747260001953691,28496,0.5011,0.0063,99959
insertion_sort,790,random,2,156264,155481,0.05316200002562255,28496,0.5011,0.0063,99959
merge_sort,790,random,2,6654,7666,0.008337300037965178,28496,0.5011,0.0063,99959
quick_sort,790,random,2,9055,4549,0.0070810000179335475,28496,0.5011,0.0063,99959
heap_sort,790,random,2,12833,6939,0.007746599963866174,28496,0.5011,0.0063,99959
radix_sort,790,random,2,0,3950,0.004103099927306175,28496,0.5011,0.0063,99959
bubble_sort,790,random,3,311465,156599,0.11608860001433641,28496,0.4975,0.0051,99588
selection_sort,790,random,3,311655,783,0.06624080007895827,28496,0.4975,0.0051,99588
insertion_sort,790,random,3,157384,156599,0.05220839998219162,28496,0.4975,0.0051,99588
merge_sort,790,random,3,6635,7666,0.005468999966979027,28496,0.4975,0.0051,99588
quick_sort,790,random,3,8619,4980,0.004816200002096593,28496,0.4975,0.0051,99588
heap_sort,790,random,3,12849,6947,0.007014899980276823,28496,0.4975,0.0051,99588
radix_sort,790,random,3,0,3950,0.003251100075431168,28496,0.4975,0.0051,99588
bubble_sort,790,random,4,310115,156473,0.0939675000263378,28496,0.4979,0.0051,99885
selection_sort,790,random,4,311655,783,0.052699799998663366,28496,0.4979,0.0051,99885
insertion_sort,790,random,4,157255,156473,0.0715429000556469,28496,0.4979,0.0051,99885
merge_sort,790,random,4,6617,7666,0.007195899961516261,28496,0.4979,0.0051,99885
quick_sort,790,random,4,9149,4355,0.005741399945691228,28496,0.4979,0.0051,99885
heap_sort,790,random,4,12861,6962,0.010437199962325394,28496,0.4979,0.0051,99885
radix_sort,790,random,4,0,3950,0.006839600042439997,28496,0.4979,0.0051,99885
bubble_sort,790,random,5,311330,151093,0.09576700010802597,28496,0.5152,0.0076,99988
selection_sort,790,random,5,311655,780,0.050140600069426,28496,0.5152,0.0076,99988
insertion_sort,790,random,5,151871,151093,0.04886199999600649,28496,0.5152,0.0076,99988
merge_sort,790,random,5,6628,7666,0.00551739998627454,28496,0.5152,0.0076,99988
quick_sort,790,random,5,7896,4434,0.004528100020252168,28496,0.5152,0.0076,99988
heap_sort,790,random,5,12822,6918,0.007071999949403107,28496,0.5152,0.0076,99988
radix_sort,790,random,5,0,3950,0.003140700049698353,28496,0.5152,0.0076,99988
bubble_sort,800,random,1,319135,158088,0.09739919996354729,28856,0.5054,0.005,99873
selection_sort,800,random,1,319600,794,0.05317939992528409,28856,0.5054,0.005,99873
insertion_sort,800,random,1,158879,158088,0.05214319995138794,28856,0.5054,0.005,99873
merge_sort,800,random,1,6713,7776,0.005661599920131266,28856,0.5054,0.005,99873
quick_sort,800,random,1,8058,4551,0.005311599932610989,28856,0.5054,0.005,99873
heap_sort,800,random,1,12982,7036,0.007279000012204051,28856,0.5054,0.005,99873
radix_sort,800,random,1,0,4000,0.0034461000468581915,28856,0.5054,0.005,99873
bubble_sort,800,random,2,319005,157883,0.09388349996879697,28856,0.506,0.0075,99942
selection_sort,800,random,2,319600,794,0.050897999899461865,28856,0.506,0.0075,99942
insertion_sort,800,random,2,158674,157883,0.05289059993810952,28856,0.506,0.0075,99942
merge_sort,800,random,2,6703,7776,0.006034299964085221,28856,0.506,0.0075,99942
quick_sort,800,random,2,8550,4756,0.004624500055797398,28856,0.506,0.0075,99942
heap_sort,800,random,2,13038,7039,0.008482599980197847,28856,0.506,0.0075,99942
radix_sort,800,random,2,0,4000,0.004741500015370548,28856,0.506,0.0075,99942
bubble_sort,800,random,3,319480,160494,0.09836169995833188,28856,0.4978,0.005,99255
selection_sort,800,random,3,319600,793,0.050568200065754354,28856,0.4978,0.005,99255
insertion_sort,800,random,3,161283,160494,0.05012819997500628,28856,0.4978,0.005,99255
merge_sort,800,random,3,6734,7776,0.005914100096561015,28856,0.4978,0.005,99255
quick_sort,800,random,3,7973,4287,0.0043163999216631055,28856,0.4978,0.005,99255
heap_sort,800,random,3,12981,7014,0.007447900017723441,28856,0.4978,0.005,99255
radix_sort,800,random,3,0,4000,0.0033315999899059534,28856,0.4978,0.005,99255
bubble_sort,800,random,4,319429,167398,0.1044461999554187,28856,0.4762,0.0037,99797
selection_sort,800,random,4,319600,791,0.053394900052808225,28856,0.4762,0.0037,99797
insertion_sort,800,random,4,168185,167398,0.05114449991378933,28856,0.4762,0.0037,99797
merge_sort,800,random,4,6703,7776,0.005675000022165477,28856,0.4762,0.0037,99797
quick_sort,800,random,4,8109,4534,0.005780499894171953,28856,0.4762,0.0037,99797
heap_sort,800,random,4,13019,7039,0.007313499925658107,28856,0.4762,0.0037,99797
radix_sort,800,random,4,0,4000,0.0031676999060437083,28856,0.4762,0.0037,99797
bubble_sort,800,random,5,319369,157102,0.1067246999591589,28856,0.5084,0.0063,99894
selection_sort,800,random,5,319600,795,0.050706899957731366,28856,0.5084,0.0063,99894
insertion_sort,800,random,5,157892,157102,0.05202699999790639,28856,0.5084,0.0063,99894
merge_sort,800,random,5,6727,7776,0.005524400039575994,28856,0.5084,0.0063,99894
quick_sort,800,random,5,7629,4285,0.005674500018358231,28856,0.5084,0.0063,99894
heap_sort,800,random,5,12990,7035,0.00740210001822561,28856,0.5084,0.0063,99894
radix_sort,800,random,5,0,4000,0.0031479999888688326,28856,0.5084,0.0063,99894
bubble_sort,810,random,1,326742,165976,0.10078290000092238,29216,0.4934,0.0025,99460
selection_sort,810,random,1,327645,800,0.052335300017148256,29216,0.4934,0.0025,99460
insertion_sort,810,random,1,166781,165976,0.05295729998033494,29216,0.4934,0.0025,99460
merge_sort,810,random,1,6805,7886,0.006562700029462576,29216,0.4934,0.0025,99460
quick_sort,810,random,1,8807,4501,0.0055330999894067645,29216,0.4934,0.0025,99460
heap_sort,810,random,1,13219,7115,0.007269500056281686,29216,0.4934,0.0025,99460
radix_sort,810,random,1,0,4050,0.003172700060531497,29216,0.4934,0.0025,99460
bubble_sort,810,random,2,327414,170555,0.1001186000648886,29216,0.4795,0.0049,99922
selection_sort,810,random,2,327645,796,0.051830100012011826,29216,0.4795,0.0049,99922
insertion_sort,810,random,2,171354,170555,0.056353399995714426,29216,0.4795,0.0049,99922
merge_sort,810,random,2,6846,7886,0.006378600024618208,29216,0.4795,0.0049,99922
quick_sort,810,random,2,8325,4426,0.004860099987126887,29216,0.4795,0.0049,99922
heap_sort,810,random,2,13183,7109,0.007404100033454597,29216,0.4795,0.0049,99922
radix_sort,810,random,2,0,4050,0.0041767000220716,29216,0.4795,0.0049,99922
bubble_sort,810,random,3,326699,154917,0.09395120001863688,29216,0.5272,0.0012,99899
selection_sort,810,random,3,327645,803,0.05557600001338869,29216,0.5272,0.0012,99899
insertion_sort,810,random,3,155723,154917,0.05100139998830855,29216,0.5272,0.0012,99899
merge_sort,810,random,3,6822,7886,0.00591449998319149,29216,0.5272,0.0012,99899
quick_sort,810,random,3,9566,4058,0.005104000098071992,29216,0.5272,0.0012,99899
heap_sort,810,random,3,13214,7162,0.008328699972480536,29216,0.5272,0.0012,99899
radix_sort,810,random,3,0,4050,0.0031837000278756022,29216,0.5272,0.0012,99899
bubble_sort,810,random,4,326865,172343,0.09807850001379848,29216,0.474,0.0,99955
selection_sort,810,random,4,327645,809,0.05568999995011836,29216,0.474,0.0,99955
insertion_sort,810,random,4,173148,172343,0.05601270007900894,29216,0.474,0.0,99955
merge_sort,810,random,4,6840,7886,0.005820199963636696,29216,0.474,0.0,99955
quick_sort,810,random,4,8264,4044,0.0046326000010594726,29216,0.474,0.0,99955
heap_sort,810,random,4,13242,7129,0.007225800072774291,29216,0.474,0.0,99955
radix_sort,810,random,4,0,4050,0.0035090999444946647,29216,0.474,0.0,99955
bubble_sort,810,random,5,327050,167023,0.09829810005612671,29216,0.4902,0.0037,99695
selection_sort,810,random,5,327645,804,0.05145070003345609,29216,0.4902,0.0037,99695
insertion_sort,810,random,5,167821,167023,0.052778299897909164,29216,0.4902,0.0037,99695
merge_sort,810,random,5,6839,7886,0.005996799911372364,29216,0.4902,0.0037,99695
quick_sort,810,random,5,8254,4803,0.005072799976915121,29216,0.4902,0.0037,99695
heap_sort,810,random,5,13171,7095,0.010471799992956221,29216,0.4902,0.0037,99695
radix_sort,810,random,5,0,4050,0.003393899998627603,29216,0.4902,0.0037,99695
bubble_sort,820,random,1,335654,166438,0.09792099997866899,29576,0.5043,0.0049,99714
selection_sort,820,random,1,335790,815,0.054197599994949996,29576,0.5043,0.0049,99714
insertion_sort,820,random,1,167248,166438,0.05241310002747923,29576,0.5043,0.0049,99714
merge_sort,820,random,1,6903,7996,0.00669680000282824,29576,0.5043,0.0049,99714
quick_sort,820,random,1,10278,6828,0.005537500022910535,29576,0.5043,0.0049,99714
heap_sort,820,random,1,13348,7216,0.008036000072024763,29576,0.5043,0.0049,99714
radix_sort,820,random,1,0,4100,0.003212300012819469,29576,0.5043,0.0049,99714
bubble_sort,820,random,2,330639,167252,0.10671979992184788,29576,0.5019,0.0037,99506
selection_sort,820,random,2,335790,811,0.05517930001951754,29576,0.5019,0.0037,99506
insertion_sort,820,random,2,168065,167252,0.05249610007740557,29576,0.5019,0.0037,99506
merge_sort,820,random,2,6917,7996,0.007494400022551417,29576,0.5019,0.0037,99506
quick_sort,820,random,2,8286,5280,0.00515760004054755,29576,0.5019,0.0037,99506
heap_sort,820,random,2,13367,7209,0.007811499992385507,29576,0.5019,0.0037,99506
radix_sort,820,random,2,0,4100,0.0032629999332129955,29576,0.5019,0.0037,99506
bubble_sort,820,random,3,334565,164504,0.11248909996356815,29576,0.5101,0.0061,98997
selection_sort,820,random,3,335790,813,0.06469180004205555,29576,0.5101,0.0061,98997
insertion_sort,820,random,3,165315,164504,0.06474309996701777,29576,0.5101,0.0061,98997
merge_sort,820,random,3,6902,7996,0.00582109997048974,29576,0.5101,0.0061,98997
quick_sort,820,random,3,8616,4962,0.006005400093272328,29576,0.5101,0.0061,98997
heap_sort,820,random,3,13447,7254,0.010472099995240569,29576,0.5101,0.0061,98997
radix_sort,820,random,3,0,4100,0.00324899994302541,29576,0.5101,0.0061,98997
bubble_sort,820,random,4,334194,165106,0.11597399995662272,29576,0.5083,0.0037,99845
selection_sort,820,random,4,335790,813,0.05761789996176958,29576,0.5083,0.0037,99845
insertion_sort,820,random,4,165919,165106,0.0601527999388054,29576,0.5083,0.0037,99845
merge_sort,820,random,4,6922,7996,0.006226500030606985,29576,0.5083,0.0037,99845
quick_sort,820,random,4,8298,5094,0.005013999994844198,29576,0.5083,0.0037,99845
heap_sort,820,random,4,13370,7219,0.011658999952487648,29576,0.5083,0.0037,99845
radix_sort,820,random,4,0,4100,0.0031750999623909593,29576,0.5083,0.0037,99845
bubble_sort,820,random,5,334844,171359,0.1126325000077486,29576,0.4897,0.0024,99689
selection_sort,820,random,5,335790,812,0.06079479993786663,29576,0.4897,0.0024,99689
insertion_sort,820,random,5,172172,171359,0.0657784000504762,29576,0.4897,0.0024,99689
merge_sort,820,random,5,6912,7996,0.0061169000109657645,29576,0.4897,0.0024,99689
quick_sort,820,random,5,8711,5294,0.009098700014874339,29576,0.4897,0.0024,99689
heap_sort,820,random,5,13375,7223,0.00757979997433722,29576,0.4897,0.0024,99689
radix_sort,820,random,5,0,4100,0.003501500003039837,29576,0.4897,0.0024,99689
bubble_sort,830,random,1,342324,170225,0.13611479999963194,29936,0.5052,0.0036,99872
selection_sort,830,random,1,344035,826,0.06520259997341782,29936,0.5052,0.0036,99872
insertion_sort,830,random,1,171050,170225,0.05654799996409565,29936,0.5052,0.0036,99872
merge_sort,830,random,1,6993,8106,0.006027100025676191,29936,0.5052,0.0036,99872
quick_sort,830,random,1,8872,4839,0.004859300097450614,29936,0.5052,0.0036,99872
heap_sort,830,random,1,13607,7358,0.010054699960164726,29936,0.5052,0.0036,99872
radix_sort,830,random,1,0,4150,0.0040200999937951565,29936,0.5052,0.0036,99872
bubble_sort,830,random,2,343882,168188,0.10318470001220703,29936,0.5111,0.0048,99835
selection_sort,830,random,2,344035,819,0.05398480000440031,29936,0.5111,0.0048,99835
insertion_sort,830,random,2,169012,168188,0.05266130005475134,29936,0.5111,0.0048,99835
merge_sort,830,random,2,7001,8106,0.005800900049507618,29936,0.5111,0.0048,99835
quick_sort,830,random,2,8542,4952,0.00526849995367229,29936,0.5111,0.0048,99835
heap_sort,830,random,2,13579,7358,0.00716949999332428,29936,0.5111,0.0048,99835
radix_sort,830,random,2,0,4150,0.003550100023858249,29936,0.5111,0.0048,99835
bubble_sort,830,random,3,342810,172935,0.10513239994179457,29936,0.4973,0.0048,99857
selection_sort,830,random,3,344035,826,0.053001100081019104,29936,0.4973,0.0048,99857
insertion_sort,830,random,3,173752,172935,0.0575219999300316,29936,0.4973,0.0048,99857
merge_sort,830,random,3,7009,8106,0.005760299973189831,29936,0.4973,0.0048,99857
quick_sort,830,random,3,8809,5257,0.005532999988645315,29936,0.4973,0.0048,99857
heap_sort,830,random,3,13598,7352,0.007939100032672286,29936,0.4973,0.0048,99857
radix_sort,830,random,3,0,4150,0.00334689998999238,29936,0.4973,0.0048,99857
bubble_sort,830,random,4,343804,171485,0.10260960005689412,29936,0.5015,0.0048,99745
selection_sort,830,random,4,344035,823,0.05352010007482022,29936,0.5015,0.0048,99745
insertion_sort,830,random,4,172304,171485,0.05532630009111017,29936,0.5015,0.0048,99745
merge_sort,830,random,4,7023,8106,0.005779500002972782,29936,0.5015,0.0048,99745
quick_sort,830,random,4,8432,4684,0.005069399951025844,29936,0.5015,0.0048,99745
heap_sort,830,random,4,13600,7335,0.007763699977658689,29936,0.5015,0.0048,99745
radix_sort,830,random,4,0,4150,0.003249600064009428,29936,0.5015,0.0048,99745
bubble_sort,830,random,5,343629,173438,0.10300080000888556,29936,0.4959,0.0048,99590
selection_sort,830,random,5,344035,827,0.05381790001410991,29936,0.4959,0.0048,99590
insertion_sort,830,random,5,174260,173438,0.056722400011494756,29936,0.4959,0.0048,99590
merge_sort,830,random,5,7016,8106,0.006100900005549192,29936,0.4959,0.0048,99590
quick_sort,830,random,5,8707,5014,0.006139399949461222,29936,0.4959,0.0048,99590
heap_sort,830,random,5,13613,7352,0.011523699969984591,29936,0.4959,0.0048,99590
radix_sort,830,random,5,0,4150,0.005452900077216327,29936,0.4959,0.0048,99590
bubble_sort,840,random,1,352365,175972,0.109627699945122,30296,0.5006,0.006,99856
selection_sort,840,random,1,352380,834,0.055811400059610605,30296,0.5006,0.006,99856
insertion_sort,840,random,1,176804,175972,0.05508900003042072,30296,0.5006,0.006,99856
merge_sort,840,random,1,7094,8216,0.005844100029207766,30296,0.5006,0.006,99856
quick_sort,840,random,1,8464,4666,0.005100600072182715,30296,0.5006,0.006,99856
heap_sort,840,random,1,13803,7470,0.009277499979361892,30296,0.5006,0.006,99856
radix_sort,840,random,1,0,4200,0.0033180000027641654,30296,0.5006,0.006,99856
bubble_sort,840,random,2,351560,175035,0.10584940004628152,30296,0.5033,0.006,99788
selection_sort,840,random,2,352380,834,0.055135399918071926,30296,0.5033,0.006,99788
insertion_sort,840,random,2,175861,175035,0.057176100090146065,30296,0.5033,0.006,99788
merge_sort,840,random,2,7123,8216,0.006446799961850047,30296,0.5033,0.006,99788
quick_sort,840,random,2,8754,4854,0.0054847999708727,30296,0.5033,0.006,99788
heap_sort,840,random,2,13793,7457,0.009769099997356534,30296,0.5033,0.006,99788
radix_sort,840,random,2,0,4200,0.003872399916872382,30296,0.5033,0.006,99788
bubble_sort,840,random,3,351884,172213,0.10630200000014156,30296,0.5113,0.0024,99857
selection_sort,840,random,3,352380,832,0.05592509999405593,30296,0.5113,0.0024,99857
insertion_sort,840,random,3,173045,172213,0.05538530007470399,30296,0.5113,0.0024,99857
merge_sort,840,random,3,7107,8216,0.006200100062415004,30296,0.5113,0.0024,99857
quick_sort,840,random,3,9261,5118,0.00511289993301034,30296,0.5113,0.0024,99857
heap_sort,840,random,3,13825,7481,0.007838199962861836,30296,0.5113,0.0024,99857
radix_sort,840,random,3,0,4200,0.0036373999901115894,30296,0.5113,0.0024,99857
bubble_sort,840,random,4,352080,168077,0.10538239998277277,30296,0.523,0.006,99653
selection_sort,840,random,4,352380,835,0.05609939992427826,30296,0.523,0.006,99653
insertion_sort,840,random,4,168913,168077,0.052236099960282445,30296,0.523,0.006,99653
merge_sort,840,random,4,7114,8216,0.005958099965937436,30296,0.523,0.006,99653
quick_sort,840,random,4,8906,5020,0.006272600032389164,30296,0.523,0.006,99653
heap_sort,840,random,4,13749,7452,0.00831920001655817,30296,0.523,0.006,99653
radix_sort,840,random,4,0,4200,0.003386200056411326,30296,0.523,0.006,99653
bubble_sort,840,random,5,351785,186498,0.11424370005261153,30296,0.4707,0.0048,99639
selection_sort,840,random,5,352380,837,0.05876809998881072,30296,0.4707,0.0048,99639
insertion_sort,840,random,5,187331,186498,0.0613632999593392,30296,0.4707,0.0048,99639
merge_sort,840,random,5,7104,8216,0.006115299998782575,30296,0.4707,0.0048,99639
quick_sort,840,random,5,8510,5391,0.004998199990950525,30296,0.4707,0.0048,99639
heap_sort,840,random,5,13788,7428,0.0076914000092074275,30296,0.4707,0.0048,99639
radix_sort,840,random,5,0,4200,0.003323499928228557,30296,0.4707,0.0048,99639
bubble_sort,850,random,1,359790,180489,0.10896979994140565,30656,0.4998,0.0035,99871
selection_sort,850,random,1,360825,842,0.05625690007582307,30656,0.4998,0.0035,99871
insertion_sort,850,random,1,181333,180489,0.05719129997305572,30656,0.4998,0.0035,99871
merge_sort,850,random,1,7219,8326,0.006635199999436736,30656,0.4998,0.0035,99871
quick_sort,850,random,1,9123,5240,0.004921299987472594,30656,0.4998,0.0035,99871
heap_sort,850,random,1,13980,7554,0.00785239995457232,30656,0.4998,0.0035,99871
radix_sort,850,random,1,0,4250,0.0034103000070899725,30656,0.4998,0.0035,99871
bubble_sort,850,random,2,359499,183285,0.1077054999768734,30656,0.492,0.0047,99843
selection_sort,850,random,2,360825,839,0.058451400022022426,30656,0.492,0.0047,99843
insertion_sort,850,random,2,184125,183285,0.05776890006382018,30656,0.492,0.0047,99843
merge_sort,850,random,2,7229,8326,0.006552500068210065,30656,0.492,0.0047,99843
quick_sort,850,random,2,9079,4946,0.004853600054048002,30656,0.492,0.0047,99843
heap_sort,850,random,2,13999,7556,0.00779920001514256,30656,0.492,0.0047,99843
radix_sort,850,random,2,0,4250,0.003804999985732138,30656,0.492,0.0047,99843
bubble_sort,850,random,3,360525,181318,0.10997460002545267,30656,0.4975,0.0035,99751
selection_sort,850,random,3,360825,837,0.05586490000132471,30656,0.4975,0.0035,99751
insertion_sort,850,random,3,182160,181318,0.05690419999882579,30656,0.4975,0.0035,99751
merge_sort,850,random,3,7216,8326,0.006322299945168197,30656,0.4975,0.0035,99751
quick_sort,850,random,3,8921,4830,0.0059652000200003386,30656,0.4975,0.0035,99751
heap_sort,850,random,3,13960,7514,0.0074238000670447946,30656,0.4975,0.0035,99751
radix_sort,850,random,3,0,4250,0.0035198000259697437,30656,0.4975,0.0035,99751
bubble_sort,850,random,4,360230,185142,0.11458450008649379,30656,0.4869,0.0047,99940
selection_sort,850,random,4,360825,844,0.05988179997075349,30656,0.4869,0.0047,99940
insertion_sort,850,random,4,185986,185142,0.06137849995866418,30656,0.4869,0.0047,99940
merge_sort,850,random,4,7206,8326,0.0065085000824183226,30656,0.4869,0.0047,99940
quick_sort,850,random,4,9974,6583,0.005715099978260696,30656,0.4869,0.0047,99940
heap_sort,850,random,4,13985,7549,0.007684900076128542,30656,0.4869,0.0047,99940
radix_sort,850,random,4,0,4250,0.0034169000573456287,30656,0.4869,0.0047,99940
bubble_sort,850,random,5,360230,180964,0.10897599998861551,30656,0.4985,0.0071,99768
selection_sort,850,random,5,360825,846,0.055526599986478686,30656,0.4985,0.0071,99768
insertion_sort,850,random,5,181808,180964,0.05772450007498264,30656,0.4985,0.0071,99768
merge_sort,850,random,5,7203,8326,0.0064202999928966165,30656,0.4985,0.0071,99768
quick_sort,850,random,5,8863,4941,0.0047305000480264425,30656,0.4985,0.0071,99768
heap_sort,850,random,5,13984,7552,0.007772499928250909,30656,0.4985,0.0071,99768
radix_sort,850,random,5,0,4250,0.0041467000264674425,30656,0.4985,0.0071,99768
bubble_sort,860,random,1,369045,182906,0.11250899999868125,31016,0.5048,0.0047,99855
selection_sort,860,random,1,369370,846,0.059568800032138824,31016,0.5048,0.0047,99855
insertion_sort,860,random,1,183759,182906,0.06170790002215654,31016,0.5048,0.0047,99855
merge_sort,860,random,1,7332,8436,0.0062015000730752945,31016,0.5048,0.0047,99855
quick_sort,860,random,1,9524,5497,0.005563899991102517,31016,0.5048,0.0047,99855
heap_sort,860,random,1,14196,7673,0.007838900084607303,31016,0.5048,0.0047,99855
radix_sort,860,random,1,0,4300,0.0037403999594971538,31016,0.5048,0.0047,99855
bubble_sort,860,random,2,368935,187498,0.11252939992118627,31016,0.4924,0.0012,99753
selection_sort,860,random,2,369370,856,0.08449259994085878,31016,0.4924,0.0012,99753
insertion_sort,860,random,2,188355,187498,0.06317779992241412,31016,0.4924,0.0012,99753
merge_sort,860,random,2,7279,8436,0.006972800008952618,31016,0.4924,0.0012,99753
quick_sort,860,random,2,8959,5370,0.005292999907396734,31016,0.4924,0.0012,99753
heap_sort,860,random,2,14207,7679,0.007512199925258756,31016,0.4924,0.0012,99753
radix_sort,860,random,2,0,4300,0.004246799973770976,31016,0.4924,0.0012,99753
bubble_sort,860,random,3,368242,184564,0.1300694999517873,31016,0.5003,0.0047,99693
selection_sort,860,random,3,369370,854,0.07345789996907115,31016,0.5003,0.0047,99693
insertion_sort,860,random,3,185417,184564,0.05978529993444681,31016,0.5003,0.0047,99693
merge_sort,860,random,3,7308,8436,0.006256100023165345,31016,0.5003,0.0047,99693
quick_sort,860,random,3,8565,4886,0.0070390000473707914,31016,0.5003,0.0047,99693
heap_sort,860,random,3,14189,7665,0.007800400024279952,31016,0.5003,0.0047,99693
radix_sort,860,random,3,0,4300,0.0034026000648736954,31016,0.5003,0.0047,99693
bubble_sort,860,random,4,367540,187360,0.11147510004229844,31016,0.4928,0.0047,99933
selection_sort,860,random,4,369370,850,0.05847849999554455,31016,0.4928,0.0047,99933
insertion_sort,860,random,4,188213,187360,0.06188789999578148,31016,0.4928,0.0047,99933
merge_sort,860,random,4,7285,8436,0.006623300025239587,31016,0.4928,0.0047,99933
quick_sort,860,random,4,9356,5723,0.005203699925914407,31016,0.4928,0.0047,99933
heap_sort,860,random,4,14146,7618,0.007953999913297594,31016,0.4928,0.0047,99933
radix_sort,860,random,4,0,4300,0.0033999000443145633,31016,0.4928,0.0047,99933
bubble_sort,860,random,5,368467,184289,0.1097758999094367,31016,0.5011,0.0012,99959
selection_sort,860,random,5,369370,851,0.05989370006136596,31016,0.5011,0.0012,99959
insertion_sort,860,random,5,185146,184289,0.06156529998406768,31016,0.5011,0.0012,99959
merge_sort,860,random,5,7313,8436,0.00647299992851913,31016,0.5011,0.0012,99959
quick_sort,860,random,5,9377,4809,0.004888599971309304,31016,0.5011,0.0012,99959
heap_sort,860,random,5,14178,7648,0.007906199898570776,31016,0.5011,0.0012,99959
radix_sort,860,random,5,0,4300,0.0033652998972684145,31016,0.5011,0.0012,99959
bubble_sort,870,random,1,377195,192720,0.11427709995768964,31376,0.4902,0.0057,99679
selection_sort,870,random,1,378015,862,0.06155920005403459,31376,0.4902,0.0057,99679
insertion_sort,870,random,1,193584,192720,0.06386360002215952,31376,0.4902,0.0057,99679
merge_sort,870,random,1,7430,8546,0.006405399995855987,31376,0.4902,0.0057,99679
quick_sort,870,random,1,10713,6273,0.005608099978417158,31376,0.4902,0.0057,99679
heap_sort,870,random,1,14308,7711,0.007899300078861415,31376,0.4902,0.0057,99679
radix_sort,870,random,1,0,4350,0.003940099966712296,31376,0.4902,0.0057,99679
bubble_sort,870,random,2,377385,192811,0.11307950003538281,31376,0.4899,0.0011,99597
selection_sort,870,random,2,378015,862,0.06634390004910529,31376,0.4899,0.0011,99597
insertion_sort,870,random,2,193667,192811,0.06581679999362677,31376,0.4899,0.0011,99597
merge_sort,870,random,2,7395,8546,0.0067550999810919166,31376,0.4899,0.0011,99597
quick_sort,870,random,2,8617,5370,0.005277099902741611,31376,0.4899,0.0011,99597
heap_sort,870,random,2,14311,7686,0.007592799956910312,31376,0.4899,0.0011,99597
radix_sort,870,random,2,0,4350,0.0037112999707460403,31376,0.4899,0.0011,99597
bubble_sort,870,random,3,377637,184540,0.11065059993416071,31376,0.5118,0.0011,99868
selection_sort,870,random,3,378015,864,0.06024550006259233,31376,0.5118,0.0011,99868
insertion_sort,870,random,3,185401,184540,0.058509099995717406,31376,0.5118,0.0011,99868
merge_sort,870,random,3,7420,8546,0.006669200025498867,31376,0.5118,0.0011,99868
quick_sort,870,random,3,9233,4369,0.005189499934203923,31376,0.5118,0.0011,99868
heap_sort,870,random,3,14362,7757,0.007719999994151294,31376,0.5118,0.0011,99868
radix_sort,870,random,3,0,4350,0.003784799948334694,31376,0.5118,0.0011,99868
bubble_sort,870,random,4,377879,192062,0.11204399995040148,31376,0.4919,0.0034,99971
selection_sort,870,random,4,378015,862,0.06423919997178018,31376,0.4919,0.0034,99971
insertion_sort,870,random,4,192926,192062,0.06093760009389371,31376,0.4919,0.0034,99971
merge_sort,870,random,4,7398,8546,0.006419099983759224,31376,0.4919,0.0034,99971
quick_sort,870,random,4,9803,5271,0.005551800015382469,31376,0.4919,0.0034,99971
heap_sort,870,random,4,14329,7723,0.008127400069497526,31376,0.4919,0.0034,99971
radix_sort,870,random,4,0,5220,0.004213899956084788,31376,0.4919,0.0034,99971
bubble_sort,870,random,5,377487,196387,0.11611149995587766,31376,0.4805,0.0069,99926
selection_sort,870,random,5,378015,864,0.06303449999541044,31376,0.4805,0.0069,99926
insertion_sort,870,random,5,197253,196387,0.06058110005687922,31376,0.4805,0.0069,99926
merge_sort,870,random,5,7432,8546,0.006917500053532422,31376,0.4805,0.0069,99926
quick_sort,870,random,5,8968,5282,0.005105099990032613,31376,0.4805,0.0069,99926
heap_sort,870,random,5,14325,7724,0.007822599960491061,31376,0.4805,0.0069,99926
radix_sort,870,random,5,0,4350,0.0034248000010848045,31376,0.4805,0.0069,99926
bubble_sort,880,random,1,385485,194826,0.11356130009517074,31736,0.4963,0.0045,99671
selection_sort,880,random,1,386760,872,0.07311300002038479,31736,0.4963,0.0045,99671
insertion_sort,880,random,1,195698,194826,0.06733439990784973,31736,0.4963,0.0045,99671
merge_sort,880,random,1,7504,8656,0.006246400065720081,31736,0.4963,0.0045,99671
quick_sort,880,random,1,9356,4562,0.005335099995136261,31736,0.4963,0.0045,99671
heap_sort,880,random,1,14552,7843,0.009125999989919364,31736,0.4963,0.0045,99671
radix_sort,880,random,1,0,4400,0.003495400073006749,31736,0.4963,0.0045,99671
bubble_sort,880,random,2,386057,189797,0.1286058999830857,31736,0.5093,0.0023,99926
selection_sort,880,random,2,386760,873,0.07602510007563978,31736,0.5093,0.0023,99926
insertion_sort,880,random,2,190669,189797,0.06120190001092851,31736,0.5093,0.0023,99926
merge_sort,880,random,2,7506,8656,0.006660199956968427,31736,0.5093,0.0023,99926
quick_sort,880,random,2,9539,5939,0.005314299953170121,31736,0.5093,0.0023,99926
heap_sort,880,random,2,14471,7800,0.00821069988887757,31736,0.5093,0.0023,99926
radix_sort,880,random,2,0,4400,0.003765700035728514,31736,0.5093,0.0023,99926
bubble_sort,880,random,3,386669,193011,0.14380700001493096,31736,0.501,0.0045,99922
selection_sort,880,random,3,386760,870,0.06186460005119443,31736,0.501,0.0045,99922
insertion_sort,880,random,3,193884,193011,0.06731770001351833,31736,0.501,0.0045,99922
merge_sort,880,random,3,7519,8656,0.007936200010590255,31736,0.501,0.0045,99922
quick_sort,880,random,3,8992,5062,0.0055207000114023685,31736,0.501,0.0045,99922
heap_sort,880,random,3,14546,7862,0.008033899939619005,31736,0.501,0.0045,99922
radix_sort,880,random,3,0,4400,0.003684000112116337,31736,0.501,0.0045,99922
bubble_sort,880,random,4,386739,198734,0.11764640000183135,31736,0.4862,0.0034,99918
selection_sort,880,random,4,386760,873,0.06321389996446669,31736,0.4862,0.0034,99918
insertion_sort,880,random,4,199605,198734,0.06284609995782375,31736,0.4862,0.0034,99918
merge_sort,880,random,4,7504,8656,0.007947899983264506,31736,0.4862,0.0034,99918
quick_sort,880,random,4,9382,5026,0.005155000020749867,31736,0.4862,0.0034,99918
heap_sort,880,random,4,14581,7856,0.007959599955938756,31736,0.4862,0.0034,99918
radix_sort,880,random,4,0,4400,0.0034959999611601233,31736,0.4862,0.0034,99918
bubble_sort,880,random,5,386640,191541,0.12538870004937053,31736,0.5048,0.0034,99328
selection_sort,880,random,5,386760,873,0.06320620002225041,31736,0.5048,0.0034,99328
insertion_sort,880,random,5,192413,191541,0.062063699937425554,31736,0.5048,0.0034,99328
merge_sort,880,random,5,7556,8656,0.006761399912647903,31736,0.5048,0.0034,99328
quick_sort,880,random,5,9789,4968,0.005161000066436827,31736,0.5048,0.0034,99328
heap_sort,880,random,5,14546,7861,0.008088900009170175,31736,0.5048,0.0034,99328
radix_sort,880,random,5,0,4400,0.0038174999644979835,31736,0.5048,0.0034,99328
bubble_sort,890,random,1,394279,194174,0.11941059993114322,32096,0.5092,0.0045,99703
selection_sort,890,random,1,395605,880,0.0780619999859482,32096,0.5092,0.0045,99703
insertion_sort,890,random,1,195057,194174,0.08300460001919419,32096,0.5092,0.0045,99703
merge_sort,890,random,1,7592,8766,0.006632899981923401,32096,0.5092,0.0045,99703
quick_sort,890,random,1,8883,5395,0.006874999962747097,32096,0.5092,0.0045,99703
heap_sort,890,random,1,14742,7977,0.008141800062730908,32096,0.5092,0.0045,99703
radix_sort,890,random,1,0,4450,0.0035668000346049666,32096,0.5092,0.0045,99703
bubble_sort,890,random,2,394744,193923,0.12145540001802146,32096,0.5098,0.0034,99826
selection_sort,890,random,2,395605,883,0.06205850001424551,32096,0.5098,0.0034,99826
insertion_sort,890,random,2,194807,193923,0.0774863000260666,32096,0.5098,0.0034,99826
merge_sort,890,random,2,7611,8766,0.006541499984450638,32096,0.5098,0.0034,99826
quick_sort,890,random,2,8603,5077,0.005096199922263622,32096,0.5098,0.0034,99826
heap_sort,890,random,2,14726,7959,0.008592700003646314,32096,0.5098,0.0034,99826
radix_sort,890,random,2,0,4450,0.003862900077365339,32096,0.5098,0.0034,99826
bubble_sort,890,random,3,395254,202495,0.11892039992380887,32096,0.4881,0.0045,99732
selection_sort,890,random,3,395605,886,0.06209420005325228,32096,0.4881,0.0045,99732
insertion_sort,890,random,3,203377,202495,0.06442599999718368,32096,0.4881,0.0045,99732
merge_sort,890,random,3,7611,8766,0.007891299901530147,32096,0.4881,0.0045,99732
quick_sort,890,random,3,9728,5361,0.005185800022445619,32096,0.4881,0.0045,99732
heap_sort,890,random,3,14724,7927,0.008008399978280067,32096,0.4881,0.0045,99732
radix_sort,890,random,3,0,4450,0.0035208999179303646,32096,0.4881,0.0045,99732
bubble_sort,890,random,4,395550,197676,0.11597439995966852,32096,0.5003,0.0079,99984
selection_sort,890,random,4,395605,875,0.0596470000455156,32096,0.5003,0.0079,99984
insertion_sort,890,random,4,198560,197676,0.062118400004692376,32096,0.5003,0.0079,99984
merge_sort,890,random,4,7579,8766,0.006222600000910461,32096,0.5003,0.0079,99984
quick_sort,890,random,4,9665,6395,0.009789300034753978,32096,0.5003,0.0079,99984
heap_sort,890,random,4,14743,7972,0.00797560007777065,32096,0.5003,0.0079,99984
radix_sort,890,random,4,0,4450,0.0036024999571964145,32096,0.5003,0.0079,99984
bubble_sort,890,random,5,394570,200306,0.12362349999602884,32096,0.4937,0.0079,99630
selection_sort,890,random,5,395605,883,0.06234940001741052,32096,0.4937,0.0079,99630
insertion_sort,890,random,5,201187,200306,0.0676382000092417,32096,0.4937,0.0079,99630
merge_sort,890,random,5,7618,8766,0.00676639995072037,32096,0.4937,0.0079,99630
quick_sort,890,random,5,9221,4760,0.005029100109823048,32096,0.4937,0.0079,99630
heap_sort,890,random,5,14708,7945,0.007886899984441698,32096,0.4937,0.0079,99630
radix_sort,890,random,5,0,4450,0.005710100056603551,32096,0.4937,0.0079,99630
bubble_sort,900,random,1,404540,202564,0.12123099993914366,32456,0.4993,0.0033,99741
selection_sort,900,random,1,404550,894,0.06315569998696446,32456,0.4993,0.0033,99741
insertion_sort,900,random,1,203458,202564,0.06021670007612556,32456,0.4993,0.0033,99741
merge_sort,900,random,1,7698,8876,0.006475399946793914,32456,0.4993,0.0033,99741
quick_sort,900,random,1,10149,5272,0.005431000026874244,32456,0.4993,0.0033,99741
heap_sort,900,random,1,14929,8081,0.007890600012615323,32456,0.4993,0.0033,99741
radix_sort,900,random,1,0,4500,0.003542899969033897,32456,0.4993,0.0033,99741
bubble_sort,900,random,2,403884,208963,0.11912230006419122,32456,0.4835,0.0011,99803
selection_sort,900,random,2,404550,890,0.06844599999021739,32456,0.4835,0.0011,99803
insertion_sort,900,random,2,209857,208963,0.06358299998100847,32456,0.4835,0.0011,99803
merge_sort,900,random,2,7697,8876,0.006496099987998605,32456,0.4835,0.0011,99803
quick_sort,900,random,2,9034,5267,0.005140499910339713,32456,0.4835,0.0011,99803
heap_sort,900,random,2,14917,8040,0.008021900081075728,32456,0.4835,0.0011,99803
radix_sort,900,random,2,0,4500,0.003543199971318245,32456,0.4835,0.0011,99803
bubble_sort,900,random,3,402839,204290,0.12135559995658696,32456,0.495,0.0033,99804
selection_sort,900,random,3,404550,894,0.06231449998449534,32456,0.495,0.0033,99804
insertion_sort,900,random,3,205186,204290,0.06294219999108464,32456,0.495,0.0033,99804
merge_sort,900,random,3,7702,8876,0.006534099928103387,32456,0.495,0.0033,99804
quick_sort,900,random,3,10462,6269,0.005617399932816625,32456,0.495,0.0033,99804
heap_sort,900,random,3,14953,8061,0.008089300012215972,32456,0.495,0.0033,99804
radix_sort,900,random,3,0,4500,0.003535799914970994,32456,0.495,0.0033,99804
bubble_sort,900,random,4,403469,202520,0.11853079998400062,32456,0.4994,0.0044,99893
selection_sort,900,random,4,404550,895,0.0689962999895215,32456,0.4994,0.0044,99893
insertion_sort,900,random,4,203413,202520,0.06035109993536025,32456,0.4994,0.0044,99893
merge_sort,900,random,4,7671,8876,0.006492099957540631,32456,0.4994,0.0044,99893
quick_sort,900,random,4,9264,4869,0.004897700040601194,32456,0.4994,0.0044,99893
heap_sort,900,random,4,14961,8079,0.00798140000551939,32456,0.4994,0.0044,99893
radix_sort,900,random,4,0,4500,0.0038255000254139304,32456,0.4994,0.0044,99893
bubble_sort,900,random,5,404484,201376,0.1183232000330463,32456,0.5022,0.0033,99863
selection_sort,900,random,5,404550,890,0.06131899997126311,32456,0.5022,0.0033,99863
insertion_sort,900,random,5,202267,201376,0.061648800037801266,32456,0.5022,0.0033,99863
merge_sort,900,random,5,7702,8876,0.006809100043028593,32456,0.5022,0.0033,99863
quick_sort,900,random,5,10983,5539,0.005556499934755266,32456,0.5022,0.0033,99863
heap_sort,900,random,5,14913,8060,0.00816219998523593,32456,0.5022,0.0033,99863
radix_sort,900,random,5,0,4500,0.0036850000033155084,32456,0.5022,0.0033,99863
bubble_sort,910,random,1,413217,201837,0.12242589995730668,32816,0.512,0.0044,99715
selection_sort,910,random,1,413595,904,0.06426109990570694,32816,0.512,0.0044,99715
insertion_sort,910,random,1,202742,201837,0.06373149994760752,32816,0.512,0.0044,99715
merge_sort,910,random,1,7814,8986,0.006437900010496378,32816,0.512,0.0044,99715
quick_sort,910,random,1,10424,5584,0.005822099978104234,32816,0.512,0.0044,99715
heap_sort,910,random,1,15112,8152,0.008055099984630942,32816,0.512,0.0044,99715
radix_sort,910,random,1,0,4550,0.0035903999814763665,32816,0.512,0.0044,99715
bubble_sort,910,random,2,412560,210023,0.12323740008287132,32816,0.4922,0.0044,99903
selection_sort,910,random,2,413595,903,0.062339200056158006,32816,0.4922,0.0044,99903
insertion_sort,910,random,2,210922,210023,0.06369280000217259,32816,0.4922,0.0044,99903
merge_sort,910,random,2,7808,8986,0.006563400034792721,32816,0.4922,0.0044,99903
quick_sort,910,random,2,9368,5630,0.005768100032582879,32816,0.4922,0.0044,99903
heap_sort,910,random,2,15161,8175,0.009158000000752509,32816,0.4922,0.0044,99903
radix_sort,910,random,2,0,4550,0.0036657999735325575,32816,0.4922,0.0044,99903
bubble_sort,910,random,3,412815,208104,0.12586110003758222,32816,0.4968,0.0033,99820
selection_sort,910,random,3,413595,906,0.06220909999683499,32816,0.4968,0.0033,99820
insertion_sort,910,random,3,209008,208104,0.06636590010020882,32816,0.4968,0.0033,99820
merge_sort,910,random,3,7814,8986,0.006523500080220401,32816,0.4968,0.0033,99820
quick_sort,910,random,3,9612,5182,0.005371100036427379,32816,0.4968,0.0033,99820
heap_sort,910,random,3,15086,8146,0.008289999910630286,32816,0.4968,0.0033,99820
radix_sort,910,random,3,0,4550,0.0035890000872313976,32816,0.4968,0.0033,99820
bubble_sort,910,random,4,413585,211006,0.14081780007109046,32816,0.4898,0.0033,99969
selection_sort,910,random,4,413595,900,0.07026219996623695,32816,0.4898,0.0033,99969
insertion_sort,910,random,4,211904,211006,0.06478150002658367,32816,0.4898,0.0033,99969
merge_sort,910,random,4,7801,8986,0.006504100048914552,32816,0.4898,0.0033,99969
quick_sort,910,random,4,10249,5824,0.005756599945016205,32816,0.4898,0.0033,99969
heap_sort,910,random,4,15066,8107,0.008164700004272163,32816,0.4898,0.0033,99969
radix_sort,910,random,4,0,4550,0.0037107999669387937,32816,0.4898,0.0033,99969
bubble_sort,910,random,5,413490,216194,0.12396909995004535,32816,0.4773,0.0033,99863
selection_sort,910,random,5,413595,904,0.06309350009541959,32816,0.4773,0.0033,99863
insertion_sort,910,random,5,217098,216194,0.0727263999870047,32816,0.4773,0.0033,99863
merge_sort,910,random,5,7803,8986,0.007040799944661558,32816,0.4773,0.0033,99863
quick_sort,910,random,5,10000,5359,0.005376799963414669,32816,0.4773,0.0033,99863
heap_sort,910,random,5,15117,8135,0.008166300016455352,32816,0.4773,0.0033,99863
radix_sort,910,random,5,0,4550,0.0035886000841856003,32816,0.4773,0.0033,99863
bubble_sort,920,random,1,422487,219849,0.1363722999813035,33176,0.4799,0.0022,99714
selection_sort,920,random,1,422740,907,0.06795619998592883,33176,0.4799,0.0022,99714
insertion_sort,920,random,1,220762,219849,0.0697167000034824,33176,0.4799,0.0022,99714
merge_sort,920,random,1,7913,9096,0.006716099916957319,33176,0.4799,0.0022,99714
quick_sort,920,random,1,9396,5060,0.0054441000102087855,33176,0.4799,0.0022,99714
heap_sort,920,random,1,15270,8203,0.00828209996689111,33176,0.4799,0.0022,99714
radix_sort,920,random,1,0,4600,0.00366539997048676,33176,0.4799,0.0022,99714
bubble_sort,920,random,2,421309,214436,0.12445100001059473,33176,0.4927,0.0043,99874
selection_sort,920,random,2,422740,911,0.06386320001911372,33176,0.4927,0.0043,99874
insertion_sort,920,random,2,215351,214436,0.07217790000140667,33176,0.4927,0.0043,99874
merge_sort,920,random,2,7925,9096,0.006717600044794381,33176,0.4927,0.0043,99874
quick_sort,920,random,2,10170,5647,0.0054348999401554465,33176,0.4927,0.0043,99874
heap_sort,920,random,2,15326,8277,0.00845409999601543,33176,0.4927,0.0043,99874
radix_sort,920,random,2,0,4600,0.0037449999945238233,33176,0.4927,0.0043,99874
bubble_sort,920,random,3,422649,200595,0.13747800001874566,33176,0.5255,0.0043,99720
selection_sort,920,random,3,422740,909,0.06862800009548664,33176,0.5255,0.0043,99720
insertion_sort,920,random,3,201508,200595,0.06182910001371056,33176,0.5255,0.0043,99720
merge_sort,920,random,3,7932,9096,0.00683770002797246,33176,0.5255,0.0043,99720
quick_sort,920,random,3,10642,5471,0.00554130005184561,33176,0.5255,0.0043,99720
heap_sort,920,random,3,15365,8277,0.009368200087919831,33176,0.5255,0.0043,99720
radix_sort,920,random,3,0,4600,0.005564099992625415,33176,0.5255,0.0043,99720
bubble_sort,920,random,4,422530,212582,0.1483531000558287,33176,0.4971,0.0043,99728
selection_sort,920,random,4,422740,914,0.0688369000563398,33176,0.4971,0.0043,99728
insertion_sort,920,random,4,213497,212582,0.06761710008140653,33176,0.4971,0.0043,99728
merge_sort,920,random,4,7876,9096,0.007356600021012127,33176,0.4971,0.0043,99728
quick_sort,920,random,4,8942,5176,0.0056865999940782785,33176,0.4971,0.0043,99728
heap_sort,920,random,4,15289,8263,0.00918010005261749,33176,0.4971,0.0043,99728
radix_sort,920,random,4,0,4600,0.003792200004681945,33176,0.4971,0.0043,99728
bubble_sort,920,random,5,422712,206402,0.1254201999399811,33176,0.5118,0.0022,99843
selection_sort,920,random,5,422740,910,0.06436419999226928,33176,0.5118,0.0022,99843
insertion_sort,920,random,5,207314,206402,0.06408949999604374,33176,0.5118,0.0022,99843
merge_sort,920,random,5,7921,9096,0.006672399933449924,33176,0.5118,0.0022,99843
quick_sort,920,random,5,9958,5431,0.007275799987837672,33176,0.5118,0.0022,99843
heap_sort,920,random,5,15322,8274,0.009227799950167537,33176,0.5118,0.0022,99843
radix_sort,920,random,5,0,4600,0.00363129994366318,33176,0.5118,0.0022,99843
bubble_sort,930,random,1,431957,217871,0.1262472999515012,33536,0.4957,0.0054,99967
selection_sort,930,random,1,431985,918,0.07130619999952614,33536,0.4957,0.0054,99967
insertion_sort,930,random,1,218794,217871,0.06685950001701713,33536,0.4957,0.0054,99967
merge_sort,930,random,1,7995,9206,0.0069185999454930425,33536,0.4957,0.0054,99967
quick_sort,930,random,1,10892,5454,0.005552999908104539,33536,0.4957,0.0054,99967
heap_sort,930,random,1,15503,8354,0.008329299977049232,33536,0.4957,0.0054,99967
radix_sort,930,random,1,0,4650,0.0038400000194087625,33536,0.4957,0.0054,99967
bubble_sort,930,random,2,431355,212001,0.1295543999876827,33536,0.5092,0.0065,99966
selection_sort,930,random,2,431985,925,0.07197619997896254,33536,0.5092,0.0065,99966
insertion_sort,930,random,2,212924,212001,0.06547769997268915,33536,0.5092,0.0065,99966
merge_sort,930,random,2,7996,9206,0.007102299947291613,33536,0.5092,0.0065,99966
quick_sort,930,random,2,10110,5951,0.005638300091959536,33536,0.5092,0.0065,99966
heap_sort,930,random,2,15463,8359,0.00833099998999387,33536,0.5092,0.0065,99966
radix_sort,930,random,2,0,4650,0.0036913000512868166,33536,0.5092,0.0065,99966
bubble_sort,930,random,3,431205,219826,0.13582500000484288,33536,0.4911,0.0,99859
selection_sort,930,random,3,431985,924,0.07264979998581111,33536,0.4911,0.0,99859
insertion_sort,930,random,3,220750,219826,0.08465520001482219,33536,0.4911,0.0,99859
merge_sort,930,random,3,7993,9206,0.007778499973937869,33536,0.4911,0.0,99859
quick_sort,930,random,3,10443,5898,0.0059760999865829945,33536,0.4911,0.0,99859
heap_sort,930,random,3,15508,8362,0.012235899921506643,33536,0.4911,0.0,99859
radix_sort,930,random,3,0,4650,0.004048099974170327,33536,0.4911,0.0,99859
bubble_sort,930,random,4,430032,223476,0.14308909990359098,33536,0.4827,0.0065,99716
selection_sort,930,random,4,431985,925,0.08381599991116673,33536,0.4827,0.0065,99716
insertion_sort,930,random,4,224395,223476,0.08149780007079244,33536,0.4827,0.0065,99716
merge_sort,930,random,4,8027,9206,0.008080799947492778,33536,0.4827,0.0065,99716
quick_sort,930,random,4,10690,5310,0.005716999992728233,33536,0.4827,0.0065,99716
heap_sort,930,random,4,15492,8371,0.00877089996356517,33536,0.4827,0.0065,99716
radix_sort,930,random,4,0,4650,0.006723799975588918,33536,0.4827,0.0065,99716
bubble_sort,930,random,5,431709,218030,0.18377390003297478,33536,0.4953,0.0108,99910
selection_sort,930,random,5,431985,927,0.06884620001073927,33536,0.4953,0.0108,99910
insertion_sort,930,random,5,218951,218030,0.06955669994931668,33536,0.4953,0.0108,99910
merge_sort,930,random,5,7993,9206,0.022986700059846044,33536,0.4953,0.0108,99910
quick_sort,930,random,5,10963,5308,0.00858269992750138,33536,0.4953,0.0108,99910
heap_sort,930,random,5,15498,8351,0.01202309993095696,33536,0.4953,0.0108,99910
radix_sort,930,random,5,0,4650,0.0037317000096663833,33536,0.4953,0.0108,99910
bubble_sort,940,random,1,441225,214813,0.1500394999748096,33896,0.5133,0.0032,99664
selection_sort,940,random,1,441330,930,0.07251630001701415,33896,0.5133,0.0032,99664
insertion_sort,940,random,1,215744,214813,0.07292219996452332,33896,0.5133,0.0032,99664
merge_sort,940,random,1,8177,9316,0.006802599993534386,33896,0.5133,0.0032,99664
quick_sort,940,random,1,10517,4961,0.005808499990962446,33896,0.5133,0.0032,99664
heap_sort,940,random,1,15670,8462,0.009590900037437677,33896,0.5133,0.0032,99664
radix_sort,940,random,1,0,4700,0.00370560004375875,33896,0.5133,0.0032,99664
bubble_sort,940,random,2,440589,227965,0.13656060001812875,33896,0.4835,0.0043,99853
selection_sort,940,random,2,441330,931,0.07369459990877658,33896,0.4835,0.0043,99853
insertion_sort,940,random,2,228901,227965,0.07204330002423376,33896,0.4835,0.0043,99853
merge_sort,940,random,2,8103,9316,0.010220500058494508,33896,0.4835,0.0043,99853
quick_sort,940,random,2,10409,6595,0.0059714000672101974,33896,0.4835,0.0043,99853
heap_sort,940,random,2,15628,8425,0.009273300063796341,33896,0.4835,0.0043,99853
radix_sort,940,random,2,0,4700,0.003692199941724539,33896,0.4835,0.0043,99853
bubble_sort,940,random,3,440202,227706,0.16403500002343208,33896,0.484,0.0074,99779
selection_sort,940,random,3,441330,934,0.08221310004591942,33896,0.484,0.0074,99779
insertion_sort,940,random,3,228643,227706,0.07204730005469173,33896,0.484,0.0074,99779
merge_sort,940,random,3,8105,9316,0.008435200084932148,33896,0.484,0.0074,99779
quick_sort,940,random,3,11045,5652,0.005918700015172362,33896,0.484,0.0074,99779
heap_sort,940,random,3,15660,8437,0.008857600041665137,33896,0.484,0.0074,99779
radix_sort,940,random,3,0,4700,0.0036912999348714948,33896,0.484,0.0074,99779
bubble_sort,940,random,4,440979,218715,0.1382599000353366,33896,0.5044,0.0085,99971
selection_sort,940,random,4,441330,932,0.07393660000525415,33896,0.5044,0.0085,99971
insertion_sort,940,random,4,219644,218715,0.07085859996732324,33896,0.5044,0.0085,99971
merge_sort,940,random,4,8117,9316,0.007078199996612966,33896,0.5044,0.0085,99971
quick_sort,940,random,4,10685,7192,0.006587200099602342,33896,0.5044,0.0085,99971
heap_sort,940,random,4,15712,8481,0.008930200012400746,33896,0.5044,0.0085,99971
radix_sort,940,random,4,0,4700,0.0036995999980717897,33896,0.5044,0.0085,99971
bubble_sort,940,random,5,441294,218099,0.14256349997594953,33896,0.5058,0.0032,99712
selection_sort,940,random,5,441330,936,0.07138320000376552,33896,0.5058,0.0032,99712
insertion_sort,940,random,5,219033,218099,0.07056530006229877,33896,0.5058,0.0032,99712
merge_sort,940,random,5,8080,9316,0.0074393999530002475,33896,0.5058,0.0032,99712
quick_sort,940,random,5,9620,5540,0.005371900042518973,33896,0.5058,0.0032,99712
heap_sort,940,random,5,15712,8463,0.00897419999819249,33896,0.5058,0.0032,99712
radix_sort,940,random,5,0,4700,0.004041800042614341,33896,0.5058,0.0032,99712
bubble_sort,950,random,1,450034,220558,0.1863151000579819,34256,0.5107,0.0042,99667
selection_sort,950,random,1,450775,945,0.11087739991489798,34256,0.5107,0.0042,99667
insertion_sort,950,random,1,221500,220558,0.07003300008364022,34256,0.5107,0.0042,99667
merge_sort,950,random,1,8205,9426,0.006993699935264885,34256,0.5107,0.0042,99667
quick_sort,950,random,1,10459,4799,0.005452699959278107,34256,0.5107,0.0042,99667
heap_sort,950,random,1,15853,8545,0.008616199949756265,34256,0.5107,0.0042,99667
radix_sort,950,random,1,0,4750,0.004557599895633757,34256,0.5107,0.0042,99667
bubble_sort,950,random,2,449397,225694,0.1347101000137627,34256,0.4993,0.0032,99575
selection_sort,950,random,2,450775,941,0.0719980999128893,34256,0.4993,0.0032,99575
insertion_sort,950,random,2,226641,225694,0.07394319993909448,34256,0.4993,0.0032,99575
merge_sort,950,random,2,8186,9426,0.008068499970249832,34256,0.4993,0.0032,99575
quick_sort,950,random,2,10553,5711,0.006036400096490979,34256,0.4993,0.0032,99575
heap_sort,950,random,2,15842,8525,0.008659900049678981,34256,0.4993,0.0032,99575
radix_sort,950,random,2,0,4750,0.004073900054208934,34256,0.4993,0.0032,99575
bubble_sort,950,random,3,448822,219199,0.13899000000674278,34256,0.5137,0.0053,99932
selection_sort,950,random,3,450775,942,0.07236909994389862,34256,0.5137,0.0053,99932
insertion_sort,950,random,3,220140,219199,0.07672050001565367,34256,0.5137,0.0053,99932
merge_sort,950,random,3,8218,9426,0.006916100042872131,34256,0.5137,0.0053,99932
quick_sort,950,random,3,10866,6321,0.007121300091966987,34256,0.5137,0.0053,99932
heap_sort,950,random,3,15869,8583,0.013357499963603914,34256,0.5137,0.0053,99932
radix_sort,950,random,3,0,4750,0.006204299977980554,34256,0.5137,0.0053,99932
bubble_sort,950,random,4,450604,232479,0.1501334001077339,34256,0.4843,0.0021,99832
selection_sort,950,random,4,450775,941,0.0710949000203982,34256,0.4843,0.0021,99832
insertion_sort,950,random,4,233419,232479,0.08759270003065467,34256,0.4843,0.0021,99832
merge_sort,950,random,4,8214,9426,0.007979399990290403,34256,0.4843,0.0021,99832
quick_sort,950,random,4,10213,5809,0.005729000084102154,34256,0.4843,0.0021,99832
heap_sort,950,random,4,15855,8546,0.008789599989540875,34256,0.4843,0.0021,99832
radix_sort,950,random,4,0,4750,0.0059507000260055065,34256,0.4843,0.0021,99832
bubble_sort,950,random,5,450670,235757,0.14032299991231412,34256,0.477,0.0084,99740
selection_sort,950,random,5,450775,940,0.0718697999836877,34256,0.477,0.0084,99740
insertion_sort,950,random,5,236697,235757,0.1027423000195995,34256,0.477,0.0084,99740
merge_sort,950,random,5,8182,9426,0.007069000042974949,34256,0.477,0.0084,99740
quick_sort,950,random,5,10896,5423,0.009246099973097444,34256,0.477,0.0084,99740
heap_sort,950,random,5,15874,8546,0.012099099927581847,34256,0.477,0.0084,99740
radix_sort,950,random,5,0,4750,0.00637260009534657,34256,0.477,0.0084,99740
bubble_sort,960,random,1,459500,232168,0.19195140001829714,34616,0.4956,0.0031,99809
selection_sort,960,random,1,460320,950,0.07506830000784248,34616,0.4956,0.0031,99809
insertion_sort,960,random,1,233122,232168,0.0770004999358207,34616,0.4956,0.0031,99809
merge_sort,960,random,1,8306,9536,0.007246799999848008,34616,0.4956,0.0031,99809
quick_sort,960,random,1,11008,6103,0.006194000015966594,34616,0.4956,0.0031,99809
heap_sort,960,random,1,16114,8705,0.008559599984437227,34616,0.4956,0.0031,99809
radix_sort,960,random,1,0,4800,0.005323000019416213,34616,0.4956,0.0031,99809
bubble_sort,960,random,2,458240,231016,0.15225080004893243,34616,0.4981,0.0052,99948
selection_sort,960,random,2,460320,954,0.13264409999828786,34616,0.4981,0.0052,99948
insertion_sort,960,random,2,231970,231016,0.0783774999435991,34616,0.4981,0.0052,99948
merge_sort,960,random,2,8340,9536,0.007058000075630844,34616,0.4981,0.0052,99948
quick_sort,960,random,2,9586,5332,0.005453999969176948,34616,0.4981,0.0052,99948
heap_sort,960,random,2,16055,8659,0.008564400020986795,34616,0.4981,0.0052,99948
radix_sort,960,random,2,0,4800,0.0038705000188201666,34616,0.4981,0.0052,99948
bubble_sort,960,random,3,460242,220498,0.14909259998239577,34616,0.521,0.0073,99616
selection_sort,960,random,3,460320,950,0.08015320007689297,34616,0.521,0.0073,99616
insertion_sort,960,random,3,221450,220498,0.0777587000047788,34616,0.521,0.0073,99616
merge_sort,960,random,3,8291,9536,0.009010000037960708,34616,0.521,0.0073,99616
quick_sort,960,random,3,10677,5463,0.008128599962219596,34616,0.521,0.0073,99616
heap_sort,960,random,3,16119,8702,0.010698100086301565,34616,0.521,0.0073,99616
radix_sort,960,random,3,0,4800,0.004900699947029352,34616,0.521,0.0073,99616
bubble_sort,960,random,4,458429,235603,0.1467733000172302,34616,0.4882,0.0063,99873
selection_sort,960,random,4,460320,952,0.07162259996403009,34616,0.4882,0.0063,99873
insertion_sort,960,random,4,236556,235603,0.07901450002100319,34616,0.4882,0.0063,99873
merge_sort,960,random,4,8319,9536,0.0068029999965801835,34616,0.4882,0.0063,99873
quick_sort,960,random,4,10715,5100,0.006096899975091219,34616,0.4882,0.0063,99873
heap_sort,960,random,4,16031,8622,0.008887900039553642,34616,0.4882,0.0063,99873
radix_sort,960,random,4,0,4800,0.003979800036177039,34616,0.4882,0.0063,99873
bubble_sort,960,random,5,459725,238437,0.16271609999239445,34616,0.482,0.0094,99971
selection_sort,960,random,5,460320,957,0.07460989989340305,34616,0.482,0.0094,99971
insertion_sort,960,random,5,239389,238437,0.07367840001825243,34616,0.482,0.0094,99971
merge_sort,960,random,5,8326,9536,0.0076095000840723515,34616,0.482,0.0094,99971
quick_sort,960,random,5,10284,5706,0.00761089997831732,34616,0.482,0.0094,99971
heap_sort,960,random,5,16101,8698,0.00987329997587949,34616,0.482,0.0094,99971
radix_sort,960,random,5,0,4800,0.004021800006739795,34616,0.482,0.0094,99971
bubble_sort,970,random,1,468975,237894,0.14619929995387793,34976,0.4938,0.0031,99778
selection_sort,970,random,1,469965,960,0.07432600005995482,34976,0.4938,0.0031,99778
insertion_sort,970,random,1,238855,237894,0.07577070000115782,34976,0.4938,0.0031,99778
merge_sort,970,random,1,8391,9646,0.007688199984841049,34976,0.4938,0.0031,99778
quick_sort,970,random,1,10363,6133,0.0062370001105591655,34976,0.4938,0.0031,99778
heap_sort,970,random,1,16345,8807,0.009111599996685982,34976,0.4938,0.0031,99778
radix_sort,970,random,1,0,4850,0.003814100055024028,34976,0.4938,0.0031,99778
bubble_sort,970,random,2,469062,233621,0.156896400032565,34976,0.5029,0.0072,99880
selection_sort,970,random,2,469965,963,0.07584679999854416,34976,0.5029,0.0072,99880
insertion_sort,970,random,2,234581,233621,0.07504750008229166,34976,0.5029,0.0072,99880
merge_sort,970,random,2,8403,9646,0.007547699962742627,34976,0.5029,0.0072,99880
quick_sort,970,random,2,10985,6255,0.006223900010809302,34976,0.5029,0.0072,99880
heap_sort,970,random,2,16268,8762,0.009293099981732666,34976,0.5029,0.0072,99880
radix_sort,970,random,2,0,4850,0.003818299970589578,34976,0.5029,0.0072,99880
bubble_sort,970,random,3,469019,234511,0.1618925000075251,34976,0.501,0.0072,99890
selection_sort,970,random,3,469965,959,0.07769529998768121,34976,0.501,0.0072,99890
insertion_sort,970,random,3,235475,234511,0.07605550007428974,34976,0.501,0.0072,99890
merge_sort,970,random,3,8385,9646,0.007388700032606721,34976,0.501,0.0072,99890
quick_sort,970,random,3,10045,5303,0.00701379997190088,34976,0.501,0.0072,99890
heap_sort,970,random,3,16265,8767,0.011656900052912533,34976,0.501,0.0072,99890
radix_sort,970,random,3,0,4850,0.005890999920666218,34976,0.501,0.0072,99890
bubble_sort,970,random,4,469500,228198,0.1395574000198394,34976,0.5144,0.0093,99709
selection_sort,970,random,4,469965,965,0.09526410000398755,34976,0.5144,0.0093,99709
insertion_sort,970,random,4,229158,228198,0.10965520003810525,34976,0.5144,0.0093,99709
merge_sort,970,random,4,8393,9646,0.007895800052210689,34976,0.5144,0.0093,99709
quick_sort,970,random,4,10504,6502,0.005898700095713139,34976,0.5144,0.0093,99709
heap_sort,970,random,4,16239,8765,0.010340499924495816,34976,0.5144,0.0093,99709
radix_sort,970,random,4,0,4850,0.0049761999398469925,34976,0.5144,0.0093,99709
bubble_sort,970,random,5,469587,244668,0.15142650005873293,34976,0.4794,0.0052,99763
selection_sort,970,random,5,469965,963,0.07619950000662357,34976,0.4794,0.0052,99763
insertion_sort,970,random,5,245631,244668,0.07997790002264082,34976,0.4794,0.0052,99763
merge_sort,970,random,5,8392,9646,0.0072261999594047666,34976,0.4794,0.0052,99763
quick_sort,970,random,5,10824,5831,0.008129799971356988,34976,0.4794,0.0052,99763
heap_sort,970,random,5,16323,8787,0.00888069998472929,34976,0.4794,0.0052,99763
radix_sort,970,random,5,0,4850,0.003857900039292872,34976,0.4794,0.0052,99763
bubble_sort,980,random,1,477499,238201,0.15062660002149642,35336,0.5034,0.002,99949
selection_sort,980,random,1,479710,973,0.09423990000505,35336,0.5034,0.002,99949
insertion_sort,980,random,1,239174,238201,0.0778446999611333,35336,0.5034,0.002,99949
merge_sort,980,random,1,8494,9756,0.007349299965426326,35336,0.5034,0.002,99949
quick_sort,980,random,1,11133,6432,0.006563000031746924,35336,0.5034,0.002,99949
heap_sort,980,random,1,16457,8867,0.009405500022694468,35336,0.5034,0.002,99949
radix_sort,980,random,1,0,4900,0.003891000058501959,35336,0.5034,0.002,99949
bubble_sort,980,random,2,477819,243273,0.14693130005616695,35336,0.4929,0.0061,99817
selection_sort,980,random,2,479710,971,0.07634519995190203,35336,0.4929,0.0061,99817
insertion_sort,980,random,2,244248,243273,0.07794099999591708,35336,0.4929,0.0061,99817
merge_sort,980,random,2,8484,9756,0.007403300027363002,35336,0.4929,0.0061,99817
quick_sort,980,random,2,9914,5584,0.005526800057850778,35336,0.4929,0.0061,99817
heap_sort,980,random,2,16455,8848,0.009165900060907006,35336,0.4929,0.0061,99817
radix_sort,980,random,2,0,4900,0.005128100048750639,35336,0.4929,0.0061,99817
bubble_sort,980,random,3,478629,232204,0.15547120000701398,35336,0.5159,0.0071,99826
selection_sort,980,random,3,479710,970,0.07704800006467849,35336,0.5159,0.0071,99826
insertion_sort,980,random,3,233180,232204,0.07618970004841685,35336,0.5159,0.0071,99826
merge_sort,980,random,3,8529,9756,0.007470699958503246,35336,0.5159,0.0071,99826
quick_sort,980,random,3,10996,6081,0.006366700050421059,35336,0.5159,0.0071,99826
heap_sort,980,random,3,16477,8878,0.009348400053568184,35336,0.5159,0.0071,99826
radix_sort,980,random,3,0,4900,0.0038646000903099775,35336,0.5159,0.0071,99826
bubble_sort,980,random,4,475794,223826,0.14547440002206713,35336,0.5334,0.0061,99901
selection_sort,980,random,4,479710,971,0.07646369992289692,35336,0.5334,0.0061,99901
insertion_sort,980,random,4,224800,223826,0.07467100000940263,35336,0.5334,0.0061,99901
merge_sort,980,random,4,8500,9756,0.007709799916483462,35336,0.5334,0.0061,99901
quick_sort,980,random,4,10981,5831,0.006183799938298762,35336,0.5334,0.0061,99901
heap_sort,980,random,4,16425,8877,0.00963350001256913,35336,0.5334,0.0061,99901
radix_sort,980,random,4,0,4900,0.003972699982114136,35336,0.5334,0.0061,99901
bubble_sort,980,random,5,479457,245052,0.15047319990117103,35336,0.4892,0.0031,99473
selection_sort,980,random,5,479710,970,0.07721989997662604,35336,0.4892,0.0031,99473
insertion_sort,980,random,5,246023,245052,0.07779930008109659,35336,0.4892,0.0031,99473
merge_sort,980,random,5,8521,9756,0.00913420005235821,35336,0.4892,0.0031,99473
quick_sort,980,random,5,10117,5558,0.005839599994942546,35336,0.4892,0.0031,99473
heap_sort,980,random,5,16482,8893,0.009228199953213334,35336,0.4892,0.0031,99473
radix_sort,980,random,5,0,4900,0.0038822999922558665,35336,0.4892,0.0031,99473
bubble_sort,990,random,1,489059,244748,0.1741098000202328,35696,0.5001,0.0061,99536
selection_sort,990,random,1,489555,983,0.07728299999143928,35696,0.5001,0.0061,99536
insertion_sort,990,random,1,245730,244748,0.08840340003371239,35696,0.5001,0.0061,99536
merge_sort,990,random,1,8576,9866,0.007356500020250678,35696,0.5001,0.0061,99536
quick_sort,990,random,1,11364,5862,0.006258000037632883,35696,0.5001,0.0061,99536
heap_sort,990,random,1,16691,8995,0.009073000052012503,35696,0.5001,0.0061,99536
radix_sort,990,random,1,0,4950,0.00439879996702075,35696,0.5001,0.0061,99536
bubble_sort,990,random,2,488609,241671,0.15022680000402033,35696,0.5063,0.003,99949
selection_sort,990,random,2,489555,979,0.09155229991301894,35696,0.5063,0.003,99949
insertion_sort,990,random,2,242654,241671,0.08129600004758686,35696,0.5063,0.003,99949
merge_sort,990,random,2,8591,9866,0.007614999893121421,35696,0.5063,0.003,99949
quick_sort,990,random,2,9967,4881,0.005512799951247871,35696,0.5063,0.003,99949
heap_sort,990,random,2,16654,8980,0.009155199979431927,35696,0.5063,0.003,99949
radix_sort,990,random,2,0,4950,0.0045418000081554055,35696,0.5063,0.003,99949
bubble_sort,990,random,3,488609,241542,0.1484671999933198,35696,0.5066,0.001,99267
selection_sort,990,random,3,489555,976,0.07681919995229691,35696,0.5066,0.001,99267
insertion_sort,990,random,3,242526,241542,0.09642130008433014,35696,0.5066,0.001,99267
merge_sort,990,random,3,8616,9866,0.01009570003952831,35696,0.5066,0.001,99267
quick_sort,990,random,3,11374,6943,0.007046899991109967,35696,0.5066,0.001,99267
heap_sort,990,random,3,16682,8986,0.011614399962127209,35696,0.5066,0.001,99267
radix_sort,990,random,3,0,4950,0.009540500002913177,35696,0.5066,0.001,99267
bubble_sort,990,random,4,487725,247558,0.17505980003625154,35696,0.4943,0.0051,99990
selection_sort,990,random,4,489555,983,0.09133189998101443,35696,0.4943,0.0051,99990
insertion_sort,990,random,4,248541,247558,0.09507989999838173,35696,0.4943,0.0051,99990
merge_sort,990,random,4,8620,9866,0.0076796000357717276,35696,0.4943,0.0051,99990
quick_sort,990,random,4,9855,5299,0.00684339995495975,35696,0.4943,0.0051,99990
heap_sort,990,random,4,16663,8966,0.012748700100928545,35696,0.4943,0.0051,99990
radix_sort,990,random,4,0,5940,0.004930899944156408,35696,0.4943,0.0051,99990
bubble_sort,990,random,5,489027,243010,0.16976650001015514,35696,0.5036,0.003,99971
selection_sort,990,random,5,489555,979,0.11566939996555448,35696,0.5036,0.003,99971
insertion_sort,990,random,5,243990,243010,0.0836476000258699,35696,0.5036,0.003,99971
merge_sort,990,random,5,8624,9866,0.007202000007964671,35696,0.5036,0.003,99971
quick_sort,990,random,5,10387,6144,0.0072324000066146255,35696,0.5036,0.003,99971
heap_sort,990,random,5,16638,8957,0.01022739999461919,35696,0.5036,0.003,99971
radix_sort,990,random,5,0,4950,0.004095599986612797,35696,0.5036,0.003,99971
bubble_sort,1000,random,1,499094,249552,0.15253359999042004,36056,0.5004,0.007,99936
selection_sort,1000,random,1,499500,989,0.08254920004401356,36056,0.5004,0.007,99936
insertion_sort,1000,random,1,250543,249552,0.08043289999477565,36056,0.5004,0.007,99936
merge_sort,1000,random,1,8707,9976,0.00795020000077784,36056,0.5004,0.007,99936
quick_sort,1000,random,1,10569,6105,0.007527600042521954,36056,0.5004,0.007,99936
heap_sort,1000,random,1,16813,9095,0.009412199957296252,36056,0.5004,0.007,99936
radix_sort,1000,random,1,0,5000,0.004386799992062151,36056,0.5004,0.007,99936
bubble_sort,1000,random,2,498834,255669,0.1680091000162065,36056,0.4882,0.003,99948
selection_sort,1000,random,2,499500,995,0.0775371000636369,36056,0.4882,0.003,99948
insertion_sort,1000,random,2,256663,255669,0.08105799998156726,36056,0.4882,0.003,99948
merge_sort,1000,random,2,8700,9976,0.007520699989981949,36056,0.4882,0.003,99948
quick_sort,1000,random,2,10976,5982,0.006058199913240969,36056,0.4882,0.003,99948
heap_sort,1000,random,2,16804,9052,0.01275380002334714,36056,0.4882,0.003,99948
radix_sort,1000,random,2,0,5000,0.006292699952609837,36056,0.4882,0.003,99948
bubble_sort,1000,random,3,498015,245245,0.1552045000717044,36056,0.509,0.002,99789
selection_sort,1000,random,3,499500,989,0.0825781999155879,36056,0.509,0.002,99789
insertion_sort,1000,random,3,246235,245245,0.07938739995006472,36056,0.509,0.002,99789
merge_sort,1000,random,3,8703,9976,0.008062200038693845,36056,0.509,0.002,99789
quick_sort,1000,random,3,12200,7029,0.006650299998000264,36056,0.509,0.002,99789
heap_sort,1000,random,3,16857,9086,0.010061200009658933,36056,0.509,0.002,99789
radix_sort,1000,random,3,0,5000,0.004289699951186776,36056,0.509,0.002,99789
bubble_sort,1000,random,4,499494,250000,0.15113730006851256,36056,0.4995,0.006,99715
selection_sort,1000,random,4,499500,988,0.07954559999052435,36056,0.4995,0.006,99715
insertion_sort,1000,random,4,250996,250000,0.07834620005451143,36056,0.4995,0.006,99715
merge_sort,1000,random,4,8744,9976,0.010428600013256073,36056,0.4995,0.006,99715
quick_sort,1000,random,4,9999,5887,0.00663610000628978,36056,0.4995,0.006,99715
heap_sort,1000,random,4,16856,9085,0.009143500006757677,36056,0.4995,0.006,99715
radix_sort,1000,random,4,0,5000,0.003947199904359877,36056,0.4995,0.006,99715
bubble_sort,1000,random,5,497789,242691,0.191351699992083,36056,0.5141,0.004,99809
selection_sort,1000,random,5,499500,992,0.0953262000111863,36056,0.5141,0.004,99809
insertion_sort,1000,random,5,243687,242691,0.07514510001055896,36056,0.5141,0.004,99809
merge_sort,1000,random,5,8734,9976,0.0077037999872118235,36056,0.5141,0.004,99809
quick_sort,1000,random,5,10511,5794,0.005922799929976463,36056,0.5141,0.004,99809
heap_sort,1000,random,5,16843,9069,0.009526200010441244,36056,0.5141,0.004,99809
radix_sort,1000,random,5,0,5000,0.004191399901174009,36056,0.5141,0.004,99809
bubble_sort,1010,random,1,508984,264403,0.20350719999987632,36416,0.4811,0.002,99913
selection_sort,1010,random,1,509545,1001,0.08387209998909384,36416,0.4811,0.002,99913
insertion_sort,1010,random,1,265405,264403,0.08408579998649657,36416,0.4811,0.002,99913
merge_sort,1010,random,1,8825,10086,0.007197699975222349,36416,0.4811,0.002,99913
quick_sort,1010,random,1,10349,6235,0.006247499957680702,36416,0.4811,0.002,99913
heap_sort,1010,random,1,17029,9154,0.009737499989569187,36416,0.4811,0.002,99913
radix_sort,1010,random,1,0,5050,0.004025000031106174,36416,0.4811,0.002,99913
bubble_sort,1010,random,2,509517,248165,0.16529969999101013,36416,0.513,0.005,99799
selection_sort,1010,random,2,509545,1004,0.0935505999950692,36416,0.513,0.005,99799
insertion_sort,1010,random,2,249168,248165,0.08746549999341369,36416,0.513,0.005,99799
merge_sort,1010,random,2,8820,10086,0.008020299952477217,36416,0.513,0.005,99799
quick_sort,1010,random,2,12151,7624,0.0066127999452874064,36416,0.513,0.005,99799
heap_sort,1010,random,2,17071,9222,0.009678800008259714,36416,0.513,0.005,99799
radix_sort,1010,random,2,0,5050,0.004514700034633279,36416,0.513,0.005,99799
bubble_sort,1010,random,3,509392,254689,0.1611022000433877,36416,0.5002,0.0069,99697
selection_sort,1010,random,3,509545,1004,0.11309489991981536,36416,0.5002,0.0069,99697
insertion_sort,1010,random,3,255697,254689,0.09058259997982532,36416,0.5002,0.0069,99697
merge_sort,1010,random,3,8813,10086,0.007445299997925758,36416,0.5002,0.0069,99697
quick_sort,1010,random,3,11226,5688,0.0066738000605255365,36416,0.5002,0.0069,99697
heap_sort,1010,random,3,17066,9204,0.009290499961934984,36416,0.5002,0.0069,99697
radix_sort,1010,random,3,0,5050,0.0044995000353083014,36416,0.5002,0.0069,99697
bubble_sort,1010,random,4,508510,259974,0.15934170002583414,36416,0.4898,0.0059,99843
selection_sort,1010,random,4,509545,1001,0.08824079995974898,36416,0.4898,0.0059,99843
insertion_sort,1010,random,4,260978,259974,0.08424679993186146,36416,0.4898,0.0059,99843
merge_sort,1010,random,4,8845,10086,0.007417700020596385,36416,0.4898,0.0059,99843
quick_sort,1010,random,4,11471,6014,0.006463699974119663,36416,0.4898,0.0059,99843
heap_sort,1010,random,4,17020,9168,0.010702800005674362,36416,0.4898,0.0059,99843
radix_sort,1010,random,4,0,5050,0.00403439998626709,36416,0.4898,0.0059,99843
bubble_sort,1010,random,5,509467,253480,0.15874270000495017,36416,0.5025,0.0059,99803
selection_sort,1010,random,5,509545,1000,0.08743059996049851,36416,0.5025,0.0059,99803
insertion_sort,1010,random,5,254485,253480,0.07953170000109822,36416,0.5025,0.0059,99803
merge_sort,1010,random,5,8814,10086,0.007714999956078827,36416,0.5025,0.0059,99803
quick_sort,1010,random,5,10370,5875,0.005707099917344749,36416,0.5025,0.0059,99803
heap_sort,1010,random,5,17031,9170,0.00944240007083863,36416,0.5025,0.0059,99803
radix_sort,1010,random,5,0,5050,0.004088100045919418,36416,0.5025,0.0059,99803
bubble_sort,1020,random,1,519459,255562,0.16269859997555614,36776,0.5082,0.0029,99934
selection_sort,1020,random,1,519690,1012,0.08352949994150549,36776,0.5082,0.0029,99934
insertion_sort,1020,random,1,256573,255562,0.08776410005521029,36776,0.5082,0.0029,99934
merge_sort,1020,random,1,8902,10196,0.008006500080227852,36776,0.5082,0.0029,99934
quick_sort,1020,random,1,10551,6047,0.006487600039690733,36776,0.5082,0.0029,99934
heap_sort,1020,random,1,17290,9321,0.009368699975311756,36776,0.5082,0.0029,99934
radix_sort,1020,random,1,0,5100,0.0039799000369384885,36776,0.5082,0.0029,99934
bubble_sort,1020,random,2,519662,261604,0.15934490005020052,36776,0.4966,0.0078,99793
selection_sort,1020,random,2,519690,1016,0.0843923999927938,36776,0.4966,0.0078,99793
insertion_sort,1020,random,2,262618,261604,0.08267479995265603,36776,0.4966,0.0078,99793
merge_sort,1020,random,2,8928,10196,0.00766290002502501,36776,0.4966,0.0078,99793
quick_sort,1020,random,2,10577,5924,0.006063899956643581,36776,0.4966,0.0078,99793
heap_sort,1020,random,2,17232,9295,0.009628099971450865,36776,0.4966,0.0078,99793
radix_sort,1020,random,2,0,5100,0.004467600025236607,36776,0.4966,0.0078,99793
bubble_sort,1020,random,3,518655,259905,0.16449280001688749,36776,0.4999,0.0059,99871
selection_sort,1020,random,3,519690,1013,0.08434670011047274,36776,0.4999,0.0059,99871
insertion_sort,1020,random,3,260915,259905,0.08660060004331172,36776,0.4999,0.0059,99871
merge_sort,1020,random,3,8915,10196,0.00792080000974238,36776,0.4999,0.0059,99871
quick_sort,1020,random,3,11066,6032,0.006039099884219468,36776,0.4999,0.0059,99871
heap_sort,1020,random,3,17326,9342,0.012843600008636713,36776,0.4999,0.0059,99871
radix_sort,1020,random,3,0,5100,0.004075800068676472,36776,0.4999,0.0059,99871
bubble_sort,1020,random,4,519459,261499,0.15559029998257756,36776,0.4968,0.002,99760
selection_sort,1020,random,4,519690,1014,0.08231359999626875,36776,0.4968,0.002,99760
insertion_sort,1020,random,4,262511,261499,0.086230400018394,36776,0.4968,0.002,99760
merge_sort,1020,random,4,8908,10196,0.0076509000500664115,36776,0.4968,0.002,99760
quick_sort,1020,random,4,11004,6566,0.006499100010842085,36776,0.4968,0.002,99760
heap_sort,1020,random,4,17256,9299,0.009657000075094402,36776,0.4968,0.002,99760
radix_sort,1020,random,4,0,5100,0.004032199969515204,36776,0.4968,0.002,99760
bubble_sort,1020,random,5,517610,257530,0.1586884999414906,36776,0.5045,0.0059,99610
selection_sort,1020,random,5,519690,1012,0.08228309999685735,36776,0.5045,0.0059,99610
insertion_sort,1020,random,5,258540,257530,0.08526910003274679,36776,0.5045,0.0059,99610
merge_sort,1020,random,5,8892,10196,0.007826399989426136,36776,0.5045,0.0059,99610
quick_sort,1020,random,5,11590,6645,0.008758099982514977,36776,0.5045,0.0059,99610
heap_sort,1020,random,5,17273,9316,0.015282700071111321,36776,0.5045,0.0059,99610
radix_sort,1020,random,5,0,5100,0.006329800002276897,36776,0.5045,0.0059,99610
bubble_sort,1030,random,1,529659,267969,0.16475640004500747,37136,0.4943,0.0049,99821
selection_sort,1030,random,1,529935,1026,0.09048450004775077,37136,0.4943,0.0049,99821
insertion_sort,1030,random,1,268989,267969,0.08761799999047071,37136,0.4943,0.0049,99821
merge_sort,1030,random,1,9015,10312,0.008659399929456413,37136,0.4943,0.0049,99821
quick_sort,1030,random,1,10521,5774,0.006102200015448034,37136,0.4943,0.0049,99821
heap_sort,1030,random,1,17438,9343,0.010301199974492192,37136,0.4943,0.0049,99821
radix_sort,1030,random,1,0,5150,0.004464400000870228,37136,0.4943,0.0049,99821
bubble_sort,1030,random,2,529782,268514,0.18810620007570833,37136,0.4933,0.0049,99910
selection_sort,1030,random,2,529935,1023,0.11151780001819134,37136,0.4933,0.0049,99910
insertion_sort,1030,random,2,269538,268514,0.08782080002129078,37136,0.4933,0.0049,99910
merge_sort,1030,random,2,9010,10312,0.00811479997355491,37136,0.4933,0.0049,99910
quick_sort,1030,random,2,10426,6274,0.005950300022959709,37136,0.4933,0.0049,99910
heap_sort,1030,random,2,17453,9393,0.00997280003502965,37136,0.4933,0.0049,99910
radix_sort,1030,random,2,0,5150,0.0046091999392956495,37136,0.4933,0.0049,99910
bubble_sort,1030,random,3,529155,272869,0.1826479999581352,37136,0.4851,0.0058,99930
selection_sort,1030,random,3,529935,1025,0.13517809996847063,37136,0.4851,0.0058,99930
insertion_sort,1030,random,3,273893,272869,0.2839089999906719,37136,0.4851,0.0058,99930
merge_sort,1030,random,3,8965,10312,0.0074893999844789505,37136,0.4851,0.0058,99930
quick_sort,1030,random,3,10721,6025,0.006771699991077185,37136,0.4851,0.0058,99930
heap_sort,1030,random,3,17454,9415,0.00985859998036176,37136,0.4851,0.0058,99930
radix_sort,1030,random,3,0,5150,0.004299099906347692,37136,0.4851,0.0058,99930
bubble_sort,1030,random,4,529857,263866,0.21577840007375926,37136,0.5021,0.0,99813
selection_sort,1030,random,4,529935,1020,0.10246540000662208,37136,0.5021,0.0,99813
insertion_sort,1030,random,4,264889,263866,0.09583710005972534,37136,0.5021,0.0,99813
merge_sort,1030,random,4,9038,10312,0.007947999984025955,37136,0.5021,0.0,99813
quick_sort,1030,random,4,10655,5831,0.008560999995097518,37136,0.5021,0.0,99813
heap_sort,1030,random,4,17462,9426,0.010961799998767674,37136,0.5021,0.0,99813
radix_sort,1030,random,4,0,5150,0.009858099976554513,37136,0.5021,0.0,99813
bubble_sort,1030,random,5,527520,257045,0.18730190000496805,37136,0.5149,0.0039,99715
selection_sort,1030,random,5,529935,1018,0.0843618999933824,37136,0.5149,0.0039,99715
insertion_sort,1030,random,5,258069,257045,0.0880483000073582,37136,0.5149,0.0039,99715
merge_sort,1030,random,5,8999,10312,0.011607700027525425,37136,0.5149,0.0039,99715
quick_sort,1030,random,5,11227,6364,0.012556799920275807,37136,0.5149,0.0039,99715
heap_sort,1030,random,5,17389,9351,0.01911400002427399,37136,0.5149,0.0039,99715
radix_sort,1030,random,5,0,5150,0.004103800049051642,37136,0.5149,0.0039,99715
bubble_sort,1040,random,1,538069,267609,0.17169230000581592,37496,0.5047,0.0029,99790
selection_sort,1040,random,1,540280,1032,0.08814780006650835,37496,0.5047,0.0029,99790
insertion_sort,1040,random,1,268640,267609,0.14375960000324994,37496,0.5047,0.0029,99790
merge_sort,1040,random,1,9118,10432,0.00871029996778816,37496,0.5047,0.0029,99790
quick_sort,1040,random,1,11892,7624,0.007199499988928437,37496,0.5047,0.0029,99790
heap_sort,1040,random,1,17675,9498,0.010600100038573146,37496,0.5047,0.0029,99790
radix_sort,1040,random,1,0,5200,0.005743899964727461,37496,0.5047,0.0029,99790
bubble_sort,1040,random,2,539752,276055,0.1692188000306487,37496,0.4891,0.0058,99941
selection_sort,1040,random,2,540280,1035,0.0917095000622794,37496,0.4891,0.0058,99941
insertion_sort,1040,random,2,277089,276055,0.08669769996777177,37496,0.4891,0.0058,99941
merge_sort,1040,random,2,9116,10432,0.008670700015500188,37496,0.4891,0.0058,99941
quick_sort,1040,random,2,11273,7081,0.008065400063060224,37496,0.4891,0.0058,99941
heap_sort,1040,random,2,17624,9479,0.01080250006634742,37496,0.4891,0.0058,99941
radix_sort,1040,random,2,0,5200,0.004794199950993061,37496,0.4891,0.0058,99941
bubble_sort,1040,random,3,539815,277386,0.21033449994865805,37496,0.4866,0.0077,99849
selection_sort,1040,random,3,540280,1035,0.09800320002250373,37496,0.4866,0.0077,99849
insertion_sort,1040,random,3,278420,277386,0.096393599989824,37496,0.4866,0.0077,99849
merge_sort,1040,random,3,9117,10432,0.007921300013549626,37496,0.4866,0.0077,99849
quick_sort,1040,random,3,11447,6437,0.008118400000967085,37496,0.4866,0.0077,99849
heap_sort,1040,random,3,17658,9503,0.009508299990557134,37496,0.4866,0.0077,99849
radix_sort,1040,random,3,0,5200,0.004079399979673326,37496,0.4866,0.0077,99849
bubble_sort,1040,random,4,540049,270982,0.17790570005308837,37496,0.4984,0.0077,99957
selection_sort,1040,random,4,540280,1032,0.08503399998880923,37496,0.4984,0.0077,99957
insertion_sort,1040,random,4,272015,270982,0.09436280000954866,37496,0.4984,0.0077,99957
merge_sort,1040,random,4,9140,10432,0.07656219997443259,37496,0.4984,0.0077,99957
quick_sort,1040,random,4,11090,6561,0.011129200109280646,37496,0.4984,0.0077,99957
heap_sort,1040,random,4,17633,9480,0.01763240003492683,37496,0.4984,0.0077,99957
radix_sort,1040,random,4,0,5200,0.007537199999205768,37496,0.4984,0.0077,99957
bubble_sort,1040,random,5,536625,275481,0.20992819999810308,37496,0.4901,0.0067,99895
selection_sort,1040,random,5,540280,1037,0.11191859992686659,37496,0.4901,0.0067,99895
insertion_sort,1040,random,5,276511,275481,0.12061159999575466,37496,0.4901,0.0067,99895
merge_sort,1040,random,5,9103,10432,0.012523700017482042,37496,0.4901,0.0067,99895
quick_sort,1040,random,5,11000,6356,0.009157499996945262,37496,0.4901,0.0067,99895
heap_sort,1040,random,5,17651,9483,0.01636570005211979,37496,0.4901,0.0067,99895
radix_sort,1040,random,5,0,5200,0.005936999921686947,37496,0.4901,0.0067,99895
bubble_sort,1050,random,1,550725,277903,0.2342565000290051,37856,0.4954,0.001,99804
selection_sort,1050,random,1,550725,1038,0.12239450006745756,37856,0.4954,0.001,99804
insertion_sort,1050,random,1,278940,277903,0.128345699980855,37856,0.4954,0.001,99804
merge_sort,1050,random,1,9244,10552,0.012490499997511506,37856,0.4954,0.001,99804
quick_sort,1050,random,1,10994,5683,0.006436499999836087,37856,0.4954,0.001,99804
heap_sort,1050,random,1,17845,9613,0.009853700059466064,37856,0.4954,0.001,99804
radix_sort,1050,random,1,0,5250,0.004293199977837503,37856,0.4954,0.001,99804
bubble_sort,1050,random,2,550494,273457,0.20647229999303818,37856,0.5035,0.0057,99946
selection_sort,1050,random,2,550725,1040,0.14787259988952428,37856,0.5035,0.0057,99946
insertion_sort,1050,random,2,274501,273457,0.10135339992120862,37856,0.5035,0.0057,99946
merge_sort,1050,random,2,9243,10552,0.010947900009341538,37856,0.5035,0.0057,99946
quick_sort,1050,random,2,11906,6905,0.007113100029528141,37856,0.5035,0.0057,99946
heap_sort,1050,random,2,17811,9593,0.013504000031389296,37856,0.5035,0.0057,99946
radix_sort,1050,random,2,0,5250,0.005703100003302097,37856,0.5035,0.0057,99946
bubble_sort,1050,random,3,546354,281680,0.18864399997983128,37856,0.4885,0.0067,99831
selection_sort,1050,random,3,550725,1044,0.22111889999359846,37856,0.4885,0.0067,99831
insertion_sort,1050,random,3,282723,281680,0.11738559999503195,37856,0.4885,0.0067,99831
merge_sort,1050,random,3,9207,10552,0.01360089995432645,37856,0.4885,0.0067,99831
quick_sort,1050,random,3,12128,6625,0.010767300031147897,37856,0.4885,0.0067,99831
heap_sort,1050,random,3,17815,9584,0.014454800053499639,37856,0.4885,0.0067,99831
radix_sort,1050,random,3,0,5250,0.006395900039933622,37856,0.4885,0.0067,99831
bubble_sort,1050,random,4,550374,274406,0.31128270004410297,37856,0.5017,0.0048,99836
selection_sort,1050,random,4,550725,1040,0.12481139996089041,37856,0.5017,0.0048,99836
insertion_sort,1050,random,4,275446,274406,0.22878110001329333,37856,0.5017,0.0048,99836
merge_sort,1050,random,4,9211,10552,0.008344099973328412,37856,0.5017,0.0048,99836
quick_sort,1050,random,4,11307,6173,0.006324599962681532,37856,0.5017,0.0048,99836
heap_sort,1050,random,4,17868,9611,0.012367499992251396,37856,0.5017,0.0048,99836
radix_sort,1050,random,4,0,5250,0.004346299916505814,37856,0.5017,0.0048,99836
bubble_sort,1050,random,5,550022,265780,0.2086756998905912,37856,0.5174,0.0038,99715
selection_sort,1050,random,5,550725,1043,0.09257650002837181,37856,0.5174,0.0038,99715
insertion_sort,1050,random,5,266820,265780,0.09815530001651496,37856,0.5174,0.0038,99715
merge_sort,1050,random,5,9235,10552,0.015087600098922849,37856,0.5174,0.0038,99715
quick_sort,1050,random,5,11123,6513,0.010171399917453527,37856,0.5174,0.0038,99715
heap_sort,1050,random,5,17850,9625,0.01606179994996637,37856,0.5174,0.0038,99715
radix_sort,1050,random,5,0,5250,0.005864000064320862,37856,0.5174,0.0038,99715
bubble_sort,1060,random,1,560324,270078,0.27331989991944283,38216,0.5188,0.0019,99672
selection_sort,1060,random,1,561270,1056,0.10226249997504056,38216,0.5188,0.0019,99672
insertion_sort,1060,random,1,271131,270078,0.10276799998246133,38216,0.5188,0.0019,99672
merge_sort,1060,random,1,9305,10672,0.009625699953176081,38216,0.5188,0.0019,99672
quick_sort,1060,random,1,11735,5860,0.007145099923945963,38216,0.5188,0.0019,99672
heap_sort,1060,random,1,18057,9730,0.016969799995422363,38216,0.5188,0.0019,99672
radix_sort,1060,random,1,0,5300,0.004806700046174228,38216,0.5188,0.0019,99672
bubble_sort,1060,random,2,560604,278878,0.22339349996764213,38216,0.5031,0.0066,99782
selection_sort,1060,random,2,561270,1053,0.10839449998456985,38216,0.5031,0.0066,99782
insertion_sort,1060,random,2,279930,278878,0.1103237000061199,38216,0.5031,0.0066,99782
merge_sort,1060,random,2,9323,10672,0.01223210000898689,38216,0.5031,0.0066,99782
quick_sort,1060,random,2,11911,7441,0.011041900026611984,38216,0.5031,0.0066,99782
heap_sort,1060,random,2,18060,9713,0.013091100030578673,38216,0.5031,0.0066,99782
radix_sort,1060,random,2,0,5300,0.007366199977695942,38216,0.5031,0.0066,99782
bubble_sort,1060,random,3,561234,277690,0.3273563999682665,38216,0.5052,0.0085,99857
selection_sort,1060,random,3,561270,1058,0.1046656999969855,38216,0.5052,0.0085,99857
insertion_sort,1060,random,3,278744,277690,0.09134339995216578,38216,0.5052,0.0085,99857
merge_sort,1060,random,3,9320,10672,0.008169000037014484,38216,0.5052,0.0085,99857
quick_sort,1060,random,3,11397,6085,0.006368500064127147,38216,0.5052,0.0085,99857
heap_sort,1060,random,3,17987,9684,0.010507099912501872,38216,0.5052,0.0085,99857
radix_sort,1060,random,3,0,5300,0.004952499992214143,38216,0.5052,0.0085,99857
bubble_sort,1060,random,4,559674,281571,0.17152969993185252,38216,0.4983,0.0047,99603
selection_sort,1060,random,4,561270,1047,0.089869299903512,38216,0.4983,0.0047,99603
insertion_sort,1060,random,4,282625,281571,0.10975459998007864,38216,0.4983,0.0047,99603
merge_sort,1060,random,4,9319,10672,0.009626499959267676,38216,0.4983,0.0047,99603
quick_sort,1060,random,4,11996,6292,0.007804599939845502,38216,0.4983,0.0047,99603
heap_sort,1060,random,4,18054,9730,0.011292700073681772,38216,0.4983,0.0047,99603
radix_sort,1060,random,4,0,5300,0.007389800040982664,38216,0.4983,0.0047,99603
bubble_sort,1060,random,5,560367,276114,0.286816900013946,38216,0.5081,0.0075,99993
selection_sort,1060,random,5,561270,1050,0.09579469996970147,38216,0.5081,0.0075,99993
insertion_sort,1060,random,5,277169,276114,0.10012650000862777,38216,0.5081,0.0075,99993
merge_sort,1060,random,5,9290,10672,0.00817529996857047,38216,0.5081,0.0075,99993
quick_sort,1060,random,5,11204,6043,0.0070971999084576964,38216,0.5081,0.0075,99993
heap_sort,1060,random,5,18085,9776,0.010489100008271635,38216,0.5081,0.0075,99993
radix_sort,1060,random,5,0,5300,0.004848299897275865,38216,0.5081,0.0075,99993
bubble_sort,1070,random,1,571725,289430,0.20286610000766814,38576,0.4939,0.0028,99918
selection_sort,1070,random,1,571915,1064,0.09897480008658022,38576,0.4939,0.0028,99918
insertion_sort,1070,random,1,290493,289430,0.10322889999952167,38576,0.4939,0.0028,99918
merge_sort,1070,random,1,9432,10792,0.009024099912494421,38576,0.4939,0.0028,99918
quick_sort,1070,random,1,13301,7949,0.008161899982951581,38576,0.4939,0.0028,99918
heap_sort,1070,random,1,18237,9835,0.011608699918724597,38576,0.4939,0.0028,99918
radix_sort,1070,random,1,0,5350,0.006149700027890503,38576,0.4939,0.0028,99918
bubble_sort,1070,random,2,570537,278234,0.19810410006903112,38576,0.5135,0.0084,99644
selection_sort,1070,random,2,571915,1061,0.10647979995701462,38576,0.5135,0.0084,99644
insertion_sort,1070,random,2,279298,278234,0.09503910003695637,38576,0.5135,0.0084,99644
merge_sort,1070,random,2,9411,10792,0.008055999991483986,38576,0.5135,0.0084,99644
quick_sort,1070,random,2,12058,7483,0.007928099948912859,38576,0.5135,0.0084,99644
heap_sort,1070,random,2,18257,9841,0.009897099924273789,38576,0.5135,0.0084,99644
radix_sort,1070,random,2,0,5350,0.005048600025475025,38576,0.5135,0.0084,99644
bubble_sort,1070,random,3,571725,288321,0.223039900069125,38576,0.4959,0.0037,99774
selection_sort,1070,random,3,571915,1065,0.12383709999267012,38576,0.4959,0.0037,99774
insertion_sort,1070,random,3,289381,288321,0.11101850005798042,38576,0.4959,0.0037,99774
merge_sort,1070,random,3,9423,10792,0.008954400080256164,38576,0.4959,0.0037,99774
quick_sort,1070,random,3,11789,6109,0.007301700068637729,38576,0.4959,0.0037,99774
heap_sort,1070,random,3,18208,9794,0.010131399962119758,38576,0.4959,0.0037,99774
radix_sort,1070,random,3,0,5350,0.004358200007118285,38576,0.4959,0.0037,99774
bubble_sort,1070,random,4,570262,279540,0.35025619994848967,38576,0.5112,0.0056,99956
selection_sort,1070,random,4,571915,1064,0.27164369996171445,38576,0.5112,0.0056,99956
insertion_sort,1070,random,4,280602,279540,0.10218689998146147,38576,0.5112,0.0056,99956
merge_sort,1070,random,4,9449,10792,0.010034999926574528,38576,0.5112,0.0056,99956
quick_sort,1070,random,4,11966,6791,0.009075999958440661,38576,0.5112,0.0056,99956
heap_sort,1070,random,4,18270,9860,0.014687799965031445,38576,0.5112,0.0056,99956
radix_sort,1070,random,4,0,5350,0.005610499996691942,38576,0.5112,0.0056,99956
bubble_sort,1070,random,5,571054,283817,0.24288680008612573,38576,0.5037,0.0075,99819
selection_sort,1070,random,5,571915,1064,0.10289189999457449,38576,0.5037,0.0075,99819
insertion_sort,1070,random,5,284880,283817,0.10747379995882511,38576,0.5037,0.0075,99819
merge_sort,1070,random,5,9413,10792,0.00948359991889447,38576,0.5037,0.0075,99819
quick_sort,1070,random,5,13156,6574,0.008834000094793737,38576,0.5037,0.0075,99819
heap_sort,1070,random,5,18190,9786,0.011124800075776875,38576,0.5037,0.0075,99819
radix_sort,1070,random,5,0,5350,0.004983699996955693,38576,0.5037,0.0075,99819
bubble_sort,1080,random,1,581799,283584,0.26845329999923706,38936,0.5133,0.0028,99929
selection_sort,1080,random,1,582660,1071,0.11103569995611906,38936,0.5133,0.0028,99929
insertion_sort,1080,random,1,284659,283584,0.09467310004401952,38936,0.5133,0.0028,99929
merge_sort,1080,random,1,9553,10912,0.008643400040455163,38936,0.5133,0.0028,99929
quick_sort,1080,random,1,13491,6522,0.007321499986574054,38936,0.5133,0.0028,99929
heap_sort,1080,random,1,18420,9944,0.010344900074414909,38936,0.5133,0.0028,99929
radix_sort,1080,random,1,0,5400,0.004374800017103553,38936,0.5133,0.0028,99929
bubble_sort,1080,random,2,582489,284740,0.25959999999031425,38936,0.5113,0.0056,99917
selection_sort,1080,random,2,582660,1071,0.13539259997196496,38936,0.5113,0.0056,99917
insertion_sort,1080,random,2,285807,284740,0.11396919994149357,38936,0.5113,0.0056,99917
merge_sort,1080,random,2,9544,10912,0.008108100038953125,38936,0.5113,0.0056,99917
quick_sort,1080,random,2,13080,7005,0.006980899954214692,38936,0.5113,0.0056,99917
heap_sort,1080,random,2,18466,9976,0.010134999989531934,38936,0.5113,0.0056,99917
radix_sort,1080,random,2,0,5400,0.005613700021058321,38936,0.5113,0.0056,99917
bubble_sort,1080,random,3,581880,296866,0.2524505000328645,38936,0.4905,0.0046,99757
selection_sort,1080,random,3,582660,1070,0.09516630007419735,38936,0.4905,0.0046,99757
insertion_sort,1080,random,3,297938,296866,0.10446910001337528,38936,0.4905,0.0046,99757
merge_sort,1080,random,3,9520,10912,0.008064599940553308,38936,0.4905,0.0046,99757
quick_sort,1080,random,3,12802,7241,0.00834880000911653,38936,0.4905,0.0046,99757
heap_sort,1080,random,3,18475,9937,0.00987639999948442,38936,0.4905,0.0046,99757
radix_sort,1080,random,3,0,5400,0.00447889999486506,38936,0.4905,0.0046,99757
bubble_sort,1080,random,4,582569,283990,0.1879287000047043,38936,0.5126,0.0065,99935
selection_sort,1080,random,4,582660,1074,0.09650280000641942,38936,0.5126,0.0065,99935
insertion_sort,1080,random,4,285062,283990,0.09294989996124059,38936,0.5126,0.0065,99935
merge_sort,1080,random,4,9560,10912,0.009567799977958202,38936,0.5126,0.0065,99935
quick_sort,1080,random,4,12342,6786,0.006690099951811135,38936,0.5126,0.0065,99935
heap_sort,1080,random,4,18463,9944,0.010497800074517727,38936,0.5126,0.0065,99935
radix_sort,1080,random,4,0,5400,0.004285399918444455,38936,0.5126,0.0065,99935
bubble_sort,1080,random,5,582555,291584,0.18093839997891337,38936,0.4996,0.0037,99483
selection_sort,1080,random,5,582660,1073,0.1673228999134153,38936,0.4996,0.0037,99483
insertion_sort,1080,random,5,292658,291584,0.1048321999842301,38936,0.4996,0.0037,99483
merge_sort,1080,random,5,9514,10912,0.008335999911651015,38936,0.4996,0.0037,99483
quick_sort,1080,random,5,11508,7411,0.006767399958334863,38936,0.4996,0.0037,99483
heap_sort,1080,random,5,18413,9927,0.010146000073291361,38936,0.4996,0.0037,99483
radix_sort,1080,random,5,0,5400,0.004582199966534972,38936,0.4996,0.0037,99483
bubble_sort,1090,random,1,592977,298994,0.19456329999957234,39296,0.4962,0.0037,99802
selection_sort,1090,random,1,593505,1085,0.09566900006029755,39296,0.4962,0.0037,99802
insertion_sort,1090,random,1,300078,298994,0.09981769998557866,39296,0.4962,0.0037,99802
merge_sort,1090,random,1,9624,11032,0.0080733000067994,39296,0.4962,0.0037,99802
quick_sort,1090,random,1,11687,6456,0.006630699965171516,39296,0.4962,0.0037,99802
heap_sort,1090,random,1,18630,9994,0.011656800052151084,39296,0.4962,0.0037,99802
radix_sort,1090,random,1,0,5450,0.00433049991261214,39296,0.4962,0.0037,99802
bubble_sort,1090,random,2,592644,297026,0.1924763999413699,39296,0.4995,0.0037,99768
selection_sort,1090,random,2,593505,1080,0.11010019993409514,39296,0.4995,0.0037,99768
insertion_sort,1090,random,2,298109,297026,0.15949099999852479,39296,0.4995,0.0037,99768
merge_sort,1090,random,2,9613,11032,0.00848049996420741,39296,0.4995,0.0037,99768
quick_sort,1090,random,2,12679,6700,0.009526600013487041,39296,0.4995,0.0037,99768
heap_sort,1090,random,2,18697,10055,0.01221269997768104,39296,0.4995,0.0037,99768
radix_sort,1090,random,2,0,5450,0.004399399971589446,39296,0.4995,0.0037,99768
bubble_sort,1090,random,3,592424,292288,0.21443970000836998,39296,0.5075,0.0037,99595
selection_sort,1090,random,3,593505,1082,0.10533329995814711,39296,0.5075,0.0037,99595
insertion_sort,1090,random,3,293369,292288,0.10214069997891784,39296,0.5075,0.0037,99595
merge_sort,1090,random,3,9643,11032,0.008198900031857193,39296,0.5075,0.0037,99595
quick_sort,1090,random,3,12518,6464,0.006674000062048435,39296,0.5075,0.0037,99595
heap_sort,1090,random,3,18687,10052,0.010168900014832616,39296,0.5075,0.0037,99595
radix_sort,1090,random,3,0,5450,0.00473359995521605,39296,0.5075,0.0037,99595
bubble_sort,1090,random,4,592377,287967,0.18993740004952997,39296,0.5148,0.0101,99636
selection_sort,1090,random,4,593505,1085,0.11798700003419071,39296,0.5148,0.0101,99636
insertion_sort,1090,random,4,289046,287967,0.09768939996138215,39296,0.5148,0.0101,99636
merge_sort,1090,random,4,9623,11032,0.008011199999600649,39296,0.5148,0.0101,99636
quick_sort,1090,random,4,12703,7876,0.01537749997805804,39296,0.5148,0.0101,99636
heap_sort,1090,random,4,18660,10065,0.010292999912053347,39296,0.5148,0.0101,99636
radix_sort,1090,random,4,0,5450,0.004346800036728382,39296,0.5148,0.0101,99636
bubble_sort,1090,random,5,593127,291540,0.18761780008208007,39296,0.5088,0.0009,99841
selection_sort,1090,random,5,593505,1079,0.09579529997427016,39296,0.5088,0.0009,99841
insertion_sort,1090,random,5,292620,291540,0.10895010002423078,39296,0.5088,0.0009,99841
merge_sort,1090,random,5,9647,11032,0.012149899965152144,39296,0.5088,0.0009,99841
quick_sort,1090,random,5,12010,6973,0.006698700017295778,39296,0.5088,0.0009,99841
heap_sort,1090,random,5,18670,10043,0.010235599940642715,39296,0.5088,0.0009,99841
radix_sort,1090,random,5,0,5450,0.004503099946305156,39296,0.5088,0.0009,99841
bubble_sort,1100,random,1,604240,302874,0.18008199997711927,39656,0.4989,0.0036,99852
selection_sort,1100,random,1,604450,1089,0.10832410003058612,39656,0.4989,0.0036,99852
insertion_sort,1100,random,1,303970,302874,0.0987938999896869,39656,0.4989,0.0036,99852
merge_sort,1100,random,1,9757,11152,0.008234199951402843,39656,0.4989,0.0036,99852
quick_sort,1100,random,1,11689,6724,0.006743899895809591,39656,0.4989,0.0036,99852
heap_sort,1100,random,1,18870,10159,0.012822499964386225,39656,0.4989,0.0036,99852
radix_sort,1100,random,1,0,5500,0.004393600043840706,39656,0.4989,0.0036,99852
bubble_sort,1100,random,2,604197,303572,0.2552297000074759,39656,0.4978,0.0073,99809
selection_sort,1100,random,2,604450,1091,0.12346739997155964,39656,0.4978,0.0073,99809
insertion_sort,1100,random,2,304662,303572,0.09778800001367927,39656,0.4978,0.0073,99809
merge_sort,1100,random,2,9723,11152,0.008340999949723482,39656,0.4978,0.0073,99809
quick_sort,1100,random,2,11395,6133,0.006395600037649274,39656,0.4978,0.0073,99809
heap_sort,1100,random,2,18858,10131,0.010258299997076392,39656,0.4978,0.0073,99809
radix_sort,1100,random,2,0,5500,0.0043524999637156725,39656,0.4978,0.0073,99809
bubble_sort,1100,random,3,604345,306267,0.18896309996489435,39656,0.4933,0.0073,99822
selection_sort,1100,random,3,604450,1093,0.1068324000807479,39656,0.4933,0.0073,99822
insertion_sort,1100,random,3,307365,306267,0.10758950002491474,39656,0.4933,0.0073,99822
merge_sort,1100,random,3,9720,11152,0.009846900007687509,39656,0.4933,0.0073,99822
quick_sort,1100,random,3,11772,6456,0.0076639000326395035,39656,0.4933,0.0073,99822
heap_sort,1100,random,3,18885,10142,0.010408100089989603,39656,0.4933,0.0073,99822
radix_sort,1100,random,3,0,5500,0.004418399999849498,39656,0.4933,0.0073,99822
bubble_sort,1100,random,4,604345,306908,0.21084139996673912,39656,0.4923,0.0055,99391
selection_sort,1100,random,4,604450,1093,0.12940229999367148,39656,0.4923,0.0055,99391
insertion_sort,1100,random,4,307999,306908,0.11457850004080683,39656,0.4923,0.0055,99391
merge_sort,1100,random,4,9710,11152,0.009035900002345443,39656,0.4923,0.0055,99391
quick_sort,1100,random,4,11966,7505,0.007256600074470043,39656,0.4923,0.0055,99391
heap_sort,1100,random,4,18887,10156,0.010127700050361454,39656,0.4923,0.0055,99391
radix_sort,1100,random,4,0,5500,0.004727699910290539,39656,0.4923,0.0055,99391
bubble_sort,1100,random,5,603820,291308,0.18133549997583032,39656,0.5181,0.0055,99740
selection_sort,1100,random,5,604450,1095,0.09390700003132224,39656,0.5181,0.0055,99740
insertion_sort,1100,random,5,292400,291308,0.09128749999217689,39656,0.5181,0.0055,99740
merge_sort,1100,random,5,9703,11152,0.00808800000231713,39656,0.5181,0.0055,99740
quick_sort,1100,random,5,13467,7274,0.007151300087571144,39656,0.5181,0.0055,99740
heap_sort,1100,random,5,18921,10202,0.010130399954505265,39656,0.5181,0.0055,99740
radix_sort,1100,random,5,0,5500,0.00634269998408854,39656,0.5181,0.0055,99740
bubble_sort,1110,random,1,615242,311220,0.21272700000554323,40016,0.4944,0.0045,99987
selection_sort,1110,random,1,615495,1100,0.12504630000330508,40016,0.4944,0.0045,99987
insertion_sort,1110,random,1,312321,311220,0.13297180004883558,40016,0.4944,0.0045,99987
merge_sort,1110,random,1,9891,11272,0.008111300063319504,40016,0.4944,0.0045,99987
quick_sort,1110,random,1,11927,6872,0.008582700043916702,40016,0.4944,0.0045,99987
heap_sort,1110,random,1,19084,10243,0.011376499896869063,40016,0.4944,0.0045,99987
radix_sort,1110,random,1,0,5550,0.004440999939106405,40016,0.4944,0.0045,99987
bubble_sort,1110,random,2,614117,297668,0.19407570001203567,40016,0.5164,0.0072,99908
selection_sort,1110,random,2,615495,1105,0.0962876999983564,40016,0.5164,0.0072,99908
insertion_sort,1110,random,2,298770,297668,0.09926899999845773,40016,0.5164,0.0072,99908
merge_sort,1110,random,2,9845,11272,0.00853560003452003,40016,0.5164,0.0072,99908
quick_sort,1110,random,2,12984,6493,0.006840099929831922,40016,0.5164,0.0072,99908
heap_sort,1110,random,2,19125,10312,0.011450199992395937,40016,0.5164,0.0072,99908
radix_sort,1110,random,2,0,5550,0.004616799997165799,40016,0.5164,0.0072,99908
bubble_sort,1110,random,3,614967,300893,0.1829571999842301,40016,0.5111,0.0,99730
selection_sort,1110,random,3,615495,1099,0.12118890008423477,40016,0.5111,0.0,99730
insertion_sort,1110,random,3,302000,300893,0.11187030002474785,40016,0.5111,0.0,99730
merge_sort,1110,random,3,9871,11272,0.008072199998423457,40016,0.5111,0.0,99730
quick_sort,1110,random,3,13026,7859,0.008269299985840917,40016,0.5111,0.0,99730
heap_sort,1110,random,3,19007,10221,0.01017409993801266,40016,0.5111,0.0,99730
radix_sort,1110,random,3,0,5550,0.004968699999153614,40016,0.5111,0.0,99730
bubble_sort,1110,random,4,615324,311162,0.22763430001214147,40016,0.4945,0.0036,99609
selection_sort,1110,random,4,615495,1100,0.10270290006883442,40016,0.4945,0.0036,99609
insertion_sort,1110,random,4,312268,311162,0.1006524000549689,40016,0.4945,0.0036,99609
merge_sort,1110,random,4,9838,11272,0.008164700004272163,40016,0.4945,0.0036,99609
quick_sort,1110,random,4,11763,6811,0.006719700060784817,40016,0.4945,0.0036,99609
heap_sort,1110,random,4,19091,10267,0.010136099997907877,40016,0.4945,0.0036,99609
radix_sort,1110,random,4,0,5550,0.004496599896810949,40016,0.4945,0.0036,99609
bubble_sort,1110,random,5,615429,305076,0.18282639991957694,40016,0.5043,0.0054,99933
selection_sort,1110,random,5,615495,1101,0.13565099996048957,40016,0.5043,0.0054,99933
insertion_sort,1110,random,5,306178,305076,0.13865189999341965,40016,0.5043,0.0054,99933
merge_sort,1110,random,5,9846,11272,0.00812339992262423,40016,0.5043,0.0054,99933
quick_sort,1110,random,5,11671,6104,0.009039700031280518,40016,0.5043,0.0054,99933
heap_sort,1110,random,5,19079,10301,0.010454599978402257,40016,0.5043,0.0054,99933
radix_sort,1110,random,5,0,5550,0.004409699933603406,40016,0.5043,0.0054,99933
bubble_sort,1120,random,1,625860,309564,0.22911760001443326,40376,0.506,0.0063,99939
selection_sort,1120,random,1,626640,1110,0.0958825999405235,40376,0.506,0.0063,99939
insertion_sort,1120,random,1,310675,309564,0.1012165000429377,40376,0.506,0.0063,99939
merge_sort,1120,random,1,9913,11392,0.00847340002655983,40376,0.506,0.0063,99939
quick_sort,1120,random,1,12790,7872,0.007060599979013205,40376,0.506,0.0063,99939
heap_sort,1120,random,1,19298,10366,0.011249600094743073,40376,0.506,0.0063,99939
radix_sort,1120,random,1,0,5600,0.004415699979290366,40376,0.506,0.0063,99939
bubble_sort,1120,random,2,625155,312996,0.18825830006971955,40376,0.5005,0.008,99823
selection_sort,1120,random,2,626640,1112,0.1132667000638321,40376,0.5005,0.008,99823
insertion_sort,1120,random,2,314109,312996,0.1443855999968946,40376,0.5005,0.008,99823
merge_sort,1120,random,2,9958,11392,0.02205370005685836,40376,0.5005,0.008,99823
quick_sort,1120,random,2,11705,6964,0.013247399940155447,40376,0.5005,0.008,99823
heap_sort,1120,random,2,19249,10365,0.011686399928294122,40376,0.5005,0.008,99823
radix_sort,1120,random,2,0,5600,0.004480700008571148,40376,0.5005,0.008,99823
bubble_sort,1120,random,3,625820,317997,0.24355140002444386,40376,0.4925,0.0027,99730
selection_sort,1120,random,3,626640,1113,0.10006980004254729,40376,0.4925,0.0027,99730
insertion_sort,1120,random,3,319110,317997,0.10083869996014982,40376,0.4925,0.0027,99730
merge_sort,1120,random,3,9976,11392,0.015552000026218593,40376,0.4925,0.0027,99730
quick_sort,1120,random,3,11999,6923,0.006904899957589805,40376,0.4925,0.0027,99730
heap_sort,1120,random,3,19186,10327,0.01077860000077635,40376,0.4925,0.0027,99730
radix_sort,1120,random,3,0,5600,0.004734000074677169,40376,0.4925,0.0027,99730
bubble_sort,1120,random,4,625650,311098,0.18775539996568114,40376,0.5035,0.0036,99929
selection_sort,1120,random,4,626640,1114,0.10014480003155768,40376,0.5035,0.0036,99929
insertion_sort,1120,random,4,312214,311098,0.10435800009872764,40376,0.5035,0.0036,99929
merge_sort,1120,random,4,9963,11392,0.008615100057795644,40376,0.5035,0.0036,99929
quick_sort,1120,random,4,14130,7728,0.00836510001681745,40376,0.5035,0.0036,99929
heap_sort,1120,random,4,19264,10381,0.012440299964509904,40376,0.5035,0.0036,99929
radix_sort,1120,random,4,0,5600,0.004391400027088821,40376,0.5035,0.0036,99929
bubble_sort,1120,random,5,625262,307251,0.2133162000682205,40376,0.5097,0.0027,99980
selection_sort,1120,random,5,626640,1113,0.13652629998978227,40376,0.5097,0.0027,99980
insertion_sort,1120,random,5,308365,307251,0.09648850001394749,40376,0.5097,0.0027,99980
merge_sort,1120,random,5,9952,11392,0.008507800055667758,40376,0.5097,0.0027,99980
quick_sort,1120,random,5,13239,6848,0.006962500046938658,40376,0.5097,0.0027,99980
heap_sort,1120,random,5,19285,10361,0.010532399988733232,40376,0.5097,0.0027,99980
radix_sort,1120,random,5,0,5600,0.0044377000303938985,40376,0.5097,0.0027,99980
bubble_sort,1130,random,1,637420,321723,0.2004202000098303,40736,0.4956,0.0035,99873
selection_sort,1130,random,1,637885,1123,0.13131299999076873,40736,0.4956,0.0035,99873
insertion_sort,1130,random,1,322846,321723,0.10356600000523031,40736,0.4956,0.0035,99873
merge_sort,1130,random,1,10031,11512,0.008488699910230935,40736,0.4956,0.0035,99873
quick_sort,1130,random,1,12333,6489,0.006735999952070415,40736,0.4956,0.0035,99873
heap_sort,1130,random,1,19483,10484,0.011070000007748604,40736,0.4956,0.0035,99873
radix_sort,1130,random,1,0,5650,0.004531300044618547,40736,0.4956,0.0035,99873
bubble_sort,1130,random,2,637585,324932,0.22976960008963943,40736,0.4906,0.0044,99855
selection_sort,1130,random,2,637885,1120,0.11808239994570613,40736,0.4906,0.0044,99855
insertion_sort,1130,random,2,326055,324932,0.1327439999440685,40736,0.4906,0.0044,99855
merge_sort,1130,random,2,10018,11512,0.009002300095744431,40736,0.4906,0.0044,99855
quick_sort,1130,random,2,13190,7409,0.00713990000076592,40736,0.4906,0.0044,99855
heap_sort,1130,random,2,19460,10479,0.010632800054736435,40736,0.4906,0.0044,99855
radix_sort,1130,random,2,0,5650,0.004490999970585108,40736,0.4906,0.0044,99855
bubble_sort,1130,random,3,636289,325078,0.19778359995689243,40736,0.4904,0.008,99940
selection_sort,1130,random,3,637885,1122,0.10277480003423989,40736,0.4904,0.008,99940
insertion_sort,1130,random,3,326201,325078,0.10240440000779927,40736,0.4904,0.008,99940
merge_sort,1130,random,3,10088,11512,0.01111800002399832,40736,0.4904,0.008,99940
quick_sort,1130,random,3,12701,6481,0.006967800087295473,40736,0.4904,0.008,99940
heap_sort,1130,random,3,19459,10461,0.010436999960802495,40736,0.4904,0.008,99940
radix_sort,1130,random,3,0,5650,0.004610100062564015,40736,0.4904,0.008,99940
bubble_sort,1130,random,4,634804,320674,0.25495700002647936,40736,0.4973,0.0027,99935
selection_sort,1130,random,4,637885,1125,0.10570590000133961,40736,0.4973,0.0027,99935
insertion_sort,1130,random,4,321798,320674,0.14318350004032254,40736,0.4973,0.0027,99935
merge_sort,1130,random,4,10057,11512,0.0085091000655666,40736,0.4973,0.0027,99935
quick_sort,1130,random,4,13364,6112,0.007352199987508357,40736,0.4973,0.0027,99935
heap_sort,1130,random,4,19483,10512,0.01053410000167787,40736,0.4973,0.0027,99935
radix_sort,1130,random,4,0,5650,0.004711400019004941,40736,0.4973,0.0027,99935
bubble_sort,1130,random,5,635994,317656,0.19301739998627454,40736,0.502,0.0027,99909
selection_sort,1130,random,5,637885,1121,0.1072464999742806,40736,0.502,0.0027,99909
insertion_sort,1130,random,5,318780,317656,0.1012470000423491,40736,0.502,0.0027,99909
merge_sort,1130,random,5,10052,11512,0.008665299974381924,40736,0.502,0.0027,99909
quick_sort,1130,random,5,12692,7845,0.007235399913042784,40736,0.502,0.0027,99909
heap_sort,1130,random,5,19433,10453,0.010265900054946542,40736,0.502,0.0027,99909
radix_sort,1130,random,5,0,5650,0.004485499928705394,40736,0.502,0.0027,99909
bubble_sort,1140,random,1,649215,310847,0.230686999973841,41096,0.5212,0.0053,99937
selection_sort,1140,random,1,649230,1132,0.10924210003577173,41096,0.5212,0.0053,99937
insertion_sort,1140,random,1,311977,310847,0.13081910007167608,41096,0.5212,0.0053,99937
merge_sort,1140,random,1,10123,11632,0.01941059995442629,41096,0.5212,0.0053,99937
quick_sort,1140,random,1,12283,7507,0.007237300043925643,41096,0.5212,0.0053,99937
heap_sort,1140,random,1,19695,10625,0.01060829998459667,41096,0.5212,0.0053,99937
radix_sort,1140,random,1,0,5700,0.00503429991658777,41096,0.5212,0.0053,99937
bubble_sort,1140,random,2,645744,318269,0.19840560003649443,41096,0.5098,0.0053,99843
selection_sort,1140,random,2,649230,1132,0.10920449998229742,41096,0.5098,0.0053,99843
insertion_sort,1140,random,2,319401,318269,0.10704030003398657,41096,0.5098,0.0053,99843
merge_sort,1140,random,2,10171,11632,0.008831499959342182,41096,0.5098,0.0053,99843
quick_sort,1140,random,2,12602,6748,0.007075299974530935,41096,0.5098,0.0053,99843
heap_sort,1140,random,2,19663,10581,0.010500399977900088,41096,0.5098,0.0053,99843
radix_sort,1140,random,2,0,5700,0.00496329995803535,41096,0.5098,0.0053,99843
bubble_sort,1140,random,3,648240,311417,0.2095285999821499,41096,0.5203,0.0044,99854
selection_sort,1140,random,3,649230,1136,0.12216949998401105,41096,0.5203,0.0044,99854
insertion_sort,1140,random,3,312554,311417,0.11024720000568777,41096,0.5203,0.0044,99854
merge_sort,1140,random,3,10132,11632,0.01504560001194477,41096,0.5203,0.0044,99854
quick_sort,1140,random,3,11860,6317,0.00694130000192672,41096,0.5203,0.0044,99854
heap_sort,1140,random,3,19682,10593,0.011130400002002716,41096,0.5203,0.0044,99854
radix_sort,1140,random,3,0,5700,0.015881599974818528,41096,0.5203,0.0044,99854
bubble_sort,1140,random,4,648702,327489,0.2225705999881029,41096,0.4956,0.0053,99847
selection_sort,1140,random,4,649230,1131,0.10123720008414239,41096,0.4956,0.0053,99847
insertion_sort,1140,random,4,328622,327489,0.10187870007939637,41096,0.4956,0.0053,99847
merge_sort,1140,random,4,10191,11632,0.013606699998490512,41096,0.4956,0.0053,99847
quick_sort,1140,random,4,13085,7628,0.008365299901925027,41096,0.4956,0.0053,99847
heap_sort,1140,random,4,19662,10566,0.013369600055739284,41096,0.4956,0.0053,99847
radix_sort,1140,random,4,0,5700,0.004651500028558075,41096,0.4956,0.0053,99847
bubble_sort,1140,random,5,644574,310013,0.20127229997888207,41096,0.5225,0.0061,99865
selection_sort,1140,random,5,649230,1131,0.12546260003000498,41096,0.5225,0.0061,99865
insertion_sort,1140,random,5,311146,310013,0.09656569990329444,41096,0.5225,0.0061,99865
merge_sort,1140,random,5,10146,11632,0.008418100071139634,41096,0.5225,0.0061,99865
quick_sort,1140,random,5,13388,7506,0.007374799926765263,41096,0.5225,0.0061,99865
heap_sort,1140,random,5,19615,10589,0.010735999909229577,41096,0.5225,0.0061,99865
radix_sort,1140,random,5,0,5700,0.004676199983805418,41096,0.5225,0.0061,99865
bubble_sort,1150,random,1,658964,334742,0.24997100001201034,41456,0.4933,0.0043,99832
selection_sort,1150,random,1,660675,1144,0.10331039992161095,41456,0.4933,0.0043,99832
insertion_sort,1150,random,1,335880,334742,0.10812779993284494,41456,0.4933,0.0043,99832
merge_sort,1150,random,1,10265,11752,0.00856799993198365,41456,0.4933,0.0043,99832
quick_sort,1150,random,1,13636,7054,0.007326900027692318,41456,0.4933,0.0043,99832
heap_sort,1150,random,1,19811,10625,0.010818399954587221,41456,0.4933,0.0043,99832
radix_sort,1150,random,1,0,5750,0.0045958999544382095,41456,0.4933,0.0043,99832
bubble_sort,1150,random,2,660269,327328,0.22481319995131344,41456,0.5046,0.0052,99893
selection_sort,1150,random,2,660675,1140,0.15274140005931258,41456,0.5046,0.0052,99893
insertion_sort,1150,random,2,328473,327328,0.1291718001011759,41456,0.5046,0.0052,99893
merge_sort,1150,random,2,10258,11752,0.01569449994713068,41456,0.5046,0.0052,99893
quick_sort,1150,random,2,12348,6651,0.009793899953365326,41456,0.5046,0.0052,99893
heap_sort,1150,random,2,19902,10691,0.016130900010466576,41456,0.5046,0.0052,99893
radix_sort,1150,random,2,0,5750,0.015307000023312867,41456,0.5046,0.0052,99893
bubble_sort,1150,random,3,660375,328989,0.23606499994639307,41456,0.502,0.007,99773
selection_sort,1150,random,3,660675,1140,0.1180012000259012,41456,0.502,0.007,99773
insertion_sort,1150,random,3,330130,328989,0.16059330001007766,41456,0.502,0.007,99773
merge_sort,1150,random,3,10251,11752,0.008737899945117533,41456,0.502,0.007,99773
quick_sort,1150,random,3,13279,8403,0.008456700015813112,41456,0.502,0.007,99773
heap_sort,1150,random,3,19939,10729,0.012895999941974878,41456,0.502,0.007,99773
radix_sort,1150,random,3,0,5750,0.004610500065609813,41456,0.502,0.007,99773
bubble_sort,1150,random,4,655319,327775,0.21434710000175983,41456,0.5039,0.0026,99848
selection_sort,1150,random,4,660675,1145,0.1252691000699997,41456,0.5039,0.0026,99848
insertion_sort,1150,random,4,328918,327775,0.11954969994258136,41456,0.5039,0.0026,99848
merge_sort,1150,random,4,10272,11752,0.01022759999614209,41456,0.5039,0.0026,99848
quick_sort,1150,random,4,13313,7734,0.015932300011627376,41456,0.5039,0.0026,99848
heap_sort,1150,random,4,19843,10671,0.01334940001834184,41456,0.5039,0.0026,99848
radix_sort,1150,random,4,0,5750,0.0048380999360233545,41456,0.5039,0.0026,99848
bubble_sort,1150,random,5,659450,331159,0.20609130000229925,41456,0.4988,0.0035,99833
selection_sort,1150,random,5,660675,1138,0.10873880004510283,41456,0.4988,0.0035,99833
insertion_sort,1150,random,5,332304,331159,0.10127650003414601,41456,0.4988,0.0035,99833
merge_sort,1150,random,5,10265,11752,0.008738300064578652,41456,0.4988,0.0035,99833
quick_sort,1150,random,5,12737,7074,0.006804900011047721,41456,0.4988,0.0035,99833
heap_sort,1150,random,5,19890,10719,0.013302599894814193,41456,0.4988,0.0035,99833
radix_sort,1150,random,5,0,5750,0.004784699995070696,41456,0.4988,0.0035,99833
bubble_sort,1160,random,1,671989,344853,0.22482300002593547,41816,0.487,0.0052,99677
selection_sort,1160,random,1,672220,1149,0.1301605999469757,41816,0.487,0.0052,99677
insertion_sort,1160,random,1,346007,344853,0.14580960001330823,41816,0.487,0.0052,99677
merge_sort,1160,random,1,10380,11872,0.011179600027389824,41816,0.487,0.0052,99677
quick_sort,1160,random,1,13003,5763,0.009739000000990927,41816,0.487,0.0052,99677
heap_sort,1160,random,1,20152,10869,0.011996699962764978,41816,0.487,0.0052,99677
radix_sort,1160,random,1,0,5800,0.013642200035974383,41816,0.487,0.0052,99677
bubble_sort,1160,random,2,671230,329372,0.21307649998925626,41816,0.51,0.0026,99930
selection_sort,1160,random,2,672220,1157,0.1339859999716282,41816,0.51,0.0026,99930
insertion_sort,1160,random,2,330525,329372,0.1175115000223741,41816,0.51,0.0026,99930
merge_sort,1160,random,2,10368,11872,0.009219500003382564,41816,0.51,0.0026,99930
quick_sort,1160,random,2,12587,7371,0.007349300081841648,41816,0.51,0.0026,99930
heap_sort,1160,random,2,20099,10824,0.012559899943880737,41816,0.51,0.0026,99930
radix_sort,1160,random,2,0,5800,0.004825999960303307,41816,0.51,0.0026,99930
bubble_sort,1160,random,3,672049,332157,0.2280083999503404,41816,0.5059,0.0069,99787
selection_sort,1160,random,3,672220,1154,0.11464400007389486,41816,0.5059,0.0069,99787
insertion_sort,1160,random,3,333306,332157,0.12959449994377792,41816,0.5059,0.0069,99787
merge_sort,1160,random,3,10366,11872,0.012089099967852235,41816,0.5059,0.0069,99787
quick_sort,1160,random,3,13548,7056,0.008450599969364703,41816,0.5059,0.0069,99787
heap_sort,1160,random,3,20091,10817,0.015007200068794191,41816,0.5059,0.0069,99787
radix_sort,1160,random,3,0,5800,0.005486199981532991,41816,0.5059,0.0069,99787
bubble_sort,1160,random,4,672084,324557,0.21462870005052537,41816,0.5172,0.0043,99953
selection_sort,1160,random,4,672220,1150,0.11380489997100085,41816,0.5172,0.0043,99953
insertion_sort,1160,random,4,325706,324557,0.10813149996101856,41816,0.5172,0.0043,99953
merge_sort,1160,random,4,10359,11872,0.009057599934749305,41816,0.5172,0.0043,99953
quick_sort,1160,random,4,13677,8422,0.007890700013376772,41816,0.5172,0.0043,99953
heap_sort,1160,random,4,20100,10841,0.012852299958467484,41816,0.5172,0.0043,99953
radix_sort,1160,random,4,0,5800,0.005166199989616871,41816,0.5172,0.0043,99953
bubble_sort,1160,random,5,672010,327805,0.21556150005199015,41816,0.5124,0.0052,99960
selection_sort,1160,random,5,672220,1152,0.11129979998804629,41816,0.5124,0.0052,99960
insertion_sort,1160,random,5,328958,327805,0.11258959991391748,41816,0.5124,0.0052,99960
merge_sort,1160,random,5,10353,11872,0.011358899995684624,41816,0.5124,0.0052,99960
quick_sort,1160,random,5,13309,8262,0.008669899892993271,41816,0.5124,0.0052,99960
heap_sort,1160,random,5,20110,10835,0.011640199925750494,41816,0.5124,0.0052,99960
radix_sort,1160,random,5,0,5800,0.006168699939735234,41816,0.5124,0.0052,99960
bubble_sort,1170,random,1,683787,347407,0.241102600004524,42176,0.492,0.0051,99937
selection_sort,1170,random,1,683865,1165,0.11459300003480166,42176,0.492,0.0051,99937
insertion_sort,1170,random,1,348569,347407,0.11417419998906553,42176,0.492,0.0051,99937
merge_sort,1170,random,1,10446,11992,0.009190200013108552,42176,0.492,0.0051,99937
quick_sort,1170,random,1,13845,6387,0.007134399958886206,42176,0.492,0.0051,99937
heap_sort,1170,random,1,20279,10883,0.011925600003451109,42176,0.492,0.0051,99937
radix_sort,1170,random,1,0,5850,0.004779699956998229,42176,0.492,0.0051,99937
bubble_sort,1170,random,2,683337,343864,0.22594589996151626,42176,0.4972,0.0094,99944
selection_sort,1170,random,2,683865,1166,0.13133400003425777,42176,0.4972,0.0094,99944
insertion_sort,1170,random,2,345028,343864,0.18440969998482615,42176,0.4972,0.0094,99944
merge_sort,1170,random,2,10463,11992,0.009465000010095537,42176,0.4972,0.0094,99944
quick_sort,1170,random,2,12913,6952,0.008191299973987043,42176,0.4972,0.0094,99944
heap_sort,1170,random,2,20244,10894,0.016810900066047907,42176,0.4972,0.0094,99944
radix_sort,1170,random,2,0,5850,0.010500200092792511,42176,0.4972,0.0094,99944
bubble_sort,1170,random,3,683745,344510,0.2529582999413833,42176,0.4962,0.0103,99873
selection_sort,1170,random,3,683865,1165,0.11464560008607805,42176,0.4962,0.0103,99873
insertion_sort,1170,random,3,345672,344510,0.16046180005650967,42176,0.4962,0.0103,99873
merge_sort,1170,random,3,10458,11992,0.011107199941761792,42176,0.4962,0.0103,99873
quick_sort,1170,random,3,13885,8951,0.010999200050719082,42176,0.4962,0.0103,99873
heap_sort,1170,random,3,20259,10897,0.012847600039094687,42176,0.4962,0.0103,99873
radix_sort,1170,random,3,0,5850,0.005007199943065643,42176,0.4962,0.0103,99873
bubble_sort,1170,random,4,683540,350916,0.22665559989400208,42176,0.4869,0.0043,99860
selection_sort,1170,random,4,683865,1163,0.11707010003738105,42176,0.4869,0.0043,99860
insertion_sort,1170,random,4,352073,350916,0.12573249998968095,42176,0.4869,0.0043,99860
merge_sort,1170,random,4,10450,11992,0.01163789990823716,42176,0.4869,0.0043,99860
quick_sort,1170,random,4,14569,7327,0.008894600090570748,42176,0.4869,0.0043,99860
heap_sort,1170,random,4,20262,10865,0.01154920004773885,42176,0.4869,0.0043,99860
radix_sort,1170,random,4,0,5850,0.004660399979911745,42176,0.4869,0.0043,99860
bubble_sort,1170,random,5,682539,340633,0.21331920009106398,42176,0.5019,0.0094,99893
selection_sort,1170,random,5,683865,1159,0.11688730004243553,42176,0.5019,0.0094,99893
insertion_sort,1170,random,5,341793,340633,0.1190434000454843,42176,0.5019,0.0094,99893
merge_sort,1170,random,5,10461,11992,0.00912219996098429,42176,0.5019,0.0094,99893
quick_sort,1170,random,5,12410,6996,0.007089699967764318,42176,0.5019,0.0094,99893
heap_sort,1170,random,5,20323,10920,0.011367400060407817,42176,0.5019,0.0094,99893
radix_sort,1170,random,5,0,5850,0.004742200020700693,42176,0.5019,0.0094,99893
bubble_sort,1180,random,1,695357,348168,0.22886809997726232,42536,0.4995,0.0051,99772
selection_sort,1180,random,1,695610,1172,0.11831119994167238,42536,0.4995,0.0051,99772
insertion_sort,1180,random,1,349343,348168,0.11587910004891455,42536,0.4995,0.0051,99772
merge_sort,1180,random,1,10562,12112,0.011057299911044538,42536,0.4995,0.0051,99772
quick_sort,1180,random,1,12780,7133,0.0087268000934273,42536,0.4995,0.0051,99772
heap_sort,1180,random,1,20429,10984,0.01321760006248951,42536,0.4995,0.0051,99772
radix_sort,1180,random,1,0,5900,0.0052426999900490046,42536,0.4995,0.0051,99772
bubble_sort,1180,random,2,695357,344317,0.2174644999904558,42536,0.505,0.0025,99916
selection_sort,1180,random,2,695610,1169,0.11381549993529916,42536,0.505,0.0025,99916
insertion_sort,1180,random,2,345489,344317,0.11435539997182786,42536,0.505,0.0025,99916
merge_sort,1180,random,2,10588,12112,0.009405100019648671,42536,0.505,0.0025,99916
quick_sort,1180,random,2,12703,7095,0.007333599962294102,42536,0.505,0.0025,99916
heap_sort,1180,random,2,20487,11013,0.011312599992379546,42536,0.505,0.0025,99916
radix_sort,1180,random,2,0,5900,0.005244100000709295,42536,0.505,0.0025,99916
bubble_sort,1180,random,3,694830,339903,0.21520940004847944,42536,0.5114,0.0059,99919
selection_sort,1180,random,3,695610,1175,0.1126440999796614,42536,0.5114,0.0059,99919
insertion_sort,1180,random,3,341075,339903,0.11231110000517219,42536,0.5114,0.0059,99919
merge_sort,1180,random,3,10563,12112,0.009112200001254678,42536,0.5114,0.0059,99919
quick_sort,1180,random,3,12890,7060,0.00802470010239631,42536,0.5114,0.0059,99919
heap_sort,1180,random,3,20497,11049,0.011435599997639656,42536,0.5114,0.0059,99919
radix_sort,1180,random,3,0,5900,0.005248100031167269,42536,0.5114,0.0059,99919
bubble_sort,1180,random,4,694179,355254,0.21693650004453957,42536,0.4893,0.0085,99846
selection_sort,1180,random,4,695610,1174,0.11718539998400956,42536,0.4893,0.0085,99846
insertion_sort,1180,random,4,356430,355254,0.1465275000082329,42536,0.4893,0.0085,99846
merge_sort,1180,random,4,10559,12112,0.009651700034737587,42536,0.4893,0.0085,99846
quick_sort,1180,random,4,13692,7767,0.011659800074994564,42536,0.4893,0.0085,99846
heap_sort,1180,random,4,20452,10981,0.011700700037181377,42536,0.4893,0.0085,99846
radix_sort,1180,random,4,0,5900,0.00486260000616312,42536,0.4893,0.0085,99846
bubble_sort,1180,random,5,690560,344475,0.2541362999472767,42536,0.5048,0.0025,99764
selection_sort,1180,random,5,695610,1170,0.118187400046736,42536,0.5048,0.0025,99764
insertion_sort,1180,random,5,345644,344475,0.11162460001651198,42536,0.5048,0.0025,99764
merge_sort,1180,random,5,10527,12112,0.009429099969565868,42536,0.5048,0.0025,99764
quick_sort,1180,random,5,13872,6409,0.007330699940212071,42536,0.5048,0.0025,99764
heap_sort,1180,random,5,20549,11053,0.011831899988465011,42536,0.5048,0.0025,99764
radix_sort,1180,random,5,0,5900,0.007992200087755919,42536,0.5048,0.0025,99764
bubble_sort,1190,random,1,707155,351469,0.21620630007237196,42896,0.5032,0.0059,99837
selection_sort,1190,random,1,707455,1182,0.12620469997636974,42896,0.5032,0.0059,99837
insertion_sort,1190,random,1,352650,351469,0.12084650003816932,42896,0.5032,0.0059,99837
merge_sort,1190,random,1,10663,12232,0.008962800027802587,42896,0.5032,0.0059,99837
quick_sort,1190,random,1,13627,7150,0.007543900050222874,42896,0.5032,0.0059,99837
heap_sort,1190,random,1,20686,11156,0.011415500077418983,42896,0.5032,0.0059,99837
radix_sort,1190,random,1,0,5950,0.0047200999688357115,42896,0.5032,0.0059,99837
bubble_sort,1190,random,2,705915,361537,0.23880360007751733,42896,0.489,0.0084,99771
selection_sort,1190,random,2,707455,1177,0.11832979996688664,42896,0.489,0.0084,99771
insertion_sort,1190,random,2,362722,361537,0.12127400003373623,42896,0.489,0.0084,99771
merge_sort,1190,random,2,10704,12232,0.01374480000231415,42896,0.489,0.0084,99771
quick_sort,1190,random,2,13891,7219,0.010023099952377379,42896,0.489,0.0084,99771
heap_sort,1190,random,2,20679,11118,0.02018870005849749,42896,0.489,0.0084,99771
radix_sort,1190,random,2,0,5950,0.005770399933680892,42896,0.489,0.0084,99771
bubble_sort,1190,random,3,706789,341634,0.24445040000136942,42896,0.5171,0.0008,99670
selection_sort,1190,random,3,707455,1180,0.12054389994591475,42896,0.5171,0.0008,99670
insertion_sort,1190,random,3,342816,341634,0.11337009991984814,42896,0.5171,0.0008,99670
merge_sort,1190,random,3,10678,12232,0.010066899936646223,42896,0.5171,0.0008,99670
quick_sort,1190,random,3,12642,6103,0.006930600036866963,42896,0.5171,0.0008,99670
heap_sort,1190,random,3,20696,11136,0.017087899963371456,42896,0.5171,0.0008,99670
radix_sort,1190,random,3,0,5950,0.005535000003874302,42896,0.5171,0.0008,99670
bubble_sort,1190,random,4,706594,372057,0.23662859993055463,42896,0.4741,0.0067,99963
selection_sort,1190,random,4,707455,1181,0.11778079997748137,42896,0.4741,0.0067,99963
insertion_sort,1190,random,4,373241,372057,0.1488161999732256,42896,0.4741,0.0067,99963
merge_sort,1190,random,4,10629,12232,0.013103299890644848,42896,0.4741,0.0067,99963
quick_sort,1190,random,4,13106,7206,0.007525300025008619,42896,0.4741,0.0067,99963
heap_sort,1190,random,4,20683,11104,0.011761200032196939,42896,0.4741,0.0067,99963
radix_sort,1190,random,4,0,5950,0.0050382999470457435,42896,0.4741,0.0067,99963
bubble_sort,1190,random,5,707410,360553,0.2331640999764204,42896,0.4904,0.0084,99353
selection_sort,1190,random,5,707455,1183,0.11084989993833005,42896,0.4904,0.0084,99353
insertion_sort,1190,random,5,361739,360553,0.11889919999521226,42896,0.4904,0.0084,99353
merge_sort,1190,random,5,10684,12232,0.00900670001283288,42896,0.4904,0.0084,99353
quick_sort,1190,random,5,13983,8492,0.008220799965783954,42896,0.4904,0.0084,99353
heap_sort,1190,random,5,20776,11188,0.011169499950483441,42896,0.4904,0.0084,99353
radix_sort,1190,random,5,0,5950,0.004997599986381829,42896,0.4904,0.0084,99353
bubble_sort,1200,random,1,718272,359748,0.2319308000151068,43256,0.4999,0.0042,99864
selection_sort,1200,random,1,719400,1190,0.11566690006293356,43256,0.4999,0.0042,99864
insertion_sort,1200,random,1,360942,359748,0.12168470001779497,43256,0.4999,0.0042,99864
merge_sort,1200,random,1,10768,12352,0.009534199954941869,43256,0.4999,0.0042,99864
quick_sort,1200,random,1,13127,7725,0.007703699986450374,43256,0.4999,0.0042,99864
heap_sort,1200,random,1,20914,11269,0.011509299976751208,43256,0.4999,0.0042,99864
radix_sort,1200,random,1,0,6000,0.005168300005607307,43256,0.4999,0.0042,99864
bubble_sort,1200,random,2,718994,349421,0.222440299927257,43256,0.5143,0.0042,99681
selection_sort,1200,random,2,719400,1195,0.13151300000026822,43256,0.5143,0.0042,99681
insertion_sort,1200,random,2,350611,349421,0.11565949989017099,43256,0.5143,0.0042,99681
merge_sort,1200,random,2,10813,12352,0.009284600033424795,43256,0.5143,0.0042,99681
quick_sort,1200,random,2,14530,7809,0.007734299986623228,43256,0.5143,0.0042,99681
heap_sort,1200,random,2,20954,11304,0.011643600068055093,43256,0.5143,0.0042,99681
radix_sort,1200,random,2,0,6000,0.004925800021737814,43256,0.5143,0.0042,99681
bubble_sort,1200,random,3,718697,361398,0.22737159999087453,43256,0.4976,0.0033,99845
selection_sort,1200,random,3,719400,1193,0.11877070006448776,43256,0.4976,0.0033,99845
insertion_sort,1200,random,3,362590,361398,0.11843289993703365,43256,0.4976,0.0033,99845
merge_sort,1200,random,3,10831,12352,0.009275799966417253,43256,0.4976,0.0033,99845
quick_sort,1200,random,3,13971,8030,0.00786429992876947,43256,0.4976,0.0033,99845
heap_sort,1200,random,3,20929,11258,0.011517200036905706,43256,0.4976,0.0033,99845
radix_sort,1200,random,3,0,6000,0.004777099937200546,43256,0.4976,0.0033,99845
bubble_sort,1200,random,4,718539,364841,0.25501160009298474,43256,0.4929,0.0058,99964
selection_sort,1200,random,4,719400,1191,0.1292376999044791,43256,0.4929,0.0058,99964
insertion_sort,1200,random,4,366028,364841,0.12010070006363094,43256,0.4929,0.0058,99964
merge_sort,1200,random,4,10766,12352,0.009089199942536652,43256,0.4929,0.0058,99964
quick_sort,1200,random,4,13495,7662,0.007762199966236949,43256,0.4929,0.0058,99964
heap_sort,1200,random,4,20900,11236,0.012435699929483235,43256,0.4929,0.0058,99964
radix_sort,1200,random,4,0,6000,0.004814699990674853,43256,0.4929,0.0058,99964
bubble_sort,1200,random,5,717320,362028,0.22011739993467927,43256,0.4968,0.005,99848
selection_sort,1200,random,5,719400,1194,0.12503830005880445,43256,0.4968,0.005,99848
insertion_sort,1200,random,5,363225,362028,0.12139089999254793,43256,0.4968,0.005,99848
merge_sort,1200,random,5,10748,12352,0.009330100030638278,43256,0.4968,0.005,99848
quick_sort,1200,random,5,13252,7054,0.007260299986228347,43256,0.4968,0.005,99848
heap_sort,1200,random,5,20876,11201,0.012098400038667023,43256,0.4968,0.005,99848
radix_sort,1200,random,5,0,6000,0.004860700108110905,43256,0.4968,0.005,99848
bubble_sort,1210,random,1,728519,373017,0.23492269997950643,43616,0.49,0.0066,99978
selection_sort,1210,random,1,731445,1205,0.1230700999731198,43616,0.49,0.0066,99978
insertion_sort,1210,random,1,374219,373017,0.12532490002922714,43616,0.49,0.0066,99978
merge_sort,1210,random,1,10915,12472,0.010341899935156107,43616,0.49,0.0066,99978
quick_sort,1210,random,1,14679,7730,0.008568499935790896,43616,0.49,0.0066,99978
heap_sort,1210,random,1,21086,11331,0.012236400041729212,43616,0.49,0.0066,99978
radix_sort,1210,random,1,0,6050,0.005300099961459637,43616,0.49,0.0066,99978
bubble_sort,1210,random,2,730014,361963,0.22350209997966886,43616,0.5051,0.0033,99905
selection_sort,1210,random,2,731445,1204,0.12443019996862859,43616,0.5051,0.0033,99905
insertion_sort,1210,random,2,363163,361963,0.12212449999060482,43616,0.5051,0.0033,99905
merge_sort,1210,random,2,10889,12472,0.009569999994710088,43616,0.5051,0.0033,99905
quick_sort,1210,random,2,13150,7232,0.007364499964751303,43616,0.5051,0.0033,99905
heap_sort,1210,random,2,21084,11327,0.011870599933899939,43616,0.5051,0.0033,99905
radix_sort,1210,random,2,0,6050,0.005037099937908351,43616,0.5051,0.0033,99905
bubble_sort,1210,random,3,729554,354266,0.2859686000738293,43616,0.5157,0.0066,99860
selection_sort,1210,random,3,731445,1206,0.16551210009492934,43616,0.5157,0.0066,99860
insertion_sort,1210,random,3,355466,354266,0.1172427999554202,43616,0.5157,0.0066,99860
merge_sort,1210,random,3,10908,12472,0.010906800045631826,43616,0.5157,0.0066,99860
quick_sort,1210,random,3,13017,7266,0.007415300002321601,43616,0.5157,0.0066,99860
heap_sort,1210,random,3,21178,11394,0.01163660001475364,43616,0.5157,0.0066,99860
radix_sort,1210,random,3,0,6050,0.005863500060513616,43616,0.5157,0.0066,99860
bubble_sort,1210,random,4,730119,364626,0.22916069999337196,43616,0.5015,0.0066,99922
selection_sort,1210,random,4,731445,1201,0.12289050000254065,43616,0.5015,0.0066,99922
insertion_sort,1210,random,4,365828,364626,0.1174479000037536,43616,0.5015,0.0066,99922
merge_sort,1210,random,4,10896,12472,0.011549599934369326,43616,0.5015,0.0066,99922
quick_sort,1210,random,4,12460,7349,0.007541599916294217,43616,0.5015,0.0066,99922
heap_sort,1210,random,4,21131,11385,0.011698299902491271,43616,0.5015,0.0066,99922
radix_sort,1210,random,4,0,6050,0.005717799998819828,43616,0.5015,0.0066,99922
bubble_sort,1210,random,5,729675,371053,0.2357829000102356,43616,0.4927,0.005,99918
selection_sort,1210,random,5,731445,1206,0.12477669992949814,43616,0.4927,0.005,99918
insertion_sort,1210,random,5,372258,371053,0.12423149996902794,43616,0.4927,0.005,99918
merge_sort,1210,random,5,10876,12472,0.00956359994597733,43616,0.4927,0.005,99918
quick_sort,1210,random,5,12738,6703,0.006977099925279617,43616,0.4927,0.005,99918
heap_sort,1210,random,5,21115,11343,0.011765599949285388,43616,0.4927,0.005,99918
radix_sort,1210,random,5,0,6050,0.004961599945090711,43616,0.4927,0.005,99918
bubble_sort,1220,random,1,740664,373817,0.27254139992874116,43976,0.4973,0.0041,99882
selection_sort,1220,random,1,743590,1209,0.12409509997814894,43976,0.4973,0.0041,99882
insertion_sort,1220,random,1,375027,373817,0.12661919998936355,43976,0.4973,0.0041,99882
merge_sort,1220,random,1,11029,12592,0.009376400033943355,43976,0.4973,0.0041,99882
quick_sort,1220,random,1,13769,7591,0.00757710007019341,43976,0.4973,0.0041,99882
heap_sort,1220,random,1,21310,11460,0.013414799934253097,43976,0.4973,0.0041,99882
radix_sort,1220,random,1,0,6100,0.005009999964386225,43976,0.4973,0.0041,99882
bubble_sort,1220,random,2,742264,371716,0.24302289995830506,43976,0.5001,0.0074,99954
selection_sort,1220,random,2,743590,1215,0.14882749994285405,43976,0.5001,0.0074,99954
insertion_sort,1220,random,2,372930,371716,0.12986650003585964,43976,0.5001,0.0074,99954
merge_sort,1220,random,2,10996,12592,0.014039300032891333,43976,0.5001,0.0074,99954
quick_sort,1220,random,2,13296,7175,0.008944000001065433,43976,0.5001,0.0074,99954
heap_sort,1220,random,2,21340,11486,0.020429400028660893,43976,0.5001,0.0074,99954
radix_sort,1220,random,2,0,6100,0.0062296000542119145,43976,0.5001,0.0074,99954
bubble_sort,1220,random,3,742887,376672,0.25089289993047714,43976,0.4934,0.0066,99831
selection_sort,1220,random,3,743590,1212,0.12206950003746897,43976,0.4934,0.0066,99831
insertion_sort,1220,random,3,377885,376672,0.1253185000969097,43976,0.4934,0.0066,99831
merge_sort,1220,random,3,10980,12592,0.009501100052148104,43976,0.4934,0.0066,99831
quick_sort,1220,random,3,14283,7937,0.008004800067283213,43976,0.4934,0.0066,99831
heap_sort,1220,random,3,21289,11433,0.013236000086180866,43976,0.4934,0.0066,99831
radix_sort,1220,random,3,0,6100,0.004988999920897186,43976,0.4934,0.0066,99831
bubble_sort,1220,random,4,742509,366371,0.2375635999487713,43976,0.5073,0.0074,99882
selection_sort,1220,random,4,743590,1210,0.12285749998409301,43976,0.5073,0.0074,99882
insertion_sort,1220,random,4,367585,366371,0.14322620001621544,43976,0.5073,0.0074,99882
merge_sort,1220,random,4,10999,12592,0.010535500012338161,43976,0.5073,0.0074,99882
quick_sort,1220,random,4,13475,7322,0.007161200046539307,43976,0.5073,0.0074,99882
heap_sort,1220,random,4,21339,11495,0.014487000065855682,43976,0.5073,0.0074,99882
radix_sort,1220,random,4,0,6100,0.006058999919332564,43976,0.5073,0.0074,99882
bubble_sort,1220,random,5,740889,376057,0.2855499000288546,43976,0.4943,0.0123,99711
selection_sort,1220,random,5,743590,1217,0.15152030007448047,43976,0.4943,0.0123,99711
insertion_sort,1220,random,5,377271,376057,0.12408960005268455,43976,0.4943,0.0123,99711
merge_sort,1220,random,5,11023,12592,0.010327799944207072,43976,0.4943,0.0123,99711
quick_sort,1220,random,5,13146,7679,0.009501100052148104,43976,0.4943,0.0123,99711
heap_sort,1220,random,5,21279,11418,0.01241600001230836,43976,0.4943,0.0123,99711
radix_sort,1220,random,5,0,6100,0.005106700002215803,43976,0.4943,0.0123,99711
bubble_sort,1230,random,1,755240,382767,0.24722530005965382,44336,0.4936,0.0016,99945
selection_sort,1230,random,1,755835,1226,0.12603479996323586,44336,0.4936,0.0016,99945
insertion_sort,1230,random,1,383989,382767,0.1270483999978751,44336,0.4936,0.0016,99945
merge_sort,1230,random,1,11088,12712,0.006578900036402047,44336,0.4936,0.0016,99945
quick_sort,1230,random,1,12580,6910,0.005569399916566908,44336,0.4936,0.0016,99945
heap_sort,1230,random,1,21495,11537,0.007733300095424056,44336,0.4936,0.0016,99945
radix_sort,1230,random,1,0,6150,0.0028462999034672976,44336,0.4936,0.0016,99945
bubble_sort,1230,random,2,754754,379311,0.14920340001117438,44336,0.4982,0.0049,99989
selection_sort,1230,random,2,755835,1222,0.0802413000492379,44336,0.4982,0.0049,99989
insertion_sort,1230,random,2,380535,379311,0.09343379992060363,44336,0.4982,0.0049,99989
merge_sort,1230,random,2,11107,12712,0.005568200023844838,44336,0.4982,0.0049,99989
quick_sort,1230,random,2,13207,7787,0.004706099978648126,44336,0.4982,0.0049,99989
heap_sort,1230,random,2,21497,11583,0.007729800068773329,44336,0.4982,0.0049,99989
radix_sort,1230,random,2,0,6150,0.0028879999881610274,44336,0.4982,0.0049,99989
bubble_sort,1230,random,3,754350,387860,0.12549929996021092,44336,0.4868,0.0057,99679
selection_sort,1230,random,3,755835,1224,0.06241219991352409,44336,0.4868,0.0057,99679
insertion_sort,1230,random,3,389083,387860,0.06537419999949634,44336,0.4868,0.0057,99679
merge_sort,1230,random,3,11092,12712,0.004403800005093217,44336,0.4868,0.0057,99679
quick_sort,1230,random,3,13148,7953,0.003375199972651899,44336,0.4868,0.0057,99679
heap_sort,1230,random,3,21524,11566,0.005542700062505901,44336,0.4868,0.0057,99679
radix_sort,1230,random,3,0,6150,0.0022437000880017877,44336,0.4868,0.0057,99679
bubble_sort,1230,random,4,754239,366346,0.0974798999959603,44336,0.5153,0.0065,99725
selection_sort,1230,random,4,755835,1221,0.036902799969539046,44336,0.5153,0.0065,99725
insertion_sort,1230,random,4,367567,366346,0.03517319995444268,44336,0.5153,0.0065,99725
merge_sort,1230,random,4,11118,12712,0.002735299989581108,44336,0.5153,0.0065,99725
quick_sort,1230,random,4,15520,9396,0.002544500050134957,44336,0.5153,0.0065,99725
heap_sort,1230,random,4,21543,11590,0.004787500016391277,44336,0.5153,0.0065,99725
radix_sort,1230,random,4,0,6150,0.001536700059659779,44336,0.5153,0.0065,99725
bubble_sort,1230,random,5,755715,372249,0.07717639999464154,44336,0.5075,0.0041,99828
selection_sort,1230,random,5,755835,1220,0.03451419994235039,44336,0.5075,0.0041,99828
insertion_sort,1230,random,5,373470,372249,0.05648640007711947,44336,0.5075,0.0041,99828
merge_sort,1230,random,5,11123,12712,0.00508479995187372,44336,0.5075,0.0041,99828
quick_sort,1230,random,5,14997,8811,0.0038684000028297305,44336,0.5075,0.0041,99828
heap_sort,1230,random,5,21508,11571,0.0056035000598058105,44336,0.5075,0.0041,99828
radix_sort,1230,random,5,0,6150,0.0023526999866589904,44336,0.5075,0.0041,99828
bubble_sort,1240,random,1,765834,367173,0.11361640004906803,44696,0.522,0.0065,99913
selection_sort,1240,random,1,768180,1232,0.05915839993394911,44696,0.522,0.0065,99913
insertion_sort,1240,random,1,368407,367173,0.05734569998458028,44696,0.522,0.0065,99913
merge_sort,1240,random,1,11227,12832,0.004329200019128621,44696,0.522,0.0065,99913
quick_sort,1240,random,1,14459,7244,0.0034362999722361565,44696,0.522,0.0065,99913
heap_sort,1240,random,1,21753,11717,0.0056171000469475985,44696,0.522,0.0065,99913
radix_sort,1240,random,1,0,6200,0.0022612999891862273,44696,0.522,0.0065,99913
bubble_sort,1240,random,2,766802,379754,0.2026600999524817,44696,0.5056,0.0048,99843
selection_sort,1240,random,2,768180,1233,0.13102780003100634,44696,0.5056,0.0048,99843
insertion_sort,1240,random,2,380987,379754,0.1273578000254929,44696,0.5056,0.0048,99843
merge_sort,1240,random,2,11140,12832,0.008322400040924549,44696,0.5056,0.0048,99843
quick_sort,1240,random,2,13735,8664,0.006663800100795925,44696,0.5056,0.0048,99843
heap_sort,1240,random,2,21706,11658,0.01073709991760552,44696,0.5056,0.0048,99843
radix_sort,1240,random,2,0,6200,0.004522500094026327,44696,0.5056,0.0048,99843
bubble_sort,1240,random,3,767585,389325,0.21387490001507103,44696,0.4932,0.0065,99765
selection_sort,1240,random,3,768180,1234,0.08541200007312,44696,0.4932,0.0065,99765
insertion_sort,1240,random,3,390558,389325,0.08393870003055781,44696,0.4932,0.0065,99765
merge_sort,1240,random,3,11157,12832,0.005933300009928644,44696,0.4932,0.0065,99765
quick_sort,1240,random,3,13634,7773,0.004759200033731759,44696,0.4932,0.0065,99765
heap_sort,1240,random,3,21686,11653,0.007679800037294626,44696,0.4932,0.0065,99765
radix_sort,1240,random,3,0,6200,0.0032332000555470586,44696,0.4932,0.0065,99765
bubble_sort,1240,random,4,767855,386266,0.15891730005387217,44696,0.4972,0.0056,99569
selection_sort,1240,random,4,768180,1230,0.07935740007087588,44696,0.4972,0.0056,99569
insertion_sort,1240,random,4,387501,386266,0.07514019997324795,44696,0.4972,0.0056,99569
merge_sort,1240,random,4,11209,12832,0.005320800002664328,44696,0.4972,0.0056,99569
quick_sort,1240,random,4,12989,7201,0.004131400026381016,44696,0.4972,0.0056,99569
heap_sort,1240,random,4,21690,11672,0.007197099970653653,44696,0.4972,0.0056,99569
radix_sort,1240,random,4,0,6200,0.002940800040960312,44696,0.4972,0.0056,99569
bubble_sort,1240,random,5,768114,393408,0.14919479994568974,44696,0.4879,0.0056,99821
selection_sort,1240,random,5,768180,1230,0.06954850000329316,44696,0.4879,0.0056,99821
insertion_sort,1240,random,5,394641,393408,0.07798579998780042,44696,0.4879,0.0056,99821
merge_sort,1240,random,5,11190,12832,0.005219500046223402,44696,0.4879,0.0056,99821
quick_sort,1240,random,5,15806,8482,0.0046119000762701035,44696,0.4879,0.0056,99821
heap_sort,1240,random,5,21727,11692,0.006365699926391244,44696,0.4879,0.0056,99821
radix_sort,1240,random,5,0,6200,0.0025785999605432153,44696,0.4879,0.0056,99821
bubble_sort,1250,random,1,780300,405573,0.13956220005638897,45056,0.4805,0.0072,99967
selection_sort,1250,random,1,780625,1245,0.07043590000830591,45056,0.4805,0.0072,99967
insertion_sort,1250,random,1,406815,405573,0.08347690000664443,45056,0.4805,0.0072,99967
merge_sort,1250,random,1,11274,12952,0.00562839990016073,45056,0.4805,0.0072,99967
quick_sort,1250,random,1,14769,8859,0.004677999997511506,45056,0.4805,0.0072,99967
heap_sort,1250,random,1,21887,11734,0.007111300015822053,45056,0.4805,0.0072,99967
radix_sort,1250,random,1,0,6250,0.003092000028118491,45056,0.4805,0.0072,99967
bubble_sort,1250,random,2,780520,390966,0.1514305000891909,45056,0.4992,0.0024,99857
selection_sort,1250,random,2,780625,1243,0.06946879997849464,45056,0.4992,0.0024,99857
insertion_sort,1250,random,2,392207,390966,0.07484560005832464,45056,0.4992,0.0024,99857
merge_sort,1250,random,2,11371,12952,0.005095000029541552,45056,0.4992,0.0024,99857
quick_sort,1250,random,2,13852,8045,0.004107199958525598,45056,0.4992,0.0024,99857
heap_sort,1250,random,2,21964,11823,0.0068088999250903726,45056,0.4992,0.0024,99857
radix_sort,1250,random,2,0,6250,0.002863299916498363,45056,0.4992,0.0024,99857
bubble_sort,1250,random,3,779995,401208,0.14638769999146461,45056,0.486,0.0016,99900
selection_sort,1250,random,3,780625,1240,0.12124170002061874,45056,0.486,0.0016,99900
insertion_sort,1250,random,3,402451,401208,0.08909989998210222,45056,0.486,0.0016,99900
merge_sort,1250,random,3,11291,12952,0.005658600013703108,45056,0.486,0.0016,99900
quick_sort,1250,random,3,13607,7427,0.004074300057254732,45056,0.486,0.0016,99900
heap_sort,1250,random,3,21820,11725,0.006779700051993132,45056,0.486,0.0016,99900
radix_sort,1250,random,3,0,6250,0.002590700052678585,45056,0.486,0.0016,99900
bubble_sort,1250,random,4,780300,396711,75186.96757820004,45056,0.4918,0.0048,99882
selection_sort,1250,random,4,780625,1244,0.07742820004932582,45056,0.4918,0.0048,99882
insertion_sort,1250,random,4,397954,396711,0.07999650004785508,45056,0.4918,0.0048,99882
merge_sort,1250,random,4,11291,12952,0.006439900025725365,45056,0.4918,0.0048,99882
quick_sort,1250,random,4,15144,9539,0.0054657000582665205,45056,0.4918,0.0048,99882
heap_sort,1250,random,4,21922,11784,0.007627599989064038,45056,0.4918,0.0048,99882
radix_sort,1250,random,4,0,6250,0.003418699954636395,45056,0.4918,0.0048,99882
bubble_sort,1250,random,5,780325,383785,0.15874129999428988,45056,0.5084,0.0056,99839
selection_sort,1250,random,5,780625,1243,0.11841989995446056,45056,0.5084,0.0056,99839
insertion_sort,1250,random,5,385033,383785,0.08771540003363043,45056,0.5084,0.0056,99839
merge_sort,1250,random,5,11318,12952,0.006096899975091219,45056,0.5084,0.0056,99839
quick_sort,1250,random,5,14873,9110,0.0053218998946249485,45056,0.5084,0.0056,99839
heap_sort,1250,random,5,21952,11815,0.007826899993233383,45056,0.5084,0.0056,99839
radix_sort,1250,random,5,0,6250,0.003217599936760962,45056,0.5084,0.0056,99839
bubble_sort,1260,random,1,792390,401793,0.985539700021036,45416,0.4934,0.0024,99770
selection_sort,1260,random,1,793170,1253,0.28483140002936125,45416,0.4934,0.0024,99770
insertion_sort,1260,random,1,403044,401793,0.2839813999598846,45416,0.4934,0.0024,99770
merge_sort,1260,random,1,11411,13072,0.00530710001476109,45416,0.4934,0.0024,99770
quick_sort,1260,random,1,15218,7094,0.004324599984101951,45416,0.4934,0.0024,99770
heap_sort,1260,random,1,22108,11878,0.006957500008866191,45416,0.4934,0.0024,99770
radix_sort,1260,random,1,0,6300,0.0028933000285178423,45416,0.4934,0.0024,99770
bubble_sort,1260,random,2,793170,398443,0.17766819999087602,45416,0.4977,0.0071,99980
selection_sort,1260,random,2,793170,1257,0.07654030004050583,45416,0.4977,0.0071,99980
insertion_sort,1260,random,2,399699,398443,0.07442730001639575,45416,0.4977,0.0071,99980
merge_sort,1260,random,2,11409,13072,0.005221800063736737,45416,0.4977,0.0071,99980
quick_sort,1260,random,2,13355,7954,0.004550999961793423,45416,0.4977,0.0071,99980
heap_sort,1260,random,2,22075,11864,0.006240300019271672,45416,0.4977,0.0071,99980
radix_sort,1260,random,2,0,7560,0.002958000055514276,45416,0.4977,0.0071,99980
bubble_sort,1260,random,3,791844,402920,0.1531159000005573,45416,0.492,0.0079,99964
selection_sort,1260,random,3,793170,1253,0.073687499971129,45416,0.492,0.0079,99964
insertion_sort,1260,random,3,404173,402920,0.2677459999686107,45416,0.492,0.0079,99964
merge_sort,1260,random,3,11416,13072,0.012176900054328144,45416,0.492,0.0079,99964
quick_sort,1260,random,3,14859,7890,0.006319899926893413,45416,0.492,0.0079,99964
heap_sort,1260,random,3,22101,11867,0.010724599938839674,45416,0.492,0.0079,99964
radix_sort,1260,random,3,0,6300,0.00268030003644526,45416,0.492,0.0079,99964
bubble_sort,1260,random,4,792705,403256,0.17184690001886338,45416,0.4916,0.0071,99908
selection_sort,1260,random,4,793170,1253,0.07541160006076097,45416,0.4916,0.0071,99908
insertion_sort,1260,random,4,404508,403256,0.10881610005162656,45416,0.4916,0.0071,99908
merge_sort,1260,random,4,11376,13072,0.0056727000046521425,45416,0.4916,0.0071,99908
quick_sort,1260,random,4,14254,8259,0.00522580009419471,45416,0.4916,0.0071,99908
heap_sort,1260,random,4,22121,11911,0.00702709995675832,45416,0.4916,0.0071,99908
radix_sort,1260,random,4,0,6300,0.0028350999346002936,45416,0.4916,0.0071,99908
bubble_sort,1260,random,5,792575,391350,0.15505180007312447,45416,0.5066,0.0087,99943
selection_sort,1260,random,5,793170,1252,0.07146819995250553,45416,0.5066,0.0087,99943
insertion_sort,1260,random,5,392605,391350,0.07191219995729625,45416,0.5066,0.0087,99943
merge_sort,1260,random,5,11383,13072,0.005046500009484589,45416,0.5066,0.0087,99943
quick_sort,1260,random,5,14166,7749,0.004767599981278181,45416,0.5066,0.0087,99943
heap_sort,1260,random,5,22160,11869,0.007638299954123795,45416,0.5066,0.0087,99943
radix_sort,1260,random,5,0,6300,0.0026744999922811985,45416,0.5066,0.0087,99943
bubble_sort,1270,random,1,805800,408993,0.14116760005708784,45776,0.4924,0.0079,99776
selection_sort,1270,random,1,805815,1261,0.06800840003415942,45776,0.4924,0.0079,99776
insertion_sort,1270,random,1,410259,408993,0.07538689998909831,45776,0.4924,0.0079,99776
merge_sort,1270,random,1,11537,13192,0.004835500032640994,45776,0.4924,0.0079,99776
quick_sort,1270,random,1,13390,7681,0.0037867999635636806,45776,0.4924,0.0079,99776
heap_sort,1270,random,1,22348,11990,0.00612939998973161,45776,0.4924,0.0079,99776
radix_sort,1270,random,1,0,6350,0.0025368999922648072,45776,0.4924,0.0079,99776
bubble_sort,1270,random,2,804590,397646,0.13330350001342595,45776,0.5065,0.0063,99893
selection_sort,1270,random,2,805815,1266,0.0696237999945879,45776,0.5065,0.0063,99893
insertion_sort,1270,random,2,398910,397646,0.10495419998187572,45776,0.5065,0.0063,99893
merge_sort,1270,random,2,11532,13192,0.005989499972201884,45776,0.5065,0.0063,99893
quick_sort,1270,random,2,14768,8426,0.006701100035570562,45776,0.5065,0.0063,99893
heap_sort,1270,random,2,22296,11955,0.006974800024181604,45776,0.5065,0.0063,99893
radix_sort,1270,random,2,0,6350,0.008744899998418987,45776,0.5065,0.0063,99893
bubble_sort,1270,random,3,802889,403494,0.30248630000278354,45776,0.4993,0.0071,99788
selection_sort,1270,random,3,805815,1267,0.13457240001298487,45776,0.4993,0.0071,99788
insertion_sort,1270,random,3,404751,403494,0.2842446999857202,45776,0.4993,0.0071,99788
merge_sort,1270,random,3,11503,13192,0.017895099939778447,45776,0.4993,0.0071,99788
quick_sort,1270,random,3,14118,7837,0.008009699988178909,45776,0.4993,0.0071,99788
heap_sort,1270,random,3,22267,11970,0.008561900001950562,45776,0.4993,0.0071,99788
radix_sort,1270,random,3,0,6350,0.004807300050742924,45776,0.4993,0.0071,99788
bubble_sort,1270,random,4,803862,408544,0.32560119999106973,45776,0.493,0.0055,99911
selection_sort,1270,random,4,805815,1262,0.10245629993733019,45776,0.493,0.0055,99911
insertion_sort,1270,random,4,409803,408544,0.10816789988894016,45776,0.493,0.0055,99911
merge_sort,1270,random,4,11532,13192,0.005611100001260638,45776,0.493,0.0055,99911
quick_sort,1270,random,4,14173,7951,0.004856399958953261,45776,0.493,0.0055,99911
heap_sort,1270,random,4,22326,11980,0.007508000009693205,45776,0.493,0.0055,99911
radix_sort,1270,random,4,0,6350,0.0034989999840036035,45776,0.493,0.0055,99911
bubble_sort,1270,random,5,805350,406940,0.16635690000839531,45776,0.495,0.011,99784
selection_sort,1270,random,5,805815,1260,0.07704959996044636,45776,0.495,0.011,99784
insertion_sort,1270,random,5,408205,406940,0.08929630008060485,45776,0.495,0.011,99784
merge_sort,1270,random,5,11512,13192,0.005997200030833483,45776,0.495,0.011,99784
quick_sort,1270,random,5,14617,7588,0.004113999893888831,45776,0.495,0.011,99784
heap_sort,1270,random,5,22362,12015,0.007526099914684892,45776,0.495,0.011,99784
radix_sort,1270,random,5,0,6350,0.0038822999922558665,45776,0.495,0.011,99784
bubble_sort,1280,random,1,817384,407974,0.15288500010501593,46136,0.5016,0.0078,99715
selection_sort,1280,random,1,818560,1271,0.08385569998063147,46136,0.5016,0.0078,99715
insertion_sort,1280,random,1,409247,407974,0.08634909999091178,46136,0.5016,0.0078,99715
merge_sort,1280,random,1,11599,13312,0.005522400024347007,46136,0.5016,0.0078,99715
quick_sort,1280,random,1,13927,7827,0.004014399950392544,46136,0.5016,0.0078,99715
heap_sort,1280,random,1,22520,12120,0.006743000005371869,46136,0.5016,0.0078,99715
radix_sort,1280,random,1,0,6400,0.002893200027756393,46136,0.5016,0.0078,99715
bubble_sort,1280,random,2,816907,420030,0.1460270999232307,46136,0.4869,0.0078,99843
selection_sort,1280,random,2,818560,1273,0.08323349989950657,46136,0.4869,0.0078,99843
insertion_sort,1280,random,2,421306,420030,0.08720920002087951,46136,0.4869,0.0078,99843
merge_sort,1280,random,2,11608,13312,0.004957999917678535,46136,0.4869,0.0078,99843
quick_sort,1280,random,2,15127,7985,0.0038568999152630568,46136,0.4869,0.0078,99843
heap_sort,1280,random,2,22561,12108,0.00618259992916137,46136,0.4869,0.0078,99843
radix_sort,1280,random,2,0,6400,0.0024579999735578895,46136,0.4869,0.0078,99843
bubble_sort,1280,random,3,817525,396030,0.1285681000445038,46136,0.5162,0.007,99629
selection_sort,1280,random,3,818560,1276,0.06461209990084171,46136,0.5162,0.007,99629
insertion_sort,1280,random,3,397300,396030,0.06398770003579557,46136,0.5162,0.007,99629
merge_sort,1280,random,3,11658,13312,0.0046931999968364835,46136,0.5162,0.007,99629
quick_sort,1280,random,3,14462,7602,0.0034700999967753887,46136,0.5162,0.007,99629
heap_sort,1280,random,3,22510,12050,0.005696099950000644,46136,0.5162,0.007,99629
radix_sort,1280,random,3,0,6400,0.002357100020162761,46136,0.5162,0.007,99629
bubble_sort,1280,random,4,817780,413234,0.12794179993215948,46136,0.4952,0.007,99883
selection_sort,1280,random,4,818560,1275,0.0653922000201419,46136,0.4952,0.007,99883
insertion_sort,1280,random,4,414504,413234,0.0772805999731645,46136,0.4952,0.007,99883
merge_sort,1280,random,4,11601,13312,0.004842099966481328,46136,0.4952,0.007,99883
quick_sort,1280,random,4,14122,7728,0.004235300002619624,46136,0.4952,0.007,99883
heap_sort,1280,random,4,22490,12075,0.0060685999924317,46136,0.4952,0.007,99883
radix_sort,1280,random,4,0,6400,0.0024879000848159194,46136,0.4952,0.007,99883
bubble_sort,1280,random,5,817570,413075,0.13601500005461276,46136,0.4954,0.0063,99898
selection_sort,1280,random,5,818560,1271,0.0680968000087887,46136,0.4954,0.0063,99898
insertion_sort,1280,random,5,414346,413075,0.06846930005121976,46136,0.4954,0.0063,99898
merge_sort,1280,random,5,11648,13312,0.005346599966287613,46136,0.4954,0.0063,99898
quick_sort,1280,random,5,14959,7685,0.004718300071544945,46136,0.4954,0.0063,99898
heap_sort,1280,random,5,22552,12121,0.0071699999971315265,46136,0.4954,0.0063,99898
radix_sort,1280,random,5,0,6400,0.0028098999755457044,46136,0.4954,0.0063,99898
bubble_sort,1290,random,1,830702,412278,0.17202900000847876,46496,0.5041,0.0093,99974
selection_sort,1290,random,1,831405,1285,0.07375510002020746,46496,0.5041,0.0093,99974
insertion_sort,1290,random,1,413560,412278,0.0795938998926431,46496,0.5041,0.0093,99974
merge_sort,1290,random,1,11707,13432,0.005424299975857139,46496,0.5041,0.0093,99974
quick_sort,1290,random,1,14131,7978,0.004088300047442317,46496,0.5041,0.0093,99974
heap_sort,1290,random,1,22725,12201,0.006333500030450523,46496,0.5041,0.0093,99974
radix_sort,1290,random,1,0,6450,0.0025905000511556864,46496,0.5041,0.0093,99974
bubble_sort,1290,random,2,827919,394736,0.14384189993143082,46496,0.5252,0.0101,99900
selection_sort,1290,random,2,831405,1284,0.07568030001129955,46496,0.5252,0.0101,99900
insertion_sort,1290,random,2,396019,394736,0.07309660001192242,46496,0.5252,0.0101,99900
merge_sort,1290,random,2,11738,13432,0.004967099986970425,46496,0.5252,0.0101,99900
quick_sort,1290,random,2,16452,10166,0.004836199921555817,46496,0.5252,0.0101,99900
heap_sort,1290,random,2,22854,12311,0.006380600039847195,46496,0.5252,0.0101,99900
radix_sort,1290,random,2,0,6450,0.002518800087273121,46496,0.5252,0.0101,99900
bubble_sort,1290,random,3,830664,421461,0.13542369997594506,46496,0.4931,0.0085,99683
selection_sort,1290,random,3,831405,1285,0.06438730005174875,46496,0.4931,0.0085,99683
insertion_sort,1290,random,3,422743,421461,0.07076919998507947,46496,0.4931,0.0085,99683
merge_sort,1290,random,3,11757,13432,0.0051871000323444605,46496,0.4931,0.0085,99683
quick_sort,1290,random,3,14504,7507,0.003952099941670895,46496,0.4931,0.0085,99683
heap_sort,1290,random,3,22794,12222,0.006105300039052963,46496,0.4931,0.0085,99683
radix_sort,1290,random,3,0,6450,0.002430699998512864,46496,0.4931,0.0085,99683
bubble_sort,1290,random,4,830079,419114,0.13385909993667156,46496,0.4959,0.007,99914
selection_sort,1290,random,4,831405,1284,0.06823029997758567,46496,0.4959,0.007,99914
insertion_sort,1290,random,4,420397,419114,0.07291440002154559,46496,0.4959,0.007,99914
merge_sort,1290,random,4,11675,13432,0.00500040000770241,46496,0.4959,0.007,99914
quick_sort,1290,random,4,14504,7085,0.0034335999516770244,46496,0.4959,0.007,99914
heap_sort,1290,random,4,22725,12175,0.005863900063559413,46496,0.4959,0.007,99914
radix_sort,1290,random,4,0,6450,0.0025858000153675675,46496,0.4959,0.007,99914
bubble_sort,1290,random,5,831152,408267,0.12676190002821386,46496,0.5089,0.0023,99880
selection_sort,1290,random,5,831405,1287,0.06634630006738007,46496,0.5089,0.0023,99880
insertion_sort,1290,random,5,409550,408267,0.07010480004828423,46496,0.5089,0.0023,99880
merge_sort,1290,random,5,11758,13432,0.006191899999976158,46496,0.5089,0.0023,99880
quick_sort,1290,random,5,14394,9318,0.003963500028476119,46496,0.5089,0.0023,99880
heap_sort,1290,random,5,22741,12192,0.00589819997549057,46496,0.5089,0.0023,99880
radix_sort,1290,random,5,0,6450,0.0025528999976813793,46496,0.5089,0.0023,99880
bubble_sort,1300,random,1,841865,420441,0.13252520002424717,46856,0.5021,0.0062,99873
selection_sort,1300,random,1,844350,1294,0.0759182000765577,46856,0.5021,0.0062,99873
insertion_sort,1300,random,1,421735,420441,0.07335319998674095,46856,0.5021,0.0062,99873
merge_sort,1300,random,1,11802,13552,0.004906100104562938,46856,0.5021,0.0062,99873
quick_sort,1300,random,1,14096,7196,0.003589399973861873,46856,0.5021,0.0062,99873
heap_sort,1300,random,1,22985,12319,0.006259499932639301,46856,0.5021,0.0062,99873
radix_sort,1300,random,1,0,6500,0.0025090998969972134,46856,0.5021,0.0062,99873
bubble_sort,1300,random,2,843944,423331,0.13451059989165515,46856,0.4986,0.0038,99941
selection_sort,1300,random,2,844350,1293,0.06818689999636263,46856,0.4986,0.0038,99941
insertion_sort,1300,random,2,424620,423331,0.08159940002951771,46856,0.4986,0.0038,99941
merge_sort,1300,random,2,11817,13552,0.005278100026771426,46856,0.4986,0.0038,99941
quick_sort,1300,random,2,14474,7972,0.004077399964444339,46856,0.4986,0.0038,99941
heap_sort,1300,random,2,22918,12310,0.0064199999906122684,46856,0.4986,0.0038,99941
radix_sort,1300,random,2,0,6500,0.002670800080522895,46856,0.4986,0.0038,99941
bubble_sort,1300,random,3,843647,421659,0.14271909999661148,46856,0.5006,0.0085,99832
selection_sort,1300,random,3,844350,1291,0.07510119990911335,46856,0.5006,0.0085,99832
insertion_sort,1300,random,3,422947,421659,0.07914579997304827,46856,0.5006,0.0085,99832
merge_sort,1300,random,3,11813,13552,0.005316099966876209,46856,0.5006,0.0085,99832
quick_sort,1300,random,3,15305,10028,0.004308000090532005,46856,0.5006,0.0085,99832
heap_sort,1300,random,3,22931,12320,0.006696500000543892,46856,0.5006,0.0085,99832
radix_sort,1300,random,3,0,6500,0.002688199980184436,46856,0.5006,0.0085,99832
bubble_sort,1300,random,4,843489,409659,0.1447838000021875,46856,0.5148,0.0108,99820
selection_sort,1300,random,4,844350,1296,0.07508119998965412,46856,0.5148,0.0108,99820
insertion_sort,1300,random,4,410950,409659,0.07113339996431023,46856,0.5148,0.0108,99820
merge_sort,1300,random,4,11814,13552,0.004863300011493266,46856,0.5148,0.0108,99820
quick_sort,1300,random,4,14962,7622,0.003726299968548119,46856,0.5148,0.0108,99820
heap_sort,1300,random,4,22990,12351,0.006566499941982329,46856,0.5148,0.0108,99820
radix_sort,1300,random,4,0,6500,0.002873999997973442,46856,0.5148,0.0108,99820
bubble_sort,1300,random,5,842270,423033,0.14443859993480146,46856,0.499,0.0077,99968
selection_sort,1300,random,5,844350,1288,0.07136860000900924,46856,0.499,0.0077,99968
insertion_sort,1300,random,5,424322,423033,0.07532359997276217,46856,0.499,0.0077,99968
merge_sort,1300,random,5,11825,13552,0.004818299901671708,46856,0.499,0.0077,99968
quick_sort,1300,random,5,15421,7912,0.004004099988378584,46856,0.499,0.0077,99968
heap_sort,1300,random,5,22892,12299,0.0061907999916002154,46856,0.499,0.0077,99968
radix_sort,1300,random,5,0,6500,0.0025325999595224857,46856,0.499,0.0077,99968
bubble_sort,1310,random,1,856219,429883,0.1437156000174582,47216,0.4986,0.0076,99753
selection_sort,1310,random,1,857395,1306,0.07067250006366521,47216,0.4986,0.0076,99753
insertion_sort,1310,random,1,431184,429883,0.07783710001967847,47216,0.4986,0.0076,99753
merge_sort,1310,random,1,11927,13672,0.004941600025631487,47216,0.4986,0.0076,99753
quick_sort,1310,random,1,14843,9103,0.0037302999990060925,47216,0.4986,0.0076,99753
heap_sort,1310,random,1,23208,12453,0.006555000087246299,47216,0.4986,0.0076,99753
radix_sort,1310,random,1,0,6550,0.0026545999571681023,47216,0.4986,0.0076,99753
bubble_sort,1310,random,2,856017,432999,0.14223969995509833,47216,0.495,0.0053,99953
selection_sort,1310,random,2,857395,1300,0.07828389992937446,47216,0.495,0.0053,99953
insertion_sort,1310,random,2,434304,432999,0.07530889997724444,47216,0.495,0.0053,99953
merge_sort,1310,random,2,11968,13672,0.005063000018708408,47216,0.495,0.0053,99953
quick_sort,1310,random,2,14618,8509,0.004142999998293817,47216,0.495,0.0053,99953
heap_sort,1310,random,2,23199,12440,0.006310600088909268,47216,0.495,0.0053,99953
radix_sort,1310,random,2,0,6550,0.002511899918317795,47216,0.495,0.0053,99953
bubble_sort,1310,random,3,857304,423543,0.1411543000722304,47216,0.506,0.0053,99691
selection_sort,1310,random,3,857395,1301,0.06795599998440593,47216,0.506,0.0053,99691
insertion_sort,1310,random,3,424847,423543,0.078724299906753,47216,0.506,0.0053,99691
merge_sort,1310,random,3,11950,13672,0.005241900100372732,47216,0.506,0.0053,99691
quick_sort,1310,random,3,14862,8232,0.004035299993120134,47216,0.506,0.0053,99691
heap_sort,1310,random,3,23125,12431,0.00647620006930083,47216,0.506,0.0053,99691
radix_sort,1310,random,3,0,6550,0.0026534999487921596,47216,0.506,0.0053,99691
bubble_sort,1310,random,4,855184,433692,0.1417525999713689,47216,0.4942,0.0038,99909
selection_sort,1310,random,4,857395,1299,0.07380910008214414,47216,0.4942,0.0038,99909
insertion_sort,1310,random,4,434995,433692,0.07797400001436472,47216,0.4942,0.0038,99909
merge_sort,1310,random,4,11952,13672,0.0049570000264793634,47216,0.4942,0.0038,99909
quick_sort,1310,random,4,16445,8503,0.004005299997515976,47216,0.4942,0.0038,99909
heap_sort,1310,random,4,23157,12455,0.006244299933314323,47216,0.4942,0.0038,99909
radix_sort,1310,random,4,0,6550,0.0026024000253528357,47216,0.4942,0.0038,99909
bubble_sort,1310,random,5,856615,436321,0.1418785999994725,47216,0.4911,0.0023,99765
selection_sort,1310,random,5,857395,1306,0.07110239996109158,47216,0.4911,0.0023,99765
insertion_sort,1310,random,5,437623,436321,0.07402569998521358,47216,0.4911,0.0023,99765
merge_sort,1310,random,5,11970,13672,0.005146799958311021,47216,0.4911,0.0023,99765
quick_sort,1310,random,5,14977,7631,0.0039938000263646245,47216,0.4911,0.0023,99765
heap_sort,1310,random,5,23190,12457,0.006984499981626868,47216,0.4911,0.0023,99765
radix_sort,1310,random,5,0,6550,0.0025852000107988715,47216,0.4911,0.0023,99765
bubble_sort,1320,random,1,870350,429695,0.13570189999882132,47576,0.5064,0.0045,99856
selection_sort,1320,random,1,870540,1314,0.07113950001075864,47576,0.5064,0.0045,99856
insertion_sort,1320,random,1,431004,429695,0.07642840000335127,47576,0.5064,0.0045,99856
merge_sort,1320,random,1,12031,13792,0.0050484000239521265,47576,0.5064,0.0045,99856
quick_sort,1320,random,1,14890,8293,0.0038644999731332064,47576,0.5064,0.0045,99856
heap_sort,1320,random,1,23357,12554,0.006363800028339028,47576,0.5064,0.0045,99856
radix_sort,1320,random,1,0,6600,0.0025053999852389097,47576,0.5064,0.0045,99856
bubble_sort,1320,random,2,870215,432645,0.14135869999881834,47576,0.503,0.0061,99861
selection_sort,1320,random,2,870540,1313,0.07873399998061359,47576,0.503,0.0061,99861
insertion_sort,1320,random,2,433955,432645,0.07179429999087006,47576,0.503,0.0061,99861
merge_sort,1320,random,2,12046,13792,0.005114300060085952,47576,0.503,0.0061,99861
quick_sort,1320,random,2,14691,8359,0.0039001000113785267,47576,0.503,0.0061,99861
heap_sort,1320,random,2,23374,12557,0.006315100006759167,47576,0.503,0.0061,99861
radix_sort,1320,random,2,0,6600,0.0025106000248342752,47576,0.503,0.0061,99861
bubble_sort,1320,random,3,869550,434771,0.1439381999662146,47576,0.5006,0.0091,99970
selection_sort,1320,random,3,870540,1312,0.08510470006149262,47576,0.5006,0.0091,99970
insertion_sort,1320,random,3,436079,434771,0.07650460000149906,47576,0.5006,0.0091,99970
merge_sort,1320,random,3,12059,13792,0.00525540008675307,47576,0.5006,0.0091,99970
quick_sort,1320,random,3,14044,8470,0.004281700006686151,47576,0.5006,0.0091,99970
heap_sort,1320,random,3,23429,12595,0.006709999986924231,47576,0.5006,0.0091,99970
radix_sort,1320,random,3,0,6600,0.0038746000500395894,47576,0.5006,0.0091,99970
bubble_sort,1320,random,4,868587,430183,0.1597611999604851,47576,0.5058,0.003,99757
selection_sort,1320,random,4,870540,1315,0.07503940002061427,47576,0.5058,0.003,99757
insertion_sort,1320,random,4,431497,430183,0.08104209997691214,47576,0.5058,0.003,99757
merge_sort,1320,random,4,12081,13792,0.004916400066576898,47576,0.5058,0.003,99757
quick_sort,1320,random,4,15686,9648,0.004174300003796816,47576,0.5058,0.003,99757
heap_sort,1320,random,4,23412,12573,0.005976499989628792,47576,0.5058,0.003,99757
radix_sort,1320,random,4,0,6600,0.002435400034300983,47576,0.5058,0.003,99757
bubble_sort,1320,random,5,869055,423979,0.13836500002071261,47576,0.513,0.0091,99898
selection_sort,1320,random,5,870540,1312,0.07158850005362183,47576,0.513,0.0091,99898
insertion_sort,1320,random,5,425290,423979,0.07676949992310256,47576,0.513,0.0091,99898
merge_sort,1320,random,5,12036,13792,0.005270099965855479,47576,0.513,0.0091,99898
quick_sort,1320,random,5,15230,8304,0.004112399998120964,47576,0.513,0.0091,99898
heap_sort,1320,random,5,23362,12523,0.006800799979828298,47576,0.513,0.0091,99898
radix_sort,1320,random,5,0,6600,0.002560500055551529,47576,0.513,0.0091,99898
bubble_sort,1330,random,1,882354,459329,0.14464139996562153,47936,0.4803,0.0023,99916
selection_sort,1330,random,1,883785,1324,0.07229439995717257,47936,0.4803,0.0023,99916
insertion_sort,1330,random,1,460652,459329,0.08389060001354665,47936,0.4803,0.0023,99916
merge_sort,1330,random,1,12183,13912,0.0050070000579580665,47936,0.4803,0.0023,99916
quick_sort,1330,random,1,14582,8102,0.003931500017642975,47936,0.4803,0.0023,99916
heap_sort,1330,random,1,23528,12608,0.00645969994366169,47936,0.4803,0.0023,99916
radix_sort,1330,random,1,0,6650,0.0025879000313580036,47936,0.4803,0.0023,99916
bubble_sort,1330,random,2,883082,438983,0.1513412999920547,47936,0.5033,0.0045,99835
selection_sort,1330,random,2,883785,1324,0.07294130010996014,47936,0.5033,0.0045,99835
insertion_sort,1330,random,2,440304,438983,0.08047919999808073,47936,0.5033,0.0045,99835
merge_sort,1330,random,2,12175,13912,0.005229900008998811,47936,0.5033,0.0045,99835
quick_sort,1330,random,2,15095,8268,0.004411800066009164,47936,0.5033,0.0045,99835
heap_sort,1330,random,2,23540,12621,0.006607399904169142,47936,0.5033,0.0045,99835
radix_sort,1330,random,2,0,6650,0.002664300031028688,47936,0.5033,0.0045,99835
bubble_sort,1330,random,3,883632,442035,0.1479126000776887,47936,0.4998,0.006,99880
selection_sort,1330,random,3,883785,1325,0.0744822999695316,47936,0.4998,0.006,99880
insertion_sort,1330,random,3,443360,442035,0.07306990004144609,47936,0.4998,0.006,99880
merge_sort,1330,random,3,12166,13912,0.005103800096549094,47936,0.4998,0.006,99880
quick_sort,1330,random,3,14362,8113,0.003944299998693168,47936,0.4998,0.006,99880
heap_sort,1330,random,3,23620,12693,0.006411700043827295,47936,0.4998,0.006,99880
radix_sort,1330,random,3,0,6650,0.0027710999129340053,47936,0.4998,0.006,99880
bubble_sort,1330,random,4,883224,438062,0.1375469999620691,47936,0.5043,0.0098,99909
selection_sort,1330,random,4,883785,1324,0.07689080003183335,47936,0.5043,0.0098,99909
insertion_sort,1330,random,4,439386,438062,0.08005960006266832,47936,0.5043,0.0098,99909
merge_sort,1330,random,4,12143,13912,0.005009999964386225,47936,0.5043,0.0098,99909
quick_sort,1330,random,4,17215,9062,0.0041365999495610595,47936,0.5043,0.0098,99909
heap_sort,1330,random,4,23587,12671,0.006534199928864837,47936,0.5043,0.0098,99909
radix_sort,1330,random,4,0,6650,0.0024778000079095364,47936,0.5043,0.0098,99909
bubble_sort,1330,random,5,883407,445378,0.14644340006634593,47936,0.4961,0.0053,99681
selection_sort,1330,random,5,883785,1324,0.0704688000259921,47936,0.4961,0.0053,99681
insertion_sort,1330,random,5,446698,445378,0.07810369995422661,47936,0.4961,0.0053,99681
merge_sort,1330,random,5,12153,13912,0.005023499950766563,47936,0.4961,0.0053,99681
quick_sort,1330,random,5,15137,9093,0.00445230002515018,47936,0.4961,0.0053,99681
heap_sort,1330,random,5,23619,12700,0.006315700011327863,47936,0.4961,0.0053,99681
radix_sort,1330,random,5,0,6650,0.0025668999878689647,47936,0.4961,0.0053,99681
bubble_sort,1340,random,1,896427,444005,0.14485359995160252,48296,0.5051,0.0082,99590
selection_sort,1340,random,1,897130,1338,0.07700920000206679,48296,0.5051,0.0082,99590
insertion_sort,1340,random,1,445337,444005,0.08023139997385442,48296,0.5051,0.0082,99590
merge_sort,1340,random,1,12253,14032,0.005141500034369528,48296,0.5051,0.0082,99590
quick_sort,1340,random,1,14483,8246,0.0038521999958902597,48296,0.5051,0.0082,99590
heap_sort,1340,random,1,23822,12781,0.007082300027832389,48296,0.5051,0.0082,99590
radix_sort,1340,random,1,0,6700,0.0026800999185070395,48296,0.5051,0.0082,99590
bubble_sort,1340,random,2,895419,445595,0.1486883000470698,48296,0.5033,0.0052,99796
selection_sort,1340,random,2,897130,1330,0.07235340005718172,48296,0.5033,0.0052,99796
insertion_sort,1340,random,2,446924,445595,0.07413439999800175,48296,0.5033,0.0052,99796
merge_sort,1340,random,2,12261,14032,0.005540899932384491,48296,0.5033,0.0052,99796
quick_sort,1340,random,2,16037,9246,0.004385500098578632,48296,0.5033,0.0052,99796
heap_sort,1340,random,2,23747,12773,0.006386199966073036,48296,0.5033,0.0052,99796
radix_sort,1340,random,2,0,6700,0.00265670008957386,48296,0.5033,0.0052,99796
bubble_sort,1340,random,3,893809,457709,0.14536409999709576,48296,0.4898,0.006,99868
selection_sort,1340,random,3,897130,1329,0.07421069999691099,48296,0.4898,0.006,99868
insertion_sort,1340,random,3,459040,457709,0.084504000027664,48296,0.4898,0.006,99868
merge_sort,1340,random,3,12288,14032,0.004994699964299798,48296,0.4898,0.006,99868
quick_sort,1340,random,3,15772,9365,0.0041955000488087535,48296,0.4898,0.006,99868
heap_sort,1340,random,3,23763,12766,0.006912600016221404,48296,0.4898,0.006,99868
radix_sort,1340,random,3,0,6700,0.0027607999509200454,48296,0.4898,0.006,99868
bubble_sort,1340,random,4,895954,444757,0.14693699998315424,48296,0.5042,0.0067,99896
selection_sort,1340,random,4,897130,1328,0.07424709992483258,48296,0.5042,0.0067,99896
insertion_sort,1340,random,4,446088,444757,0.07972409995272756,48296,0.5042,0.0067,99896
merge_sort,1340,random,4,12258,14032,0.005223499960266054,48296,0.5042,0.0067,99896
quick_sort,1340,random,4,14551,7850,0.0038608000613749027,48296,0.5042,0.0067,99896
heap_sort,1340,random,4,23829,12791,0.006452500005252659,48296,0.5042,0.0067,99896
radix_sort,1340,random,4,0,6700,0.002685300074517727,48296,0.5042,0.0067,99896
bubble_sort,1340,random,5,896500,441599,0.14658449997659773,48296,0.5078,0.0052,99857
selection_sort,1340,random,5,897130,1331,0.07310580008197576,48296,0.5078,0.0052,99857
insertion_sort,1340,random,5,442928,441599,0.07807819999288768,48296,0.5078,0.0052,99857
merge_sort,1340,random,5,12250,14032,0.00499739998485893,48296,0.5078,0.0052,99857
quick_sort,1340,random,5,15893,8726,0.00403010006994009,48296,0.5078,0.0052,99857
heap_sort,1340,random,5,23837,12831,0.0063177000265568495,48296,0.5078,0.0052,99857
radix_sort,1340,random,5,0,6700,0.0026769000105559826,48296,0.5078,0.0052,99857
bubble_sort,1350,random,1,909872,457421,0.144342300016433,48656,0.4977,0.0052,99985
selection_sort,1350,random,1,910575,1337,0.0734775000018999,48656,0.4977,0.0052,99985
insertion_sort,1350,random,1,458763,457421,0.08119289996102452,48656,0.4977,0.0052,99985
merge_sort,1350,random,1,12357,14152,0.005194600089453161,48656,0.4977,0.0052,99985
quick_sort,1350,random,1,17167,11986,0.004810999962501228,48656,0.4977,0.0052,99985
heap_sort,1350,random,1,23898,12806,0.006620800006203353,48656,0.4977,0.0052,99985
radix_sort,1350,random,1,0,6750,0.002756900037638843,48656,0.4977,0.0052,99985
bubble_sort,1350,random,2,910497,463742,0.15111269999761134,48656,0.4907,0.0059,99939
selection_sort,1350,random,2,910575,1336,0.07693159999325871,48656,0.4907,0.0059,99939
insertion_sort,1350,random,2,465080,463742,0.08264859998598695,48656,0.4907,0.0059,99939
merge_sort,1350,random,2,12389,14152,0.006399600068107247,48656,0.4907,0.0059,99939
quick_sort,1350,random,2,15367,8638,0.006731599918566644,48656,0.4907,0.0059,99939
heap_sort,1350,random,2,24002,12890,0.006338599952869117,48656,0.4907,0.0059,99939
radix_sort,1350,random,2,0,6750,0.002642399980686605,48656,0.4907,0.0059,99939
bubble_sort,1350,random,3,909144,450478,0.14764970005489886,48656,0.5053,0.0044,99738
selection_sort,1350,random,3,910575,1343,0.07407439989037812,48656,0.5053,0.0044,99738
insertion_sort,1350,random,3,451818,450478,0.08129899995401502,48656,0.5053,0.0044,99738
merge_sort,1350,random,3,12373,14152,0.0050576000940054655,48656,0.5053,0.0044,99738
quick_sort,1350,random,3,16207,9124,0.004439400043338537,48656,0.5053,0.0044,99738
heap_sort,1350,random,3,24028,12908,0.006720199948176742,48656,0.5053,0.0044,99738
radix_sort,1350,random,3,0,6750,0.002654799958691001,48656,0.5053,0.0044,99738
bubble_sort,1350,random,4,910385,453879,0.14855879999231547,48656,0.5015,0.0111,99602
selection_sort,1350,random,4,910575,1344,0.07697459997143596,48656,0.5015,0.0111,99602
insertion_sort,1350,random,4,455223,453879,0.08335219998843968,48656,0.5015,0.0111,99602
merge_sort,1350,random,4,12416,14152,0.005180299980565906,48656,0.5015,0.0111,99602
quick_sort,1350,random,4,15217,7462,0.003952600061893463,48656,0.5015,0.0111,99602
heap_sort,1350,random,4,23950,12830,0.006665900000371039,48656,0.5015,0.0111,99602
radix_sort,1350,random,4,0,6750,0.0029574999352917075,48656,0.5015,0.0111,99602
bubble_sort,1350,random,5,908922,460355,0.15272470004856586,48656,0.4944,0.0074,99845
selection_sort,1350,random,5,910575,1344,0.07520700001623482,48656,0.4944,0.0074,99845
insertion_sort,1350,random,5,461700,460355,0.0774985000025481,48656,0.4944,0.0074,99845
merge_sort,1350,random,5,12343,14152,0.0051617999561131,48656,0.4944,0.0074,99845
quick_sort,1350,random,5,14841,8483,0.004011000040918589,48656,0.4944,0.0074,99845
heap_sort,1350,random,5,24004,12874,0.006827200064435601,48656,0.4944,0.0074,99845
radix_sort,1350,random,5,0,6750,0.002675299998372793,48656,0.4944,0.0074,99845
bubble_sort,1360,random,1,922467,455235,0.1525058998959139,49016,0.5074,0.0051,99928
selection_sort,1360,random,1,924120,1354,0.08165960002224892,49016,0.5074,0.0051,99928
insertion_sort,1360,random,1,456590,455235,0.08167109999340028,49016,0.5074,0.0051,99928
merge_sort,1360,random,1,12417,14272,0.005302200093865395,49016,0.5074,0.0051,99928
quick_sort,1360,random,1,15210,8387,0.004488100064918399,49016,0.5074,0.0051,99928
heap_sort,1360,random,1,24191,12981,0.006784499972127378,49016,0.5074,0.0051,99928
radix_sort,1360,random,1,0,6800,0.0028058000607416034,49016,0.5074,0.0051,99928
bubble_sort,1360,random,2,924000,468967,0.14796380000188947,49016,0.4925,0.0081,99891
selection_sort,1360,random,2,924120,1352,0.07752779999282211,49016,0.4925,0.0081,99891
insertion_sort,1360,random,2,470320,468967,0.08241040003485978,49016,0.4925,0.0081,99891
merge_sort,1360,random,2,12514,14272,0.004862500005401671,49016,0.4925,0.0081,99891
quick_sort,1360,random,2,15643,8356,0.003961699898354709,49016,0.4925,0.0081,99891
heap_sort,1360,random,2,24083,12899,0.006400899961590767,49016,0.4925,0.0081,99891
radix_sort,1360,random,2,0,6800,0.002612499985843897,49016,0.4925,0.0081,99891
bubble_sort,1360,random,3,923340,472768,0.15366910002194345,49016,0.4884,0.0081,99816
selection_sort,1360,random,3,924120,1353,0.09145120007451624,49016,0.4884,0.0081,99816
insertion_sort,1360,random,3,474123,472768,0.09371549997013062,49016,0.4884,0.0081,99816
merge_sort,1360,random,3,12481,14272,0.005745300091803074,49016,0.4884,0.0081,99816
quick_sort,1360,random,3,14857,8151,0.004496100009419024,49016,0.4884,0.0081,99816
heap_sort,1360,random,3,24202,12975,0.007497600046917796,49016,0.4884,0.0081,99816
radix_sort,1360,random,3,0,6800,0.00353520002681762,49016,0.4884,0.0081,99816
bubble_sort,1360,random,4,921774,472699,0.17521450005006045,49016,0.4885,0.0074,99874
selection_sort,1360,random,4,924120,1354,0.07712210004683584,49016,0.4885,0.0074,99874
insertion_sort,1360,random,4,474054,472699,0.08242730004712939,49016,0.4885,0.0074,99874
merge_sort,1360,random,4,12483,14272,0.005096400040201843,49016,0.4885,0.0074,99874
quick_sort,1360,random,4,14432,7442,0.003737900056876242,49016,0.4885,0.0074,99874
heap_sort,1360,random,4,24188,12986,0.007175799924880266,49016,0.4885,0.0074,99874
radix_sort,1360,random,4,0,6800,0.0027287000557407737,49016,0.4885,0.0074,99874
bubble_sort,1360,random,5,923930,461645,0.15504639991559088,49016,0.5004,0.0051,99931
selection_sort,1360,random,5,924120,1351,0.0758873000741005,49016,0.5004,0.0051,99931
insertion_sort,1360,random,5,463000,461645,0.07881189999170601,49016,0.5004,0.0051,99931
merge_sort,1360,random,5,12468,14272,0.005186499911360443,49016,0.5004,0.0051,99931
quick_sort,1360,random,5,15303,8343,0.0039010999025776982,49016,0.5004,0.0051,99931
heap_sort,1360,random,5,24160,12944,0.0065521999495103955,49016,0.5004,0.0051,99931
radix_sort,1360,random,5,0,6800,0.0026994000654667616,49016,0.5004,0.0051,99931
bubble_sort,1370,random,1,935350,476878,0.1541308999294415,49376,0.4915,0.0051,99882
selection_sort,1370,random,1,937765,1361,0.07308350002858788,49376,0.4915,0.0051,99882
insertion_sort,1370,random,1,478240,476878,0.0896247000200674,49376,0.4915,0.0051,99882
merge_sort,1370,random,1,12621,14392,0.005200599902309477,49376,0.4915,0.0051,99882
quick_sort,1370,random,1,16452,9003,0.004906499991193414,49376,0.4915,0.0051,99882
heap_sort,1370,random,1,24402,13101,0.006471600034274161,49376,0.4915,0.0051,99882
radix_sort,1370,random,1,0,6850,0.00262260006275028,49376,0.4915,0.0051,99882
bubble_sort,1370,random,2,934024,460895,0.14896299992688,49376,0.5085,0.0102,99739
selection_sort,1370,random,2,937765,1360,0.08268789993599057,49376,0.5085,0.0102,99739
insertion_sort,1370,random,2,462258,460895,0.07923170004505664,49376,0.5085,0.0102,99739
merge_sort,1370,random,2,12560,14392,0.004847200005315244,49376,0.5085,0.0102,99739
quick_sort,1370,random,2,15244,8536,0.003704700036905706,49376,0.5085,0.0102,99739
heap_sort,1370,random,2,24417,13116,0.0064208999974653125,49376,0.5085,0.0102,99739
radix_sort,1370,random,2,0,6850,0.002512499922886491,49376,0.5085,0.0102,99739
bubble_sort,1370,random,3,936054,454813,0.15134510002098978,49376,0.515,0.0051,99983
selection_sort,1370,random,3,937765,1362,0.07660449994727969,49376,0.515,0.0051,99983
insertion_sort,1370,random,3,456176,454813,0.0778103000484407,49376,0.515,0.0051,99983
merge_sort,1370,random,3,12558,14392,0.0053715999238193035,49376,0.515,0.0051,99983
quick_sort,1370,random,3,16859,11056,0.004585199989378452,49376,0.515,0.0051,99983
heap_sort,1370,random,3,24434,13132,0.006488700048066676,49376,0.515,0.0051,99983
radix_sort,1370,random,3,0,6850,0.0027306999545544386,49376,0.515,0.0051,99983
bubble_sort,1370,random,4,937575,497574,0.15843329997733235,49376,0.4694,0.0088,99865
selection_sort,1370,random,4,937765,1362,0.07999070000369102,49376,0.4694,0.0088,99865
insertion_sort,1370,random,4,498938,497574,0.09248110000044107,49376,0.4694,0.0088,99865
merge_sort,1370,random,4,12537,14392,0.005458800005726516,49376,0.4694,0.0088,99865
quick_sort,1370,random,4,16905,9460,0.004898000042885542,49376,0.4694,0.0088,99865
heap_sort,1370,random,4,24392,13075,0.006638800026848912,49376,0.4694,0.0088,99865
radix_sort,1370,random,4,0,6850,0.0025569999124854803,49376,0.4694,0.0088,99865
bubble_sort,1370,random,5,937534,479714,0.15662319993134588,49376,0.4884,0.0095,99623
selection_sort,1370,random,5,937765,1363,0.08001519995741546,49376,0.4884,0.0095,99623
insertion_sort,1370,random,5,481075,479714,0.08360780007205904,49376,0.4884,0.0095,99623
merge_sort,1370,random,5,12557,14392,0.005169900017790496,49376,0.4884,0.0095,99623
quick_sort,1370,random,5,16660,8187,0.004136399948038161,49376,0.4884,0.0095,99623
heap_sort,1370,random,5,24375,13068,0.006401599966920912,49376,0.4884,0.0095,99623
radix_sort,1370,random,5,0,6850,0.002851199940778315,49376,0.4884,0.0095,99623
bubble_sort,1380,random,1,951465,474405,0.15497880009934306,49736,0.5014,0.0065,99722
selection_sort,1380,random,1,951510,1369,0.08313539996743202,49736,0.5014,0.0065,99722
insertion_sort,1380,random,1,475776,474405,0.08647179999388754,49736,0.5014,0.0065,99722
merge_sort,1380,random,1,12650,14512,0.005142500041984022,49736,0.5014,0.0065,99722
quick_sort,1380,random,1,16163,8183,0.004059300059452653,49736,0.5014,0.0065,99722
heap_sort,1380,random,1,24609,13207,0.006822499912232161,49736,0.5014,0.0065,99722
radix_sort,1380,random,1,0,6900,0.0026510999305173755,49736,0.5014,0.0065,99722
bubble_sort,1380,random,2,950880,475179,0.15715829993132502,49736,0.5006,0.0087,99873
selection_sort,1380,random,2,951510,1367,0.08156070008408278,49736,0.5006,0.0087,99873
insertion_sort,1380,random,2,476554,475179,0.0784599999897182,49736,0.5006,0.0087,99873
merge_sort,1380,random,2,12660,14512,0.005491600022651255,49736,0.5006,0.0087,99873
quick_sort,1380,random,2,16221,9352,0.004304600064642727,49736,0.5006,0.0087,99873
heap_sort,1380,random,2,24625,13250,0.0067125000059604645,49736,0.5006,0.0087,99873
radix_sort,1380,random,2,0,6900,0.0026804000372067094,49736,0.5006,0.0087,99873
bubble_sort,1380,random,3,947324,479774,0.15554230008274317,49736,0.4958,0.0029,99824
selection_sort,1380,random,3,951510,1371,0.07927620003465563,49736,0.4958,0.0029,99824
insertion_sort,1380,random,3,481150,479774,0.08742960006929934,49736,0.4958,0.0029,99824
merge_sort,1380,random,3,12686,14512,0.005385200027376413,49736,0.4958,0.0029,99824
quick_sort,1380,random,3,16216,8608,0.00446409999858588,49736,0.4958,0.0029,99824
heap_sort,1380,random,3,24603,13193,0.006855600047856569,49736,0.4958,0.0029,99824
radix_sort,1380,random,3,0,6900,0.002714499947614968,49736,0.4958,0.0029,99824
bubble_sort,1380,random,4,951104,491515,0.17015599994920194,49736,0.4834,0.008,99740
selection_sort,1380,random,4,951510,1373,0.07966109993867576,49736,0.4834,0.008,99740
insertion_sort,1380,random,4,492886,491515,0.08813460008241236,49736,0.4834,0.008,99740
merge_sort,1380,random,4,12685,14512,0.005258799996227026,49736,0.4834,0.008,99740
quick_sort,1380,random,4,15379,9214,0.003931500017642975,49736,0.4834,0.008,99740
heap_sort,1380,random,4,24597,13171,0.007277400000020862,49736,0.4834,0.008,99740
radix_sort,1380,random,4,0,6900,0.0028672999469563365,49736,0.4834,0.008,99740
bubble_sort,1380,random,5,949494,473858,0.15971299994271249,49736,0.502,0.0065,99965
selection_sort,1380,random,5,951510,1373,0.0751468000235036,49736,0.502,0.0065,99965
insertion_sort,1380,random,5,475232,473858,0.09224769996944815,49736,0.502,0.0065,99965
merge_sort,1380,random,5,12715,14512,0.006083299987949431,49736,0.502,0.0065,99965
quick_sort,1380,random,5,16017,7799,0.00401049992069602,49736,0.502,0.0065,99965
heap_sort,1380,random,5,24656,13237,0.006417999975383282,49736,0.502,0.0065,99965
radix_sort,1380,random,5,0,6900,0.0025756999384611845,49736,0.502,0.0065,99965
bubble_sort,1390,random,1,965079,494764,0.15868350001983345,50096,0.4875,0.0115,99892
selection_sort,1390,random,1,965355,1382,0.0785646999720484,50096,0.4875,0.0115,99892
insertion_sort,1390,random,1,496145,494764,0.08819050004240125,50096,0.4875,0.0115,99892
merge_sort,1390,random,1,12799,14632,0.0051932999631389976,50096,0.4875,0.0115,99892
quick_sort,1390,random,1,16946,8572,0.004062999971210957,50096,0.4875,0.0115,99892
heap_sort,1390,random,1,24780,13290,0.006994799943640828,50096,0.4875,0.0115,99892
radix_sort,1390,random,1,0,6950,0.0027357999933883548,50096,0.4875,0.0115,99892
bubble_sort,1390,random,2,964827,490360,0.16451959998812526,50096,0.492,0.0043,99854
selection_sort,1390,random,2,965355,1380,0.08243640000000596,50096,0.492,0.0043,99854
insertion_sort,1390,random,2,491740,490360,0.09302350005600601,50096,0.492,0.0043,99854
merge_sort,1390,random,2,12816,14632,0.005304899998009205,50096,0.492,0.0043,99854
quick_sort,1390,random,2,15115,8976,0.004673300078138709,50096,0.492,0.0043,99854
heap_sort,1390,random,2,24818,13324,0.006779999937862158,50096,0.492,0.0043,99854
radix_sort,1390,random,2,0,6950,0.00285799999255687,50096,0.492,0.0043,99854
bubble_sort,1390,random,3,964575,481181,0.16341859998647124,50096,0.5016,0.005,99885
selection_sort,1390,random,3,965355,1380,0.0762713000876829,50096,0.5016,0.005,99885
insertion_sort,1390,random,3,482557,481181,0.10180969990324229,50096,0.5016,0.005,99885
merge_sort,1390,random,3,12827,14632,0.0056529000867158175,50096,0.5016,0.005,99885
quick_sort,1390,random,3,15058,8820,0.004049699986353517,50096,0.5016,0.005,99885
heap_sort,1390,random,3,24795,13319,0.007819600054062903,50096,0.5016,0.005,99885
radix_sort,1390,random,3,0,6950,0.002733300090767443,50096,0.5016,0.005,99885
bubble_sort,1390,random,4,965319,477321,0.16179850010666996,50096,0.5055,0.0058,99846
selection_sort,1390,random,4,965355,1385,0.0825316000264138,50096,0.5055,0.0058,99846
insertion_sort,1390,random,4,478702,477321,0.08293540007434785,50096,0.5055,0.0058,99846
merge_sort,1390,random,4,12788,14632,0.005012999987229705,50096,0.5055,0.0058,99846
quick_sort,1390,random,4,16925,9303,0.00398570008110255,50096,0.5055,0.0058,99846
heap_sort,1390,random,4,24825,13314,0.007441100082360208,50096,0.5055,0.0058,99846
radix_sort,1390,random,4,0,6950,0.0026211999356746674,50096,0.5055,0.0058,99846
bubble_sort,1390,random,5,965004,488268,0.18631839996669441,50096,0.4942,0.0079,99658
selection_sort,1390,random,5,965355,1376,0.08905640000011772,50096,0.4942,0.0079,99658
insertion_sort,1390,random,5,489651,488268,0.1008235999615863,50096,0.4942,0.0079,99658
merge_sort,1390,random,5,12799,14632,0.005406000069342554,50096,0.4942,0.0079,99658
quick_sort,1390,random,5,15996,9612,0.004328500013798475,50096,0.4942,0.0079,99658
heap_sort,1390,random,5,24798,13304,0.006936299963854253,50096,0.4942,0.0079,99658
radix_sort,1390,random,5,0,6950,0.002660700003616512,50096,0.4942,0.0079,99658
bubble_sort,1400,random,1,977409,480316,0.1741034999722615,50456,0.5095,0.0064,99857
selection_sort,1400,random,1,979300,1396,0.08144219999667257,50456,0.5095,0.0064,99857
insertion_sort,1400,random,1,481708,480316,0.082262699957937,50456,0.5095,0.0064,99857
merge_sort,1400,random,1,12896,14752,0.005076300003565848,50456,0.5095,0.0064,99857
quick_sort,1400,random,1,15626,8363,0.0038920999504625797,50456,0.5095,0.0064,99857
heap_sort,1400,random,1,25017,13439,0.007047100109048188,50456,0.5095,0.0064,99857
radix_sort,1400,random,1,0,7000,0.0032015000469982624,50456,0.5095,0.0064,99857
bubble_sort,1400,random,2,977470,488357,0.16137180000077933,50456,0.5013,0.0079,99852
selection_sort,1400,random,2,979300,1384,0.07866170001216233,50456,0.5013,0.0079,99852
insertion_sort,1400,random,2,489747,488357,0.09257290000095963,50456,0.5013,0.0079,99852
merge_sort,1400,random,2,12882,14752,0.005331299966201186,50456,0.5013,0.0079,99852
quick_sort,1400,random,2,15440,8229,0.0042634999845176935,50456,0.5013,0.0079,99852
heap_sort,1400,random,2,25061,13463,0.006744100013747811,50456,0.5013,0.0079,99852
radix_sort,1400,random,2,0,7000,0.0027840998955070972,50456,0.5013,0.0079,99852
bubble_sort,1400,random,3,978219,485145,0.17306449997704476,50456,0.5046,0.0093,99889
selection_sort,1400,random,3,979300,1391,0.08202009997330606,50456,0.5046,0.0093,99889
insertion_sort,1400,random,3,486539,485145,0.08240449998993427,50456,0.5046,0.0093,99889
merge_sort,1400,random,3,12926,14752,0.005030300002545118,50456,0.5046,0.0093,99889
quick_sort,1400,random,3,16665,8384,0.004436200018972158,50456,0.5046,0.0093,99889
heap_sort,1400,random,3,24983,13394,0.0065101999789476395,50456,0.5046,0.0093,99889
radix_sort,1400,random,3,0,7000,0.0025927999522536993,50456,0.5046,0.0093,99889
bubble_sort,1400,random,4,977220,484312,0.18090310005936772,50456,0.5055,0.0057,99471
selection_sort,1400,random,4,979300,1392,0.08511869993526489,50456,0.5055,0.0057,99471
insertion_sort,1400,random,4,485702,484312,0.08652729995083064,50456,0.5055,0.0057,99471
merge_sort,1400,random,4,12903,14752,0.004931199946440756,50456,0.5055,0.0057,99471
quick_sort,1400,random,4,17181,10381,0.004420599900186062,50456,0.5055,0.0057,99471
heap_sort,1400,random,4,25023,13433,0.00901389995124191,50456,0.5055,0.0057,99471
radix_sort,1400,random,4,0,7000,0.0027321999659761786,50456,0.5055,0.0057,99471
bubble_sort,1400,random,5,977530,490273,0.17473099997732788,50456,0.4994,0.0057,99940
selection_sort,1400,random,5,979300,1396,0.08921689994167536,50456,0.4994,0.0057,99940
insertion_sort,1400,random,5,491666,490273,0.09543870005290955,50456,0.4994,0.0057,99940
merge_sort,1400,random,5,12844,14752,0.005023300065658987,50456,0.4994,0.0057,99940
quick_sort,1400,random,5,17102,10483,0.004227600060403347,50456,0.4994,0.0057,99940
heap_sort,1400,random,5,24995,13393,0.007708600023761392,50456,0.4994,0.0057,99940
radix_sort,1400,random,5,0,7000,0.0026387000689283013,50456,0.4994,0.0057,99940
bubble_sort,1410,random,1,993174,507492,0.20253659994341433,50816,0.4891,0.0043,99761
selection_sort,1410,random,1,993345,1402,0.08711600000970066,50816,0.4891,0.0043,99761
insertion_sort,1410,random,1,508900,507492,0.08090840000659227,50816,0.4891,0.0043,99761
merge_sort,1410,random,1,12995,14872,0.005037799943238497,50816,0.4891,0.0043,99761
quick_sort,1410,random,1,17192,9074,0.004003499983809888,50816,0.4891,0.0043,99761
heap_sort,1410,random,1,25218,13518,0.00670859997626394,50816,0.4891,0.0043,99761
radix_sort,1410,random,1,0,7050,0.002698300057090819,50816,0.4891,0.0043,99761
bubble_sort,1410,random,2,989942,492274,0.16038279992062598,50816,0.5044,0.0092,99954
selection_sort,1410,random,2,993345,1405,0.0993091999553144,50816,0.5044,0.0092,99954
insertion_sort,1410,random,2,493681,492274,0.11260450002737343,50816,0.5044,0.0092,99954
merge_sort,1410,random,2,12996,14872,0.005283999955281615,50816,0.5044,0.0092,99954
quick_sort,1410,random,2,17801,9880,0.004309799987822771,50816,0.5044,0.0092,99954
heap_sort,1410,random,2,25273,13543,0.006997899967245758,50816,0.5044,0.0092,99954
radix_sort,1410,random,2,0,7050,0.0026958000380545855,50816,0.5044,0.0092,99954
bubble_sort,1410,random,3,991805,497616,0.1648032000521198,50816,0.4991,0.0128,99948
selection_sort,1410,random,3,993345,1399,0.08391789998859167,50816,0.4991,0.0128,99948
insertion_sort,1410,random,3,499020,497616,0.090896200039424,50816,0.4991,0.0128,99948
merge_sort,1410,random,3,12987,14872,0.00946149998344481,50816,0.4991,0.0128,99948
quick_sort,1410,random,3,15246,8668,0.003925199969671667,50816,0.4991,0.0128,99948
heap_sort,1410,random,3,25283,13547,0.00661679997574538,50816,0.4991,0.0128,99948
radix_sort,1410,random,3,0,7050,0.0027089000213891268,50816,0.4991,0.0128,99948
bubble_sort,1410,random,4,992994,495957,0.16311710001900792,50816,0.5007,0.0071,99918
selection_sort,1410,random,4,993345,1403,0.09422929992433637,50816,0.5007,0.0071,99918
insertion_sort,1410,random,4,497355,495957,0.08017520001158118,50816,0.5007,0.0071,99918
merge_sort,1410,random,4,13018,14872,0.01019909989554435,50816,0.5007,0.0071,99918
quick_sort,1410,random,4,17678,8892,0.007564699975773692,50816,0.5007,0.0071,99918
heap_sort,1410,random,4,25295,13577,0.006820500013418496,50816,0.5007,0.0071,99918
radix_sort,1410,random,4,0,7050,0.003700600005686283,50816,0.5007,0.0071,99918
bubble_sort,1410,random,5,993225,489851,0.17882400006055832,50816,0.5069,0.005,99943
selection_sort,1410,random,5,993345,1402,0.09170799993444234,50816,0.5069,0.005,99943
insertion_sort,1410,random,5,491252,489851,0.09380360005889088,50816,0.5069,0.005,99943
merge_sort,1410,random,5,13022,14872,0.005356800043955445,50816,0.5069,0.005,99943
quick_sort,1410,random,5,16434,9094,0.003959399997256696,50816,0.5069,0.005,99943
heap_sort,1410,random,5,25265,13546,0.009210200048983097,50816,0.5069,0.005,99943
radix_sort,1410,random,5,0,7050,0.007623199955560267,50816,0.5069,0.005,99943
bubble_sort,1420,random,1,1004564,506946,0.1448372999439016,51176,0.4968,0.0085,99812
selection_sort,1420,random,1,1007490,1412,0.06825529993511736,51176,0.4968,0.0085,99812
insertion_sort,1420,random,1,508354,506946,0.10233420005533844,51176,0.4968,0.0085,99812
merge_sort,1420,random,1,13121,14992,0.0051466000732034445,51176,0.4968,0.0085,99812
quick_sort,1420,random,1,17212,9346,0.00425830006133765,51176,0.4968,0.0085,99812
heap_sort,1420,random,1,25453,13659,0.009064699988812208,51176,0.4968,0.0085,99812
radix_sort,1420,random,1,0,7100,0.004469700041227043,51176,0.4968,0.0085,99812
bubble_sort,1420,random,2,1007354,505214,0.1984252999536693,51176,0.4985,0.007,99970
selection_sort,1420,random,2,1007490,1417,0.1091180999064818,51176,0.4985,0.007,99970
insertion_sort,1420,random,2,506622,505214,0.10788829997181892,51176,0.4985,0.007,99970
merge_sort,1420,random,2,13072,14992,0.007632800028659403,51176,0.4985,0.007,99970
quick_sort,1420,random,2,17889,10400,0.004303299938328564,51176,0.4985,0.007,99970
heap_sort,1420,random,2,25415,13645,0.006741699995473027,51176,0.4985,0.007,99970
radix_sort,1420,random,2,0,7100,0.003998500062152743,51176,0.4985,0.007,99970
bubble_sort,1420,random,3,1007319,500291,0.1600406999932602,51176,0.5034,0.0042,99929
selection_sort,1420,random,3,1007490,1409,0.07597849995363504,51176,0.5034,0.0042,99929
insertion_sort,1420,random,3,501703,500291,0.0835561000276357,51176,0.5034,0.0042,99929
merge_sort,1420,random,3,13111,14992,0.005017200019210577,51176,0.5034,0.0042,99929
quick_sort,1420,random,3,17133,9714,0.00415890000294894,51176,0.5034,0.0042,99929
heap_sort,1420,random,3,25461,13656,0.0064740999368950725,51176,0.5034,0.0042,99929
radix_sort,1420,random,3,0,7100,0.0026241999585181475,51176,0.5034,0.0042,99929
bubble_sort,1420,random,4,1006059,505482,0.15529060002882034,51176,0.4983,0.0063,99967
selection_sort,1420,random,4,1007490,1410,0.08129980007652193,51176,0.4983,0.0063,99967
insertion_sort,1420,random,4,506895,505482,0.0795448999851942,51176,0.4983,0.0063,99967
merge_sort,1420,random,4,13135,14992,0.004987700027413666,51176,0.4983,0.0063,99967
quick_sort,1420,random,4,15572,7649,0.003927999990992248,51176,0.4983,0.0063,99967
heap_sort,1420,random,4,25460,13675,0.00649990001693368,51176,0.4983,0.0063,99967
radix_sort,1420,random,4,0,7100,0.0025652999756857753,51176,0.4983,0.0063,99967
bubble_sort,1420,random,5,1007354,493415,0.15119710005819798,51176,0.5103,0.0049,99483
selection_sort,1420,random,5,1007490,1415,0.08111139992251992,51176,0.5103,0.0049,99483
insertion_sort,1420,random,5,494830,493415,0.08293019991833717,51176,0.5103,0.0049,99483
merge_sort,1420,random,5,13110,14992,0.005028300103731453,51176,0.5103,0.0049,99483
quick_sort,1420,random,5,16586,8390,0.004103499930351973,51176,0.5103,0.0049,99483
heap_sort,1420,random,5,25479,13688,0.006498000002466142,51176,0.5103,0.0049,99483
radix_sort,1420,random,5,0,7100,0.002575299935415387,51176,0.5103,0.0049,99483
bubble_sort,1430,random,1,1021300,514358,0.1594895999878645,51536,0.4966,0.0056,99955
selection_sort,1430,random,1,1021735,1425,0.07997099997010082,51536,0.4966,0.0056,99955
insertion_sort,1430,random,1,515779,514358,0.08570729999337345,51536,0.4966,0.0056,99955
merge_sort,1430,random,1,13215,15112,0.005234099924564362,51536,0.4966,0.0056,99955
quick_sort,1430,random,1,16424,8746,0.004285599919967353,51536,0.4966,0.0056,99955
heap_sort,1430,random,1,25644,13737,0.006502100033685565,51536,0.4966,0.0056,99955
radix_sort,1430,random,1,0,7150,0.002647500019520521,51536,0.4966,0.0056,99955
bubble_sort,1430,random,2,1018575,499456,0.15617079997900873,51536,0.5112,0.0091,99916
selection_sort,1430,random,2,1021735,1415,0.07619360007811338,51536,0.5112,0.0091,99916
insertion_sort,1430,random,2,500876,499456,0.09202790004201233,51536,0.5112,0.0091,99916
merge_sort,1430,random,2,13194,15112,0.005184000008739531,51536,0.5112,0.0091,99916
quick_sort,1430,random,2,18190,10044,0.004322599968872964,51536,0.5112,0.0091,99916
heap_sort,1430,random,2,25643,13788,0.006572799989953637,51536,0.5112,0.0091,99916
radix_sort,1430,random,2,0,7150,0.0026450998848304152,51536,0.5112,0.0091,99916
bubble_sort,1430,random,3,1020700,503905,0.15565309999510646,51536,0.5068,0.0049,99997
selection_sort,1430,random,3,1021735,1425,0.07611789996735752,51536,0.5068,0.0049,99997
insertion_sort,1430,random,3,505327,503905,0.0825186000438407,51536,0.5068,0.0049,99997
merge_sort,1430,random,3,13188,15112,0.005068899947218597,51536,0.5068,0.0049,99997
quick_sort,1430,random,3,16304,9229,0.004754599998705089,51536,0.5068,0.0049,99997
heap_sort,1430,random,3,25638,13780,0.007858800003305078,51536,0.5068,0.0049,99997
radix_sort,1430,random,3,0,7150,0.0027138000587001443,51536,0.5068,0.0049,99997
bubble_sort,1430,random,4,1020082,509435,0.27344490005634725,51536,0.5014,0.0049,99941
selection_sort,1430,random,4,1021735,1424,0.13457580003887415,51536,0.5014,0.0049,99941
insertion_sort,1430,random,4,510855,509435,0.10444339993409812,51536,0.5014,0.0049,99941
merge_sort,1430,random,4,13217,15112,0.007281799917109311,51536,0.5014,0.0049,99941
quick_sort,1430,random,4,16190,9085,0.005780900013633072,51536,0.5014,0.0049,99941
heap_sort,1430,random,4,25686,13800,0.011420399998314679,51536,0.5014,0.0049,99941
radix_sort,1430,random,4,0,7150,0.0031092000426724553,51536,0.5014,0.0049,99941
bubble_sort,1430,random,5,1020510,508427,0.17581170005723834,51536,0.5024,0.0084,99802
selection_sort,1430,random,5,1021735,1421,0.09147360001225024,51536,0.5024,0.0084,99802
insertion_sort,1430,random,5,509851,508427,0.12012059998232871,51536,0.5024,0.0084,99802
merge_sort,1430,random,5,13247,15112,0.005476600024849176,51536,0.5024,0.0084,99802
quick_sort,1430,random,5,15975,8305,0.004036700003780425,51536,0.5024,0.0084,99802
heap_sort,1430,random,5,25640,13756,0.006904200068674982,51536,0.5024,0.0084,99802
radix_sort,1430,random,5,0,7150,0.0027486999751999974,51536,0.5024,0.0084,99802
bubble_sort,1440,random,1,1035177,507615,0.16214149992447346,51896,0.5101,0.0063,99763
selection_sort,1440,random,1,1036080,1428,0.0802224000217393,51896,0.5101,0.0063,99763
insertion_sort,1440,random,1,509045,507615,0.08467990008648485,51896,0.5101,0.0063,99763
merge_sort,1440,random,1,13299,15232,0.005171199911274016,51896,0.5101,0.0063,99763
quick_sort,1440,random,1,15775,9238,0.004221000010147691,51896,0.5101,0.0063,99763
heap_sort,1440,random,1,25863,13872,0.0066290999529883265,51896,0.5101,0.0063,99763
radix_sort,1440,random,1,0,7200,0.0027120999293401837,51896,0.5101,0.0063,99763
bubble_sort,1440,random,2,1034595,526083,0.16465920000337064,51896,0.4922,0.0104,99631
selection_sort,1440,random,2,1036080,1429,0.08310830011032522,51896,0.4922,0.0104,99631
insertion_sort,1440,random,2,527511,526083,0.08973440004047006,51896,0.4922,0.0104,99631
merge_sort,1440,random,2,13310,15232,0.0050926998956128955,51896,0.4922,0.0104,99631
quick_sort,1440,random,2,16809,10055,0.004230099963024259,51896,0.4922,0.0104,99631
heap_sort,1440,random,2,25795,13816,0.0066374000161886215,51896,0.4922,0.0104,99631
radix_sort,1440,random,2,0,7200,0.00266219989862293,51896,0.4922,0.0104,99631
bubble_sort,1440,random,3,1033452,501976,0.15548069996293634,51896,0.5155,0.009,99765
selection_sort,1440,random,3,1036080,1431,0.08380969997961074,51896,0.5155,0.009,99765
insertion_sort,1440,random,3,503409,501976,0.08255269995424896,51896,0.5155,0.009,99765
merge_sort,1440,random,3,13307,15232,0.005477299913764,51896,0.5155,0.009,99765
quick_sort,1440,random,3,15214,8619,0.0038614999502897263,51896,0.5155,0.009,99765
heap_sort,1440,random,3,25896,13917,0.006537499953992665,51896,0.5155,0.009,99765
radix_sort,1440,random,3,0,7200,0.0029420999344438314,51896,0.5155,0.009,99765
bubble_sort,1440,random,4,1034649,516924,0.16538270004093647,51896,0.5011,0.0076,99760
selection_sort,1440,random,4,1036080,1434,0.07899169996380806,51896,0.5011,0.0076,99760
insertion_sort,1440,random,4,518358,516924,0.08704850007779896,51896,0.5011,0.0076,99760
merge_sort,1440,random,4,13369,15232,0.0050734999822452664,51896,0.5011,0.0076,99760
quick_sort,1440,random,4,15363,8894,0.0037631000159308314,51896,0.5011,0.0076,99760
heap_sort,1440,random,4,25881,13884,0.00666569999884814,51896,0.5011,0.0076,99760
radix_sort,1440,random,4,0,7200,0.0026720999740064144,51896,0.5011,0.0076,99760
bubble_sort,1440,random,5,1035519,525234,0.16578250005841255,51896,0.4931,0.0069,99567
selection_sort,1440,random,5,1036080,1432,0.07922920002602041,51896,0.4931,0.0069,99567
insertion_sort,1440,random,5,526663,525234,0.08895749994553626,51896,0.4931,0.0069,99567
merge_sort,1440,random,5,13316,15232,0.005271199974231422,51896,0.4931,0.0069,99567
quick_sort,1440,random,5,18525,10414,0.005897199967876077,51896,0.4931,0.0069,99567
heap_sort,1440,random,5,25848,13841,0.006708000088110566,51896,0.4931,0.0069,99567
radix_sort,1440,random,5,0,7200,0.002702099969610572,51896,0.4931,0.0069,99567
bubble_sort,1450,random,1,1049784,524296,0.16230869991704822,52256,0.5009,0.0062,99889
selection_sort,1450,random,1,1050525,1443,0.08466669998597354,52256,0.5009,0.0062,99889
insertion_sort,1450,random,1,525739,524296,0.08909909997601062,52256,0.5009,0.0062,99889
merge_sort,1450,random,1,13456,15352,0.00522590009495616,52256,0.5009,0.0062,99889
quick_sort,1450,random,1,15708,8881,0.0038967999862506986,52256,0.5009,0.0062,99889
heap_sort,1450,random,1,26056,13963,0.00781260000076145,52256,0.5009,0.0062,99889
radix_sort,1450,random,1,0,7250,0.0027714999159798026,52256,0.5009,0.0062,99889
bubble_sort,1450,random,2,1048929,523114,0.15832069993484765,52256,0.502,0.0069,99762
selection_sort,1450,random,2,1050525,1443,0.07781410007737577,52256,0.502,0.0069,99762
insertion_sort,1450,random,2,524558,523114,0.08327160007320344,52256,0.502,0.0069,99762
merge_sort,1450,random,2,13444,15352,0.005181899992749095,52256,0.502,0.0069,99762
quick_sort,1450,random,2,15942,9286,0.00398849998600781,52256,0.502,0.0069,99762
heap_sort,1450,random,2,26034,13945,0.006696600001305342,52256,0.502,0.0069,99762
radix_sort,1450,random,2,0,7250,0.0029192999936640263,52256,0.502,0.0069,99762
bubble_sort,1450,random,3,1050405,530202,0.16073070000857115,52256,0.4953,0.0097,99872
selection_sort,1450,random,3,1050525,1443,0.0828779999865219,52256,0.4953,0.0097,99872
insertion_sort,1450,random,3,531647,530202,0.0891142999753356,52256,0.4953,0.0097,99872
merge_sort,1450,random,3,13435,15352,0.005092700012028217,52256,0.4953,0.0097,99872
quick_sort,1450,random,3,16036,9082,0.003947500023059547,52256,0.4953,0.0097,99872
heap_sort,1450,random,3,26061,13967,0.00690440007019788,52256,0.4953,0.0097,99872
radix_sort,1450,random,3,0,7250,0.002739400020800531,52256,0.4953,0.0097,99872
bubble_sort,1450,random,4,1044530,515924,0.155248099938035,52256,0.5089,0.0062,99984
selection_sort,1450,random,4,1050525,1446,0.08241929998621345,52256,0.5089,0.0062,99984
insertion_sort,1450,random,4,517367,515924,0.08516799996141344,52256,0.5089,0.0062,99984
merge_sort,1450,random,4,13436,15352,0.005205400055274367,52256,0.5089,0.0062,99984
quick_sort,1450,random,4,17784,10362,0.004224500036798418,52256,0.5089,0.0062,99984
heap_sort,1450,random,4,26085,14000,0.006670000031590462,52256,0.5089,0.0062,99984
radix_sort,1450,random,4,0,7250,0.002697400050237775,52256,0.5089,0.0062,99984
bubble_sort,1450,random,5,1050504,530278,0.1612579000648111,52256,0.4952,0.0034,99959
selection_sort,1450,random,5,1050525,1442,0.08052680001128465,52256,0.4952,0.0034,99959
insertion_sort,1450,random,5,531723,530278,0.0904914999846369,52256,0.4952,0.0034,99959
merge_sort,1450,random,5,13452,15352,0.005111800041049719,52256,0.4952,0.0034,99959
quick_sort,1450,random,5,17096,8796,0.0041473000310361385,52256,0.4952,0.0034,99959
heap_sort,1450,random,5,26134,14014,0.006559200002811849,52256,0.4952,0.0034,99959
radix_sort,1450,random,5,0,7250,0.002637699944898486,52256,0.4952,0.0034,99959
bubble_sort,1460,random,1,1057810,533555,0.16682140005286783,52616,0.499,0.0062,99858
selection_sort,1460,random,1,1065070,1451,0.09198979998473078,52616,0.499,0.0062,99858
insertion_sort,1460,random,1,535008,533555,0.08660189993679523,52616,0.499,0.0062,99858
merge_sort,1460,random,1,13505,15472,0.005307000013999641,52616,0.499,0.0062,99858
quick_sort,1460,random,1,16913,10040,0.004132400033995509,52616,0.499,0.0062,99858
heap_sort,1460,random,1,26288,14108,0.006635199999436736,52616,0.499,0.0062,99858
radix_sort,1460,random,1,0,7300,0.002657200093381107,52616,0.499,0.0062,99858
bubble_sort,1460,random,2,1062442,553323,0.16825590003281832,52616,0.4805,0.0075,99943
selection_sort,1460,random,2,1065070,1451,0.08180990000255406,52616,0.4805,0.0075,99943
insertion_sort,1460,random,2,554775,553323,0.09426859999075532,52616,0.4805,0.0075,99943
merge_sort,1460,random,2,13557,15472,0.005189600051380694,52616,0.4805,0.0075,99943
quick_sort,1460,random,2,18941,10759,0.004469700041227043,52616,0.4805,0.0075,99943
heap_sort,1460,random,2,26271,14056,0.00664220005273819,52616,0.4805,0.0075,99943
radix_sort,1460,random,2,0,7300,0.0027694000164046884,52616,0.4805,0.0075,99943
bubble_sort,1460,random,3,1063585,525648,0.17096889996901155,52616,0.5065,0.0055,99976
selection_sort,1460,random,3,1065070,1450,0.0868876000167802,52616,0.5065,0.0055,99976
insertion_sort,1460,random,3,527103,525648,0.08437300007790327,52616,0.5065,0.0055,99976
merge_sort,1460,random,3,13538,15472,0.005591399967670441,52616,0.5065,0.0055,99976
quick_sort,1460,random,3,16828,9949,0.004269599914550781,52616,0.5065,0.0055,99976
heap_sort,1460,random,3,26284,14132,0.006781799951568246,52616,0.5065,0.0055,99976
radix_sort,1460,random,3,0,7300,0.002731699962168932,52616,0.5065,0.0055,99976
bubble_sort,1460,random,4,1064035,525924,0.16352149995509535,52616,0.5062,0.0103,99772
selection_sort,1460,random,4,1065070,1451,0.08224470005370677,52616,0.5062,0.0103,99772
insertion_sort,1460,random,4,527377,525924,0.08397379994858056,52616,0.5062,0.0103,99772
merge_sort,1460,random,4,13488,15472,0.005210499977692962,52616,0.5062,0.0103,99772
quick_sort,1460,random,4,16407,8934,0.003909999970346689,52616,0.5062,0.0103,99772
heap_sort,1460,random,4,26282,14090,0.006870700046420097,52616,0.5062,0.0103,99772
radix_sort,1460,random,4,0,7300,0.002712799934670329,52616,0.5062,0.0103,99772
bubble_sort,1460,random,5,1064542,521856,0.16143390000797808,52616,0.51,0.0075,99909
selection_sort,1460,random,5,1065070,1451,0.08009479998145252,52616,0.51,0.0075,99909
insertion_sort,1460,random,5,523306,521856,0.08703250007238239,52616,0.51,0.0075,99909
merge_sort,1460,random,5,13577,15472,0.005147199961356819,52616,0.51,0.0075,99909
quick_sort,1460,random,5,17290,8917,0.004047100082971156,52616,0.51,0.0075,99909
heap_sort,1460,random,5,26252,14076,0.006729900022037327,52616,0.51,0.0075,99909
radix_sort,1460,random,5,0,7300,0.0026852000737562776,52616,0.51,0.0075,99909
bubble_sort,1470,random,1,1078812,540831,0.16732789995148778,52976,0.4991,0.0082,99983
selection_sort,1470,random,1,1079715,1460,0.08232760010287166,52976,0.4991,0.0082,99983
insertion_sort,1470,random,1,542293,540831,0.08868180005811155,52976,0.4991,0.0082,99983
merge_sort,1470,random,1,13646,15592,0.005604300065897405,52976,0.4991,0.0082,99983
quick_sort,1470,random,1,16823,10405,0.004322600085288286,52976,0.4991,0.0082,99983
heap_sort,1470,random,1,26473,14228,0.006845000083558261,52976,0.4991,0.0082,99983
radix_sort,1470,random,1,0,7350,0.002876900020055473,52976,0.4991,0.0082,99983
bubble_sort,1470,random,2,1075344,551252,0.16651719994843006,52976,0.4894,0.0068,99969
selection_sort,1470,random,2,1079715,1465,0.07927489990834147,52976,0.4894,0.0068,99969
insertion_sort,1470,random,2,552712,551252,0.09240530000533909,52976,0.4894,0.0068,99969
merge_sort,1470,random,2,13614,15592,0.005269699962809682,52976,0.4894,0.0068,99969
quick_sort,1470,random,2,16130,9168,0.004421700024977326,52976,0.4894,0.0068,99969
heap_sort,1470,random,2,26468,14153,0.006752799963578582,52976,0.4894,0.0068,99969
radix_sort,1470,random,2,0,7350,0.0027034999802708626,52976,0.4894,0.0068,99969
bubble_sort,1470,random,3,1079120,541286,0.16479800001252443,52976,0.4987,0.0075,99852
selection_sort,1470,random,3,1079715,1464,0.07968439999967813,52976,0.4987,0.0075,99852
insertion_sort,1470,random,3,542751,541286,0.08543330000247806,52976,0.4987,0.0075,99852
merge_sort,1470,random,3,13689,15592,0.005553300026804209,52976,0.4987,0.0075,99852
quick_sort,1470,random,3,19401,10928,0.004623800050467253,52976,0.4987,0.0075,99852
heap_sort,1470,random,3,26490,14203,0.006665900000371039,52976,0.4987,0.0075,99852
radix_sort,1470,random,3,0,7350,0.0029320999747142196,52976,0.4987,0.0075,99852
bubble_sort,1470,random,4,1079364,517900,0.16368810005951673,52976,0.5203,0.0102,99799
selection_sort,1470,random,4,1079715,1457,0.08461710007395595,52976,0.5203,0.0102,99799
insertion_sort,1470,random,4,519362,517900,0.09079109993763268,52976,0.5203,0.0102,99799
merge_sort,1470,random,4,13695,15592,0.005737900035455823,52976,0.5203,0.0102,99799
quick_sort,1470,random,4,17167,9739,0.004280900000594556,52976,0.5203,0.0102,99799
heap_sort,1470,random,4,26466,14175,0.006711800000630319,52976,0.5203,0.0102,99799
radix_sort,1470,random,4,0,7350,0.002740300027653575,52976,0.5203,0.0102,99799
bubble_sort,1470,random,5,1078119,544122,0.1653055000351742,52976,0.4961,0.0102,99914
selection_sort,1470,random,5,1079715,1460,0.08458380005322397,52976,0.4961,0.0102,99914
insertion_sort,1470,random,5,545581,544122,0.08664499991573393,52976,0.4961,0.0102,99914
merge_sort,1470,random,5,13631,15592,0.0053903000662103295,52976,0.4961,0.0102,99914
quick_sort,1470,random,5,17407,9102,0.00406979990657419,52976,0.4961,0.0102,99914
heap_sort,1470,random,5,26456,14172,0.006914000026881695,52976,0.4961,0.0102,99914
radix_sort,1470,random,5,0,7350,0.0027013999642804265,52976,0.4961,0.0102,99914
bubble_sort,1480,random,1,1093995,556100,0.16921990003902465,53336,0.4919,0.0054,99945
selection_sort,1480,random,1,1094460,1473,0.08049890003167093,53336,0.4919,0.0054,99945
insertion_sort,1480,random,1,557572,556100,0.08788320003077388,53336,0.4919,0.0054,99945
merge_sort,1480,random,1,13745,15712,0.005376300076022744,53336,0.4919,0.0054,99945
quick_sort,1480,random,1,18715,9774,0.004267200012691319,53336,0.4919,0.0054,99945
heap_sort,1480,random,1,26697,14297,0.007499199942685664,53336,0.4919,0.0054,99945
radix_sort,1480,random,1,0,7400,0.0027365999994799495,53336,0.4919,0.0054,99945
bubble_sort,1480,random,2,1092045,564381,0.17005379998590797,53336,0.4843,0.0068,99720
selection_sort,1480,random,2,1094460,1476,0.08136300009209663,53336,0.4843,0.0068,99720
insertion_sort,1480,random,2,565855,564381,0.08909489994402975,53336,0.4843,0.0068,99720
merge_sort,1480,random,2,13735,15712,0.005350699997507036,53336,0.4843,0.0068,99720
quick_sort,1480,random,2,16861,9807,0.004225400043651462,53336,0.4843,0.0068,99720
heap_sort,1480,random,2,26659,14280,0.006897100014612079,53336,0.4843,0.0068,99720
radix_sort,1480,random,2,0,7400,0.0027616999577730894,53336,0.4843,0.0068,99720
bubble_sort,1480,random,3,1094394,548420,0.16688209993299097,53336,0.4989,0.0095,99880
selection_sort,1480,random,3,1094460,1475,0.08379020006395876,53336,0.4989,0.0095,99880
insertion_sort,1480,random,3,549894,548420,0.09138600004371256,53336,0.4989,0.0095,99880
merge_sort,1480,random,3,13744,15712,0.005462799919769168,53336,0.4989,0.0095,99880
quick_sort,1480,random,3,16984,9302,0.0042267999378964305,53336,0.4989,0.0095,99880
heap_sort,1480,random,3,26644,14293,0.007204599911347032,53336,0.4989,0.0095,99880
radix_sort,1480,random,3,0,7400,0.0027906999457627535,53336,0.4989,0.0095,99880
bubble_sort,1480,random,4,1093557,548229,0.1651573000708595,53336,0.4991,0.0081,99946
selection_sort,1480,random,4,1094460,1475,0.0813589000608772,53336,0.4991,0.0081,99946
insertion_sort,1480,random,4,549701,548229,0.09109430003445596,53336,0.4991,0.0081,99946
merge_sort,1480,random,4,13755,15712,0.005354999913834035,53336,0.4991,0.0081,99946
quick_sort,1480,random,4,17386,9604,0.004273599945008755,53336,0.4991,0.0081,99946
heap_sort,1480,random,4,26612,14288,0.006791300023905933,53336,0.4991,0.0081,99946
radix_sort,1480,random,4,0,7400,0.0028004999039694667,53336,0.4991,0.0081,99946
bubble_sort,1480,random,5,1093932,557089,0.1673535000300035,53336,0.491,0.0061,99943
selection_sort,1480,random,5,1094460,1474,0.08091500005684793,53336,0.491,0.0061,99943
insertion_sort,1480,random,5,558556,557089,0.09167009999509901,53336,0.491,0.0061,99943
merge_sort,1480,random,5,13823,15712,0.00537059991620481,53336,0.491,0.0061,99943
quick_sort,1480,random,5,17497,9419,0.004310399992391467,53336,0.491,0.0061,99943
heap_sort,1480,random,5,26688,14305,0.0067483000457286835,53336,0.491,0.0061,99943
radix_sort,1480,random,5,0,7400,0.002727199927903712,53336,0.491,0.0061,99943
bubble_sort,1490,random,1,1107414,559874,0.1695426000514999,53696,0.4953,0.0107,99549
selection_sort,1490,random,1,1109305,1483,0.08630309998989105,53696,0.4953,0.0107,99549
insertion_sort,1490,random,1,561358,559874,0.09418169991113245,53696,0.4953,0.0107,99549
merge_sort,1490,random,1,13842,15832,0.0052755000069737434,53696,0.4953,0.0107,99549
quick_sort,1490,random,1,17543,8939,0.004204400000162423,53696,0.4953,0.0107,99549
heap_sort,1490,random,1,26914,14435,0.00686999992467463,53696,0.4953,0.0107,99549
radix_sort,1490,random,1,0,7450,0.002834599930793047,53696,0.4953,0.0107,99549
bubble_sort,1490,random,2,1108270,562753,0.17242249997798353,53696,0.4927,0.0074,99852
selection_sort,1490,random,2,1109305,1482,0.08502550004050136,53696,0.4927,0.0074,99852
insertion_sort,1490,random,2,564236,562753,0.09305949998088181,53696,0.4927,0.0074,99852
merge_sort,1490,random,2,13840,15832,0.005371400038711727,53696,0.4927,0.0074,99852
quick_sort,1490,random,2,19491,12488,0.004956600023433566,53696,0.4927,0.0074,99852
heap_sort,1490,random,2,26893,14425,0.006984499981626868,53696,0.4927,0.0074,99852
radix_sort,1490,random,2,0,7450,0.002787899924442172,53696,0.4927,0.0074,99852
bubble_sort,1490,random,3,1107709,563537,0.17137080000247806,53696,0.492,0.0074,99739
selection_sort,1490,random,3,1109305,1477,0.08580240001901984,53696,0.492,0.0074,99739
insertion_sort,1490,random,3,565015,563537,0.08838299999479204,53696,0.492,0.0074,99739
merge_sort,1490,random,3,13845,15832,0.005482700071297586,53696,0.492,0.0074,99739
quick_sort,1490,random,3,17235,9928,0.0041850999696180224,53696,0.492,0.0074,99739
heap_sort,1490,random,3,26897,14441,0.00695770001038909,53696,0.492,0.0074,99739
radix_sort,1490,random,3,0,7450,0.002803599927574396,53696,0.492,0.0074,99739
bubble_sort,1490,random,4,1109052,556489,0.170738699962385,53696,0.4983,0.0081,99923
selection_sort,1490,random,4,1109305,1480,0.08209509996231645,53696,0.4983,0.0081,99923
insertion_sort,1490,random,4,557973,556489,0.09205879992805421,53696,0.4983,0.0081,99923
merge_sort,1490,random,4,13830,15832,0.005414400016888976,53696,0.4983,0.0081,99923
quick_sort,1490,random,4,17767,9665,0.004411600064486265,53696,0.4983,0.0081,99923
heap_sort,1490,random,4,26937,14436,0.006870800047181547,53696,0.4983,0.0081,99923
radix_sort,1490,random,4,0,7450,0.002863100031390786,53696,0.4983,0.0081,99923
bubble_sort,1490,random,5,1108927,550788,0.17065890005324036,53696,0.5035,0.0074,99870
selection_sort,1490,random,5,1109305,1481,0.0825808000518009,53696,0.5035,0.0074,99870
insertion_sort,1490,random,5,552270,550788,0.08823590003885329,53696,0.5035,0.0074,99870
merge_sort,1490,random,5,13869,15832,0.005419000051915646,53696,0.5035,0.0074,99870
quick_sort,1490,random,5,16895,9523,0.00408029998652637,53696,0.5035,0.0074,99870
heap_sort,1490,random,5,26845,14382,0.006819100002758205,53696,0.5035,0.0074,99870
radix_sort,1490,random,5,0,7450,0.002999100019223988,53696,0.5035,0.0074,99870
bubble_sort,1500,random,1,1120334,554028,0.17052109993528575,54056,0.5072,0.002,99933
selection_sort,1500,random,1,1124250,1494,0.08296470006462187,54056,0.5072,0.002,99933
insertion_sort,1500,random,1,555521,554028,0.0875452000182122,54056,0.5072,0.002,99933
merge_sort,1500,random,1,13986,15952,0.005426199990324676,54056,0.5072,0.002,99933
quick_sort,1500,random,1,16971,9641,0.0041761999018490314,54056,0.5072,0.002,99933
heap_sort,1500,random,1,27128,14551,0.007007099920883775,54056,0.5072,0.002,99933
radix_sort,1500,random,1,0,7500,0.0028689999599009752,54056,0.5072,0.002,99933
bubble_sort,1500,random,2,1123509,543512,0.17022669990547,54056,0.5166,0.0107,99860
selection_sort,1500,random,2,1124250,1492,0.09074629994574934,54056,0.5166,0.0107,99860
insertion_sort,1500,random,2,545002,543512,0.09058550000190735,54056,0.5166,0.0107,99860
merge_sort,1500,random,2,13950,15952,0.005380999995395541,54056,0.5166,0.0107,99860
quick_sort,1500,random,2,17019,9605,0.004436100018210709,54056,0.5166,0.0107,99860
heap_sort,1500,random,2,27140,14564,0.006887200055643916,54056,0.5166,0.0107,99860
radix_sort,1500,random,2,0,7500,0.0028023000340908766,54056,0.5166,0.0107,99860
bubble_sort,1500,random,3,1124114,547533,0.17024040000978857,54056,0.513,0.01,99726
selection_sort,1500,random,3,1124250,1491,0.08181430003605783,54056,0.513,0.01,99726
insertion_sort,1500,random,3,549024,547533,0.09390030009672046,54056,0.513,0.01,99726
merge_sort,1500,random,3,13971,15952,0.005625399993732572,54056,0.513,0.01,99726
quick_sort,1500,random,3,17166,9856,0.004384599975310266,54056,0.513,0.01,99726
heap_sort,1500,random,3,27111,14532,0.006759400013834238,54056,0.513,0.01,99726
radix_sort,1500,random,3,0,7500,0.0027947999769821763,54056,0.513,0.01,99726
bubble_sort,1500,random,4,1123025,564314,0.173391200019978,54056,0.4981,0.0067,99937
selection_sort,1500,random,4,1124250,1491,0.08967989997472614,54056,0.4981,0.0067,99937
insertion_sort,1500,random,4,565810,564314,0.09634769998956472,54056,0.4981,0.0067,99937
merge_sort,1500,random,4,13958,15952,0.005484199966304004,54056,0.4981,0.0067,99937
quick_sort,1500,random,4,18385,10428,0.004551899968646467,54056,0.4981,0.0067,99937
heap_sort,1500,random,4,27096,14506,0.006948499940335751,54056,0.4981,0.0067,99937
radix_sort,1500,random,4,0,7500,0.0027098999125882983,54056,0.4981,0.0067,99937
bubble_sort,1500,random,5,1123655,563873,0.16891580005176365,54056,0.4984,0.0053,99848
selection_sort,1500,random,5,1124250,1492,0.08343870006501675,54056,0.4984,0.0053,99848
insertion_sort,1500,random,5,565364,563873,0.09680739999748766,54056,0.4984,0.0053,99848
merge_sort,1500,random,5,13961,15952,0.005548999994061887,54056,0.4984,0.0053,99848
quick_sort,1500,random,5,17850,8462,0.00426549999974668,54056,0.4984,0.0053,99848
heap_sort,1500,random,5,27078,14515,0.00780680007301271,54056,0.4984,0.0053,99848
radix_sort,1500,random,5,0,7500,0.003378199995495379,54056,0.4984,0.0053,99848
bubble_sort,1510,random,1,1138830,566682,0.1934614999918267,54416,0.5026,0.004,99894
selection_sort,1510,random,1,1139295,1507,0.08746820001397282,54416,0.5026,0.004,99894
insertion_sort,1510,random,1,568184,566682,0.09388379997108132,54416,0.5026,0.004,99894
merge_sort,1510,random,1,14083,16072,0.005356500041671097,54416,0.5026,0.004,99894
quick_sort,1510,random,1,19258,9270,0.00443590001668781,54416,0.5026,0.004,99894
heap_sort,1510,random,1,27323,14629,0.007111400016583502,54416,0.5026,0.004,99894
radix_sort,1510,random,1,0,7550,0.0027112000389024615,54416,0.5026,0.004,99894
bubble_sort,1510,random,2,1138070,564038,0.17331019998528063,54416,0.5049,0.0086,99887
selection_sort,1510,random,2,1139295,1506,0.10455809999257326,54416,0.5049,0.0086,99887
insertion_sort,1510,random,2,565540,564038,0.09169170004315674,54416,0.5049,0.0086,99887
merge_sort,1510,random,2,14090,16072,0.005489700008183718,54416,0.5049,0.0086,99887
quick_sort,1510,random,2,19493,12087,0.00473819999024272,54416,0.5049,0.0086,99887
heap_sort,1510,random,2,27337,14692,0.01683269999921322,54416,0.5049,0.0086,99887
radix_sort,1510,random,2,0,7550,0.003140999935567379,54416,0.5049,0.0086,99887
bubble_sort,1510,random,3,1138070,567574,0.1740695999469608,54416,0.5018,0.0079,99739
selection_sort,1510,random,3,1139295,1501,0.08745450002606958,54416,0.5018,0.0079,99739
insertion_sort,1510,random,3,569074,567574,0.08849299990106374,54416,0.5018,0.0079,99739
merge_sort,1510,random,3,14089,16072,0.005378299974836409,54416,0.5018,0.0079,99739
quick_sort,1510,random,3,16552,8652,0.003912799991667271,54416,0.5018,0.0079,99739
heap_sort,1510,random,3,27343,14658,0.007334299967624247,54416,0.5018,0.0079,99739
radix_sort,1510,random,3,0,7550,0.0028222999535501003,54416,0.5018,0.0079,99739
bubble_sort,1510,random,4,1133079,561163,0.17071820003911853,54416,0.5074,0.006,99928
selection_sort,1510,random,4,1139295,1500,0.08763239998370409,54416,0.5074,0.006,99928
insertion_sort,1510,random,4,562660,561163,0.09235729998908937,54416,0.5074,0.006,99928
merge_sort,1510,random,4,14043,16072,0.005974999978207052,54416,0.5074,0.006,99928
quick_sort,1510,random,4,17528,10767,0.00432479998562485,54416,0.5074,0.006,99928
heap_sort,1510,random,4,27313,14675,0.006952899973839521,54416,0.5074,0.006,99928
radix_sort,1510,random,4,0,7550,0.002836100058630109,54416,0.5074,0.006,99928
bubble_sort,1510,random,5,1138020,581441,0.1770505999447778,54416,0.4896,0.0093,99876
selection_sort,1510,random,5,1139295,1502,0.08389380003791302,54416,0.4896,0.0093,99876
insertion_sort,1510,random,5,582943,581441,0.10087019996717572,54416,0.4896,0.0093,99876
merge_sort,1510,random,5,14039,16072,0.0056464000372216105,54416,0.4896,0.0093,99876
quick_sort,1510,random,5,17257,10776,0.00439610006287694,54416,0.4896,0.0093,99876
heap_sort,1510,random,5,27340,14622,0.007013299968093634,54416,0.4896,0.0093,99876
radix_sort,1510,random,5,0,7550,0.002806600066833198,54416,0.4896,0.0093,99876
bubble_sort,1520,random,1,1154362,563765,0.1784910000860691,54776,0.5117,0.0092,99823
selection_sort,1520,random,1,1154440,1511,0.09112250001635402,54776,0.5117,0.0092,99823
insertion_sort,1520,random,1,565277,563765,0.09058200009167194,54776,0.5117,0.0092,99823
merge_sort,1520,random,1,14116,16192,0.005445999908261001,54776,0.5117,0.0092,99823
quick_sort,1520,random,1,19242,10441,0.004692699993029237,54776,0.5117,0.0092,99823
heap_sort,1520,random,1,27563,14754,0.007021600031293929,54776,0.5117,0.0092,99823
radix_sort,1520,random,1,0,7600,0.002819499932229519,54776,0.5117,0.0092,99823
bubble_sort,1520,random,2,1154089,581315,0.17800709989387542,54776,0.4965,0.0105,99909
selection_sort,1520,random,2,1154440,1511,0.09333399997558445,54776,0.4965,0.0105,99909
insertion_sort,1520,random,2,582824,581315,0.09261960000731051,54776,0.4965,0.0105,99909
merge_sort,1520,random,2,14164,16192,0.005803499952889979,54776,0.4965,0.0105,99909
quick_sort,1520,random,2,17940,9539,0.004211699939332902,54776,0.4965,0.0105,99909
heap_sort,1520,random,2,27544,14751,0.007136100088246167,54776,0.4965,0.0105,99909
radix_sort,1520,random,2,0,7600,0.0029953999910503626,54776,0.4965,0.0105,99909
bubble_sort,1520,random,3,1152360,578910,0.17858589999377728,54776,0.4985,0.0092,99943
selection_sort,1520,random,3,1154440,1511,0.08937629999127239,54776,0.4985,0.0092,99943
insertion_sort,1520,random,3,580426,578910,0.09558130009099841,54776,0.4985,0.0092,99943
merge_sort,1520,random,3,14132,16192,0.00560050003696233,54776,0.4985,0.0092,99943
quick_sort,1520,random,3,17042,9638,0.004192300024442375,54776,0.4985,0.0092,99943
heap_sort,1520,random,3,27508,14706,0.006949200062081218,54776,0.4985,0.0092,99943
radix_sort,1520,random,3,0,7600,0.002787900040857494,54776,0.4985,0.0092,99943
bubble_sort,1520,random,4,1152162,588534,0.17733490001410246,54776,0.4902,0.0099,99973
selection_sort,1520,random,4,1154440,1509,0.08544689998961985,54776,0.4902,0.0099,99973
insertion_sort,1520,random,4,590043,588534,0.10561820003204048,54776,0.4902,0.0099,99973
merge_sort,1520,random,4,14163,16192,0.005357899935916066,54776,0.4902,0.0099,99973
quick_sort,1520,random,4,16793,9296,0.004010099917650223,54776,0.4902,0.0099,99973
heap_sort,1520,random,4,27591,14757,0.007075899979099631,54776,0.4902,0.0099,99973
radix_sort,1520,random,4,0,7600,0.0029184999875724316,54776,0.4902,0.0099,99973
bubble_sort,1520,random,5,1148112,566576,0.18003439996391535,54776,0.5092,0.002,99800
selection_sort,1520,random,5,1154440,1509,0.09162339998874813,54776,0.5092,0.002,99800
insertion_sort,1520,random,5,568091,566576,0.09646670008078218,54776,0.5092,0.002,99800
merge_sort,1520,random,5,14210,16192,0.005384700023569167,54776,0.5092,0.002,99800
quick_sort,1520,random,5,17802,8549,0.004195900051854551,54776,0.5092,0.002,99800
heap_sort,1520,random,5,27589,14819,0.006992599926888943,54776,0.5092,0.002,99800
radix_sort,1520,random,5,0,7600,0.002777599962428212,54776,0.5092,0.002,99800
bubble_sort,1530,random,1,1166282,590708,0.18322130001615733,55136,0.495,0.0065,99948
selection_sort,1530,random,1,1169685,1521,0.10159640002530068,55136,0.495,0.0065,99948
insertion_sort,1530,random,1,592231,590708,0.09990099992137402,55136,0.495,0.0065,99948
merge_sort,1530,random,1,14244,16312,0.007037100032903254,55136,0.495,0.0065,99948
quick_sort,1530,random,1,18017,11330,0.004772400017827749,55136,0.495,0.0065,99948
heap_sort,1530,random,1,27790,14899,0.008108999929390848,55136,0.495,0.0065,99948
radix_sort,1530,random,1,0,7650,0.0031440999591723084,55136,0.495,0.0065,99948
bubble_sort,1530,random,2,1169157,596967,0.18905639997683465,55136,0.4896,0.0111,99958
selection_sort,1530,random,2,1169685,1522,0.10132450005039573,55136,0.4896,0.0111,99958
insertion_sort,1530,random,2,598487,596967,0.09896830003708601,55136,0.4896,0.0111,99958
merge_sort,1530,random,2,14266,16312,0.005649400060065091,55136,0.4896,0.0111,99958
quick_sort,1530,random,2,18097,10062,0.0044574999483302236,55136,0.4896,0.0111,99958
heap_sort,1530,random,2,27715,14846,0.007145700044929981,55136,0.4896,0.0111,99958
radix_sort,1530,random,2,0,7650,0.0028128999983891845,55136,0.4896,0.0111,99958
bubble_sort,1530,random,3,1168905,585514,0.23777510004583746,55136,0.4994,0.0078,99937
selection_sort,1530,random,3,1169685,1523,0.11518009996507317,55136,0.4994,0.0078,99937
insertion_sort,1530,random,3,587037,585514,0.11155620007775724,55136,0.4994,0.0078,99937
merge_sort,1530,random,3,14296,16312,0.007069099927321076,55136,0.4994,0.0078,99937
quick_sort,1530,random,3,16943,9711,0.004775800043717027,55136,0.4994,0.0078,99937
heap_sort,1530,random,3,27714,14811,0.009349200059659779,55136,0.4994,0.0078,99937
radix_sort,1530,random,3,0,7650,0.003288900014013052,55136,0.4994,0.0078,99937
bubble_sort,1530,random,4,1166835,593963,0.2035415000282228,55136,0.4922,0.0111,99977
selection_sort,1530,random,4,1169685,1526,0.09953450004104525,55136,0.4922,0.0111,99977
insertion_sort,1530,random,4,595485,593963,0.10551209992263466,55136,0.4922,0.0111,99977
merge_sort,1530,random,4,14309,16312,0.005987399956211448,55136,0.4922,0.0111,99977
quick_sort,1530,random,4,18033,10079,0.004731300054118037,55136,0.4922,0.0111,99977
heap_sort,1530,random,4,27745,14867,0.007504899986088276,55136,0.4922,0.0111,99977
radix_sort,1530,random,4,0,7650,0.003249000059440732,55136,0.4922,0.0111,99977
bubble_sort,1530,random,5,1168200,579973,0.1906643999973312,55136,0.5042,0.0078,99989
selection_sort,1530,random,5,1169685,1522,0.0968527999939397,55136,0.5042,0.0078,99989
insertion_sort,1530,random,5,581497,579973,0.10019379993900657,55136,0.5042,0.0078,99989
merge_sort,1530,random,5,14290,16312,0.00773549999576062,55136,0.5042,0.0078,99989
quick_sort,1530,random,5,17311,9269,0.0044883000664412975,55136,0.5042,0.0078,99989
heap_sort,1530,random,5,27725,14900,0.007502899970859289,55136,0.5042,0.0078,99989
radix_sort,1530,random,5,0,7650,0.002987600048072636,55136,0.5042,0.0078,99989
bubble_sort,1540,random,1,1184679,591934,0.19224600004963577,55496,0.5005,0.0091,99906
selection_sort,1540,random,1,1185030,1531,0.10462780005764216,55496,0.5005,0.0091,99906
insertion_sort,1540,random,1,593465,591934,0.09935349994339049,55496,0.5005,0.0091,99906
merge_sort,1540,random,1,14377,16432,0.005603100056760013,55496,0.5005,0.0091,99906
quick_sort,1540,random,1,18983,11682,0.004719800082966685,55496,0.5005,0.0091,99906
heap_sort,1540,random,1,27945,14996,0.007427999982610345,55496,0.5005,0.0091,99906
radix_sort,1540,random,1,0,7700,0.003131900099106133,55496,0.5005,0.0091,99906
bubble_sort,1540,random,2,1181114,588506,0.19323049997910857,55496,0.5034,0.0084,99880
selection_sort,1540,random,2,1185030,1538,0.1018747000489384,55496,0.5034,0.0084,99880
insertion_sort,1540,random,2,590038,588506,0.10627089999616146,55496,0.5034,0.0084,99880
merge_sort,1540,random,2,14376,16432,0.005604699952527881,55496,0.5034,0.0084,99880
quick_sort,1540,random,2,18651,11142,0.0045161000452935696,55496,0.5034,0.0084,99880
heap_sort,1540,random,2,27970,14978,0.007394799962639809,55496,0.5034,0.0084,99880
radix_sort,1540,random,2,0,7700,0.002936400007456541,55496,0.5034,0.0084,99880
bubble_sort,1540,random,3,1184754,593080,0.18451050005387515,55496,0.4995,0.0052,99946
selection_sort,1540,random,3,1185030,1534,0.09263189998455346,55496,0.4995,0.0052,99946
insertion_sort,1540,random,3,594616,593080,0.10223130008671433,55496,0.4995,0.0052,99946
merge_sort,1540,random,3,14366,16432,0.005504000000655651,55496,0.4995,0.0052,99946
quick_sort,1540,random,3,17217,10303,0.004254800034686923,55496,0.4995,0.0052,99946
heap_sort,1540,random,3,27984,15001,0.007102899951860309,55496,0.4995,0.0052,99946
radix_sort,1540,random,3,0,7700,0.002829600009135902,55496,0.4995,0.0052,99946
bubble_sort,1540,random,4,1183319,591583,0.18407910002861172,55496,0.5008,0.0058,99814
selection_sort,1540,random,4,1185030,1535,0.09741020004730672,55496,0.5008,0.0058,99814
insertion_sort,1540,random,4,593114,591583,0.10200049995910376,55496,0.5008,0.0058,99814
merge_sort,1540,random,4,14387,16432,0.00547600002028048,55496,0.5008,0.0058,99814
quick_sort,1540,random,4,18863,8787,0.004343600012362003,55496,0.5008,0.0058,99814
heap_sort,1540,random,4,27894,14973,0.007160500041209161,55496,0.5008,0.0058,99814
radix_sort,1540,random,4,0,7700,0.0028577999910339713,55496,0.5008,0.0058,99814
bubble_sort,1540,random,5,1183755,582769,0.18695140001364052,55496,0.5082,0.0084,99941
selection_sort,1540,random,5,1185030,1534,0.0943110000807792,55496,0.5082,0.0084,99941
insertion_sort,1540,random,5,584301,582769,0.10156530002132058,55496,0.5082,0.0084,99941
merge_sort,1540,random,5,14364,16432,0.005496300058439374,55496,0.5082,0.0084,99941
quick_sort,1540,random,5,18810,11127,0.004694300005212426,55496,0.5082,0.0084,99941
heap_sort,1540,random,5,27950,14994,0.007165699964389205,55496,0.5082,0.0084,99941
radix_sort,1540,random,5,0,7700,0.003228000015951693,55496,0.5082,0.0084,99941
bubble_sort,1550,random,1,1200040,596561,0.18854410003405064,55856,0.5031,0.0077,99913
selection_sort,1550,random,1,1200475,1542,0.09436149999964982,55856,0.5031,0.0077,99913
insertion_sort,1550,random,1,598102,596561,0.10058379999827594,55856,0.5031,0.0077,99913
merge_sort,1550,random,1,14524,16552,0.005564399994909763,55856,0.5031,0.0077,99913
quick_sort,1550,random,1,18724,9553,0.004598299972712994,55856,0.5031,0.0077,99913
heap_sort,1550,random,1,28213,15117,0.007235000026412308,55856,0.5031,0.0077,99913
radix_sort,1550,random,1,0,7750,0.0029123000567778945,55856,0.5031,0.0077,99913
bubble_sort,1550,random,2,1199880,594049,0.18733850005082786,55856,0.5052,0.011,99849
selection_sort,1550,random,2,1200475,1545,0.10003099997993559,55856,0.5052,0.011,99849
insertion_sort,1550,random,2,595593,594049,0.10265250003430992,55856,0.5052,0.011,99849
merge_sort,1550,random,2,14527,16552,0.005586500046774745,55856,0.5052,0.011,99849
quick_sort,1550,random,2,20021,12278,0.004892400000244379,55856,0.5052,0.011,99849
heap_sort,1550,random,2,28218,15119,0.007369400002062321,55856,0.5052,0.011,99849
radix_sort,1550,random,2,0,7750,0.00284920004196465,55856,0.5052,0.011,99849
bubble_sort,1550,random,3,1199394,588682,0.18656669999472797,55856,0.5096,0.011,99938
selection_sort,1550,random,3,1200475,1544,0.09514370001852512,55856,0.5096,0.011,99938
insertion_sort,1550,random,3,590226,588682,0.10097669996321201,55856,0.5096,0.011,99938
merge_sort,1550,random,3,14459,16552,0.00578280002810061,55856,0.5096,0.011,99938
quick_sort,1550,random,3,17269,10326,0.004239300033077598,55856,0.5096,0.011,99938
heap_sort,1550,random,3,28169,15092,0.007354500005021691,55856,0.5096,0.011,99938
radix_sort,1550,random,3,0,7750,0.0028386999620124698,55856,0.5096,0.011,99938
bubble_sort,1550,random,4,1200465,601322,0.18474589998368174,55856,0.4991,0.0039,99926
selection_sort,1550,random,4,1200475,1539,0.09385179996024817,55856,0.4991,0.0039,99926
insertion_sort,1550,random,4,602864,601322,0.10224210005253553,55856,0.4991,0.0039,99926
merge_sort,1550,random,4,14472,16552,0.005660500028170645,55856,0.4991,0.0039,99926
quick_sort,1550,random,4,19297,9093,0.004503200063481927,55856,0.4991,0.0039,99926
heap_sort,1550,random,4,28147,15092,0.0071053000865504146,55856,0.4991,0.0039,99926
radix_sort,1550,random,4,0,7750,0.002881999942474067,55856,0.4991,0.0039,99926
bubble_sort,1550,random,5,1200040,589273,0.1803686999483034,55856,0.5091,0.0084,99922
selection_sort,1550,random,5,1200475,1541,0.08896109997294843,55856,0.5091,0.0084,99922
insertion_sort,1550,random,5,590815,589273,0.094248800072819,55856,0.5091,0.0084,99922
merge_sort,1550,random,5,14471,16552,0.005486999987624586,55856,0.5091,0.0084,99922
quick_sort,1550,random,5,16805,9870,0.004300400032661855,55856,0.5091,0.0084,99922
heap_sort,1550,random,5,28162,15123,0.00735470000654459,55856,0.5091,0.0084,99922
radix_sort,1550,random,5,0,7750,0.0028490000404417515,55856,0.5091,0.0084,99922
bubble_sort,1560,random,1,1215810,610609,0.18744770006742328,56216,0.4979,0.0071,99799
selection_sort,1560,random,1,1216020,1554,0.09738080005627126,56216,0.4979,0.0071,99799
insertion_sort,1560,random,1,612162,610609,0.10181079991161823,56216,0.4979,0.0071,99799
merge_sort,1560,random,1,14637,16672,0.00569669995456934,56216,0.4979,0.0071,99799
quick_sort,1560,random,1,17799,9667,0.004533600062131882,56216,0.4979,0.0071,99799
heap_sort,1560,random,1,28383,15196,0.007584200007840991,56216,0.4979,0.0071,99799
radix_sort,1560,random,1,0,7800,0.0030065999599173665,56216,0.4979,0.0071,99799
bubble_sort,1560,random,2,1215720,609568,0.19349970004986972,56216,0.4987,0.009,99941
selection_sort,1560,random,2,1216020,1551,0.09138159989379346,56216,0.4987,0.009,99941
insertion_sort,1560,random,2,611122,609568,0.10570429998915642,56216,0.4987,0.009,99941
merge_sort,1560,random,2,14602,16672,0.005704699899069965,56216,0.4987,0.009,99941
quick_sort,1560,random,2,18825,10410,0.004675699979998171,56216,0.4987,0.009,99941
heap_sort,1560,random,2,28323,15158,0.007129400037229061,56216,0.4987,0.009,99941
radix_sort,1560,random,2,0,7800,0.002887899987399578,56216,0.4987,0.009,99941
bubble_sort,1560,random,3,1215810,631395,0.19462189998012036,56216,0.4808,0.0109,99945
selection_sort,1560,random,3,1216020,1552,0.10949650011025369,56216,0.4808,0.0109,99945
insertion_sort,1560,random,3,632948,631395,0.10518259997479618,56216,0.4808,0.0109,99945
merge_sort,1560,random,3,14543,16672,0.005895999958738685,56216,0.4808,0.0109,99945
quick_sort,1560,random,3,17983,10701,0.004686999949626625,56216,0.4808,0.0109,99945
heap_sort,1560,random,3,28366,15211,0.007206599926576018,56216,0.4808,0.0109,99945
radix_sort,1560,random,3,0,7800,0.002876600017771125,56216,0.4808,0.0109,99945
bubble_sort,1560,random,4,1214844,614782,0.18940799997653812,56216,0.4944,0.0045,99971
selection_sort,1560,random,4,1216020,1545,0.09086350002326071,56216,0.4944,0.0045,99971
insertion_sort,1560,random,4,616335,614782,0.10745909996330738,56216,0.4944,0.0045,99971
merge_sort,1560,random,4,14615,16672,0.00565830001141876,56216,0.4944,0.0045,99971
quick_sort,1560,random,4,17562,10210,0.004321299958974123,56216,0.4944,0.0045,99971
heap_sort,1560,random,4,28402,15252,0.007258699974045157,56216,0.4944,0.0045,99971
radix_sort,1560,random,4,0,7800,0.002913700067438185,56216,0.4944,0.0045,99971
bubble_sort,1560,random,5,1215555,620390,0.19152590003795922,56216,0.4898,0.0064,99947
selection_sort,1560,random,5,1216020,1551,0.09725759993307292,56216,0.4898,0.0064,99947
insertion_sort,1560,random,5,621940,620390,0.1063002001028508,56216,0.4898,0.0064,99947
merge_sort,1560,random,5,14597,16672,0.005708899931050837,56216,0.4898,0.0064,99947
quick_sort,1560,random,5,19657,9278,0.004519400070421398,56216,0.4898,0.0064,99947
heap_sort,1560,random,5,28380,15189,0.007665000041015446,56216,0.4898,0.0064,99947
radix_sort,1560,random,5,0,7800,0.0029690000228583813,56216,0.4898,0.0064,99947
bubble_sort,1570,random,1,1229954,609132,0.18539090000558645,56576,0.5054,0.0057,99836
selection_sort,1570,random,1,1231665,1561,0.09495619998779148,56576,0.5054,0.0057,99836
insertion_sort,1570,random,1,610697,609132,0.10627560003194958,56576,0.5054,0.0057,99836
merge_sort,1570,random,1,14720,16792,0.00567009998485446,56576,0.5054,0.0057,99836
quick_sort,1570,random,1,18125,10361,0.004437599913217127,56576,0.5054,0.0057,99836
heap_sort,1570,random,1,28575,15323,0.00750429998151958,56576,0.5054,0.0057,99836
radix_sort,1570,random,1,0,7850,0.0028825999470427632,56576,0.5054,0.0057,99836
bubble_sort,1570,random,2,1230675,619083,0.18773829995188862,56576,0.4974,0.0102,99832
selection_sort,1570,random,2,1231665,1562,0.09657079994212836,56576,0.4974,0.0102,99832
insertion_sort,1570,random,2,620647,619083,0.09849580004811287,56576,0.4974,0.0102,99832
merge_sort,1570,random,2,14700,16792,0.0055899000726640224,56576,0.4974,0.0102,99832
quick_sort,1570,random,2,18726,10360,0.00463149999268353,56576,0.4974,0.0102,99832
heap_sort,1570,random,2,28595,15312,0.007204900030046701,56576,0.4974,0.0102,99832
radix_sort,1570,random,2,0,7850,0.0028973999433219433,56576,0.4974,0.0102,99832
bubble_sort,1570,random,3,1228584,600104,0.19340750004630536,56576,0.5128,0.0083,99887
selection_sort,1570,random,3,1231665,1561,0.0979586000321433,56576,0.5128,0.0083,99887
insertion_sort,1570,random,3,601662,600104,0.10320389992557466,56576,0.5128,0.0083,99887
merge_sort,1570,random,3,14735,16792,0.005697599961422384,56576,0.5128,0.0083,99887
quick_sort,1570,random,3,17963,10802,0.00444479996804148,56576,0.5128,0.0083,99887
heap_sort,1570,random,3,28552,15296,0.007351099979132414,56576,0.5128,0.0083,99887
radix_sort,1570,random,3,0,7850,0.002951800008304417,56576,0.5128,0.0083,99887
bubble_sort,1570,random,4,1230339,599790,0.18676159996539354,56576,0.513,0.0146,99957
selection_sort,1570,random,4,1231665,1563,0.09563870006240904,56576,0.513,0.0146,99957
insertion_sort,1570,random,4,601353,599790,0.09524270007386804,56576,0.513,0.0146,99957
merge_sort,1570,random,4,14742,16792,0.005847899941727519,56576,0.513,0.0146,99957
quick_sort,1570,random,4,18645,11298,0.004898499930277467,56576,0.513,0.0146,99957
heap_sort,1570,random,4,28613,15322,0.0072524999268352985,56576,0.513,0.0146,99957
radix_sort,1570,random,4,0,7850,0.002908499911427498,56576,0.513,0.0146,99957
bubble_sort,1570,random,5,1230287,619743,0.1888810999225825,56576,0.4968,0.0064,99966
selection_sort,1570,random,5,1231665,1561,0.09504779998678714,56576,0.4968,0.0064,99966
insertion_sort,1570,random,5,621303,619743,0.10212689999025315,56576,0.4968,0.0064,99966
merge_sort,1570,random,5,14701,16792,0.005744899972341955,56576,0.4968,0.0064,99966
quick_sort,1570,random,5,19057,11351,0.0046172000002115965,56576,0.4968,0.0064,99966
heap_sort,1570,random,5,28579,15325,0.007647499907761812,56576,0.4968,0.0064,99966
radix_sort,1570,random,5,0,7850,0.0029042999958619475,56576,0.4968,0.0064,99966
bubble_sort,1580,random,1,1247059,603502,0.19092910003382713,56936,0.5162,0.0057,99933
selection_sort,1580,random,1,1247410,1572,0.09248069999739528,56936,0.5162,0.0057,99933
insertion_sort,1580,random,1,605070,603502,0.10118110000621527,56936,0.5162,0.0057,99933
merge_sort,1580,random,1,14836,16912,0.005915100104175508,56936,0.5162,0.0057,99933
quick_sort,1580,random,1,18717,11070,0.004593500052578747,56936,0.5162,0.0057,99933
heap_sort,1580,random,1,28869,15488,0.007483200053684413,56936,0.5162,0.0057,99933
radix_sort,1580,random,1,0,7900,0.00291569996625185,56936,0.5162,0.0057,99933
bubble_sort,1580,random,2,1246780,627179,0.19830809999257326,56936,0.4972,0.007,99916
selection_sort,1580,random,2,1247410,1570,0.100757300038822,56936,0.4972,0.007,99916
insertion_sort,1580,random,2,628750,627179,0.10216860007494688,56936,0.4972,0.007,99916
merge_sort,1580,random,2,14827,16912,0.005782500025816262,56936,0.4972,0.007,99916
quick_sort,1580,random,2,19025,11303,0.004574300022795796,56936,0.4972,0.007,99916
heap_sort,1580,random,2,28775,15434,0.007648700033314526,56936,0.4972,0.007,99916
radix_sort,1580,random,2,0,7900,0.003056699992157519,56936,0.4972,0.007,99916
bubble_sort,1580,random,3,1247389,622680,0.19354110001586378,56936,0.5008,0.007,99980
selection_sort,1580,random,3,1247410,1573,0.09639960003551096,56936,0.5008,0.007,99980
insertion_sort,1580,random,3,624253,622680,0.1058123999973759,56936,0.5008,0.007,99980
merge_sort,1580,random,3,14805,16912,0.005836000083945692,56936,0.5008,0.007,99980
quick_sort,1580,random,3,20631,11077,0.005194599973037839,56936,0.5008,0.007,99980
heap_sort,1580,random,3,28875,15454,0.007305999984964728,56936,0.5008,0.007,99980
radix_sort,1580,random,3,0,7900,0.0030493000522255898,56936,0.5008,0.007,99980
bubble_sort,1580,random,4,1247157,607396,0.1875428999774158,56936,0.5131,0.0089,99893
selection_sort,1580,random,4,1247410,1571,0.0929137000348419,56936,0.5131,0.0089,99893
insertion_sort,1580,random,4,608972,607396,0.10130770003888756,56936,0.5131,0.0089,99893
merge_sort,1580,random,4,14845,16912,0.005709300050511956,56936,0.5131,0.0089,99893
quick_sort,1580,random,4,18088,9906,0.004337799968197942,56936,0.5131,0.0089,99893
heap_sort,1580,random,4,28780,15443,0.007475899998098612,56936,0.5131,0.0089,99893
radix_sort,1580,random,4,0,7900,0.002961000078357756,56936,0.5131,0.0089,99893
bubble_sort,1580,random,5,1244089,641207,0.1948211999842897,56936,0.486,0.007,99900
selection_sort,1580,random,5,1247410,1573,0.09884709992911667,56936,0.486,0.007,99900
insertion_sort,1580,random,5,642777,641207,0.11020830005872995,56936,0.486,0.007,99900
merge_sort,1580,random,5,14795,16912,0.005837000091560185,56936,0.486,0.007,99900
quick_sort,1580,random,5,21015,9822,0.004778999951668084,56936,0.486,0.007,99900
heap_sort,1580,random,5,28802,15434,0.007532100076787174,56936,0.486,0.007,99900
radix_sort,1580,random,5,0,7900,0.002963599981740117,56936,0.486,0.007,99900
bubble_sort,1590,random,1,1260699,644374,0.19999629992526025,57296,0.4899,0.0088,99895
selection_sort,1590,random,1,1263255,1585,0.10205569991376251,57296,0.4899,0.0088,99895
insertion_sort,1590,random,1,645958,644374,0.1131547000259161,57296,0.4899,0.0088,99895
merge_sort,1590,random,1,14929,17032,0.005735000013373792,57296,0.4899,0.0088,99895
quick_sort,1590,random,1,18946,10133,0.004514100030064583,57296,0.4899,0.0088,99895
heap_sort,1590,random,1,28939,15451,0.007377300062216818,57296,0.4899,0.0088,99895
radix_sort,1590,random,1,0,7950,0.002909399918280542,57296,0.4899,0.0088,99895
bubble_sort,1590,random,2,1260770,641494,0.1974292000522837,57296,0.4922,0.0063,99943
selection_sort,1590,random,2,1263255,1583,0.09874839999247342,57296,0.4922,0.0063,99943
insertion_sort,1590,random,2,643070,641494,0.10500470001716167,57296,0.4922,0.0063,99943
merge_sort,1590,random,2,14945,17032,0.005889700027182698,57296,0.4922,0.0063,99943
quick_sort,1590,random,2,19043,10931,0.004562599933706224,57296,0.4922,0.0063,99943
heap_sort,1590,random,2,28912,15500,0.007562699960544705,57296,0.4922,0.0063,99943
radix_sort,1590,random,2,0,7950,0.003639600006863475,57296,0.4922,0.0063,99943
bubble_sort,1590,random,3,1262877,632292,0.19255590008106083,57296,0.4995,0.0069,99901
selection_sort,1590,random,3,1263255,1583,0.10389479994773865,57296,0.4995,0.0069,99901
insertion_sort,1590,random,3,633874,632292,0.10898240003734827,57296,0.4995,0.0069,99901
merge_sort,1590,random,3,14931,17032,0.006582600064575672,57296,0.4995,0.0069,99901
quick_sort,1590,random,3,18776,9551,0.00441809999756515,57296,0.4995,0.0069,99901
heap_sort,1590,random,3,29029,15568,0.007623599958606064,57296,0.4995,0.0069,99901
radix_sort,1590,random,3,0,7950,0.002949099987745285,57296,0.4995,0.0069,99901
bubble_sort,1590,random,4,1261425,631601,0.193753800005652,57296,0.5,0.0075,99961
selection_sort,1590,random,4,1263255,1582,0.09474129998125136,57296,0.5,0.0075,99961
insertion_sort,1590,random,4,633180,631601,0.10741499997675419,57296,0.5,0.0075,99961
merge_sort,1590,random,4,14951,17032,0.005845300038345158,57296,0.5,0.0075,99961
quick_sort,1590,random,4,20896,11527,0.004890499985776842,57296,0.5,0.0075,99961
heap_sort,1590,random,4,29020,15549,0.007447699899785221,57296,0.5,0.0075,99961
radix_sort,1590,random,4,0,7950,0.0029519000090658665,57296,0.5,0.0075,99961
bubble_sort,1590,random,5,1261544,609775,0.19772789999842644,57296,0.5173,0.0094,99926
selection_sort,1590,random,5,1263255,1579,0.09768220002297312,57296,0.5173,0.0094,99926
insertion_sort,1590,random,5,611360,609775,0.10092550003901124,57296,0.5173,0.0094,99926
merge_sort,1590,random,5,14938,17032,0.005680899950675666,57296,0.5173,0.0094,99926
quick_sort,1590,random,5,17758,10841,0.004411199945025146,57296,0.5173,0.0094,99926
heap_sort,1590,random,5,29026,15546,0.0072870999574661255,57296,0.5173,0.0094,99926
radix_sort,1590,random,5,0,7950,0.0029506999999284744,57296,0.5173,0.0094,99926
bubble_sort,1600,random,1,1278297,641439,0.1963095999090001,57656,0.4986,0.0075,99912
selection_sort,1600,random,1,1279200,1591,0.12059559999033809,57656,0.4986,0.0075,99912
insertion_sort,1600,random,1,643029,641439,0.11574959999416023,57656,0.4986,0.0075,99912
merge_sort,1600,random,1,15052,17152,0.006090500042773783,57656,0.4986,0.0075,99912
quick_sort,1600,random,1,19904,12715,0.005151399993337691,57656,0.4986,0.0075,99912
heap_sort,1600,random,1,29271,15706,0.009389400016516447,57656,0.4986,0.0075,99912
radix_sort,1600,random,1,0,8000,0.003860900062136352,57656,0.4986,0.0075,99912
bubble_sort,1600,random,2,1279064,641811,0.20839629997499287,57656,0.4983,0.0075,99888
selection_sort,1600,random,2,1279200,1585,0.11197379999794066,57656,0.4983,0.0075,99888
insertion_sort,1600,random,2,643403,641811,0.11053649999666959,57656,0.4983,0.0075,99888
merge_sort,1600,random,2,15029,17152,0.0058781999396160245,57656,0.4983,0.0075,99888
quick_sort,1600,random,2,17699,9016,0.004293099977076054,57656,0.4983,0.0075,99888
heap_sort,1600,random,2,29251,15663,0.007497699931263924,57656,0.4983,0.0075,99888
radix_sort,1600,random,2,0,8000,0.0030019000405445695,57656,0.4983,0.0075,99888
bubble_sort,1600,random,3,1276785,629290,0.1981670999666676,57656,0.5081,0.0138,99876
selection_sort,1600,random,3,1279200,1593,0.1050393000477925,57656,0.5081,0.0138,99876
insertion_sort,1600,random,3,630881,629290,0.10791540006175637,57656,0.5081,0.0138,99876
merge_sort,1600,random,3,15023,17152,0.006038099993020296,57656,0.5081,0.0138,99876
quick_sort,1600,random,3,20087,9745,0.004643699969165027,57656,0.5081,0.0138,99876
heap_sort,1600,random,3,29228,15662,0.007418499910272658,57656,0.5081,0.0138,99876
radix_sort,1600,random,3,0,8000,0.003091900027357042,57656,0.5081,0.0138,99876
bubble_sort,1600,random,4,1276785,650444,0.19600210001226515,57656,0.4915,0.0063,99784
selection_sort,1600,random,4,1279200,1591,0.1022009999724105,57656,0.4915,0.0063,99784
insertion_sort,1600,random,4,652037,650444,0.10349799995310605,57656,0.4915,0.0063,99784
merge_sort,1600,random,4,15039,17152,0.005787100060842931,57656,0.4915,0.0063,99784
quick_sort,1600,random,4,18946,9657,0.004543900024145842,57656,0.4915,0.0063,99784
heap_sort,1600,random,4,29237,15667,0.007399399997666478,57656,0.4915,0.0063,99784
radix_sort,1600,random,4,0,8000,0.0029790999833494425,57656,0.4915,0.0063,99784
bubble_sort,1600,random,5,1276715,650818,0.20035020005889237,57656,0.4912,0.0112,99966
selection_sort,1600,random,5,1279200,1592,0.09785120002925396,57656,0.4912,0.0112,99966
insertion_sort,1600,random,5,652411,650818,0.10873209999408573,57656,0.4912,0.0112,99966
merge_sort,1600,random,5,15074,17152,0.006228099926374853,57656,0.4912,0.0112,99966
quick_sort,1600,random,5,17826,10246,0.004371600109152496,57656,0.4912,0.0112,99966
heap_sort,1600,random,5,29186,15606,0.007618400035426021,57656,0.4912,0.0112,99966
radix_sort,1600,random,5,0,8000,0.00298700004350394,57656,0.4912,0.0112,99966
bubble_sort,1610,random,1,1294425,645379,0.19447020010557026,58016,0.5017,0.0099,99912
selection_sort,1610,random,1,1295245,1606,0.09959340002387762,58016,0.5017,0.0099,99912
insertion_sort,1610,random,1,646982,645379,0.1021074999589473,58016,0.5017,0.0099,99912
merge_sort,1610,random,1,15102,17272,0.005953700048848987,58016,0.5017,0.0099,99912
quick_sort,1610,random,1,18609,9312,0.004434600006788969,58016,0.5017,0.0099,99912
heap_sort,1610,random,1,29475,15784,0.007432700018398464,58016,0.5017,0.0099,99912
radix_sort,1610,random,1,0,8050,0.002949400106444955,58016,0.5017,0.0099,99912
bubble_sort,1610,random,2,1294164,643158,0.1973582999780774,58016,0.5034,0.0043,99941
selection_sort,1610,random,2,1295245,1604,0.10138390003703535,58016,0.5034,0.0043,99941
insertion_sort,1610,random,2,644759,643158,0.1018476999597624,58016,0.5034,0.0043,99941
merge_sort,1610,random,2,15151,17272,0.0059102000668644905,58016,0.5034,0.0043,99941
quick_sort,1610,random,2,21446,11682,0.005175799946300685,58016,0.5034,0.0043,99941
heap_sort,1610,random,2,29338,15717,0.007368599995970726,58016,0.5034,0.0043,99941
radix_sort,1610,random,2,0,8050,0.0029832000145688653,58016,0.5034,0.0043,99941
bubble_sort,1610,random,3,1295190,630525,0.2002110000466928,58016,0.5132,0.0087,99858
selection_sort,1610,random,3,1295245,1602,0.09697139996569604,58016,0.5132,0.0087,99858
insertion_sort,1610,random,3,632128,630525,0.10291160002816468,58016,0.5132,0.0087,99858
merge_sort,1610,random,3,15174,17272,0.005939500057138503,58016,0.5132,0.0087,99858
quick_sort,1610,random,3,21349,13348,0.005109199904836714,58016,0.5132,0.0087,99858
heap_sort,1610,random,3,29431,15820,0.007574500050395727,58016,0.5132,0.0087,99858
radix_sort,1610,random,3,0,8050,0.0029662000015378,58016,0.5132,0.0087,99858
bubble_sort,1610,random,4,1294384,632494,0.1978877999354154,58016,0.5117,0.0062,99913
selection_sort,1610,random,4,1295245,1601,0.09805749997030944,58016,0.5117,0.0062,99913
insertion_sort,1610,random,4,634091,632494,0.10266330000013113,58016,0.5117,0.0062,99913
merge_sort,1610,random,4,15152,17272,0.005952700041234493,58016,0.5117,0.0062,99913
quick_sort,1610,random,4,18432,9048,0.004243999952450395,58016,0.5117,0.0062,99913
heap_sort,1610,random,4,29483,15807,0.007729500066488981,58016,0.5117,0.0062,99913
radix_sort,1610,random,4,0,8050,0.0031074000289663672,58016,0.5117,0.0062,99913
bubble_sort,1610,random,5,1291924,655444,0.203583599999547,58016,0.494,0.0081,99594
selection_sort,1610,random,5,1295245,1606,0.09614249994046986,58016,0.494,0.0081,99594
insertion_sort,1610,random,5,657050,655444,0.10262120002880692,58016,0.494,0.0081,99594
merge_sort,1610,random,5,15148,17272,0.00587460002861917,58016,0.494,0.0081,99594
quick_sort,1610,random,5,18126,10218,0.004370799986645579,58016,0.494,0.0081,99594
heap_sort,1610,random,5,29411,15749,0.007373600034043193,58016,0.494,0.0081,99594
radix_sort,1610,random,5,0,8050,0.0031917999731376767,58016,0.494,0.0081,99594
bubble_sort,1620,random,1,1310400,665257,0.19973100000061095,58376,0.4927,0.0111,99926
selection_sort,1620,random,1,1311390,1615,0.09559399995487183,58376,0.4927,0.0111,99926
insertion_sort,1620,random,1,666869,665257,0.11766200000420213,58376,0.4927,0.0111,99926
merge_sort,1620,random,1,15229,17392,0.006032399949617684,58376,0.4927,0.0111,99926
quick_sort,1620,random,1,17964,9024,0.004238499910570681,58376,0.4927,0.0111,99926
heap_sort,1620,random,1,29510,15777,0.008041699999012053,58376,0.4927,0.0111,99926
radix_sort,1620,random,1,0,8100,0.002986299921758473,58376,0.4927,0.0111,99926
bubble_sort,1620,random,2,1310687,651114,0.2054272999521345,58376,0.5035,0.0086,99908
selection_sort,1620,random,2,1311390,1613,0.10539579996839166,58376,0.5035,0.0086,99908
insertion_sort,1620,random,2,652721,651114,0.11047630000393838,58376,0.5035,0.0086,99908
merge_sort,1620,random,2,15249,17392,0.0059911999851465225,58376,0.5035,0.0086,99908
quick_sort,1620,random,2,17819,10197,0.006201100070029497,58376,0.5035,0.0086,99908
heap_sort,1620,random,2,29624,15856,0.007556800032034516,58376,0.5035,0.0086,99908
radix_sort,1620,random,2,0,8100,0.00305499997921288,58376,0.5035,0.0086,99908
bubble_sort,1620,random,3,1310529,647107,0.20886390004307032,58376,0.5065,0.0074,99754
selection_sort,1620,random,3,1311390,1611,0.10042419994715601,58376,0.5065,0.0074,99754
insertion_sort,1620,random,3,648719,647107,0.10191189998295158,58376,0.5065,0.0074,99754
merge_sort,1620,random,3,15234,17392,0.00601669994648546,58376,0.5065,0.0074,99754
quick_sort,1620,random,3,18699,10776,0.004551799967885017,58376,0.5065,0.0074,99754
heap_sort,1620,random,3,29665,15935,0.0076527000637724996,58376,0.5065,0.0074,99754
radix_sort,1620,random,3,0,8100,0.0029762000776827335,58376,0.5065,0.0074,99754
bubble_sort,1620,random,4,1311012,660662,0.20169970009010285,58376,0.4962,0.0086,99996
selection_sort,1620,random,4,1311390,1611,0.09887140011414886,58376,0.4962,0.0086,99996
insertion_sort,1620,random,4,662273,660662,0.11309839994646609,58376,0.4962,0.0086,99996
merge_sort,1620,random,4,15245,17392,0.006055600009858608,58376,0.4962,0.0086,99996
quick_sort,1620,random,4,18709,11154,0.004713400034233928,58376,0.4962,0.0086,99996
heap_sort,1620,random,4,29622,15854,0.007533199968747795,58376,0.4962,0.0086,99996
radix_sort,1620,random,4,0,8100,0.003069699974730611,58376,0.4962,0.0086,99996
bubble_sort,1620,random,5,1309620,651347,0.2016967999516055,58376,0.5033,0.0068,99861
selection_sort,1620,random,5,1311390,1616,0.09361660003196448,58376,0.5033,0.0068,99861
insertion_sort,1620,random,5,652959,651347,0.10520089999772608,58376,0.5033,0.0068,99861
merge_sort,1620,random,5,15257,17392,0.006304600043222308,58376,0.5033,0.0068,99861
quick_sort,1620,random,5,19728,10777,0.005088999983854592,58376,0.5033,0.0068,99861
heap_sort,1620,random,5,29699,15921,0.007590800058096647,58376,0.5033,0.0068,99861
radix_sort,1620,random,5,0,8100,0.003413099911995232,58376,0.5033,0.0068,99861
bubble_sort,1630,random,1,1326774,668014,0.20484300004318357,58736,0.4968,0.0049,99940
selection_sort,1630,random,1,1327635,1624,0.09836100006941706,58736,0.4968,0.0049,99940
insertion_sort,1630,random,1,669633,668014,0.11314629996195436,58736,0.4968,0.0049,99940
merge_sort,1630,random,1,15347,17512,0.006137899938039482,58736,0.4968,0.0049,99940
quick_sort,1630,random,1,18626,9532,0.00484780000988394,58736,0.4968,0.0049,99940
heap_sort,1630,random,1,29822,15992,0.007539500016719103,58736,0.4968,0.0049,99940
radix_sort,1630,random,1,0,8150,0.0030876999953761697,58736,0.4968,0.0049,99940
bubble_sort,1630,random,2,1325289,652875,0.2040127000072971,58736,0.5082,0.0086,99901
selection_sort,1630,random,2,1327635,1620,0.10007569997105747,58736,0.5082,0.0086,99901
insertion_sort,1630,random,2,654498,652875,0.10337280004750937,58736,0.5082,0.0086,99901
merge_sort,1630,random,2,15366,17512,0.0063801000360399485,58736,0.5082,0.0086,99901
quick_sort,1630,random,2,21600,13369,0.005092199891805649,58736,0.5082,0.0086,99901
heap_sort,1630,random,2,29810,15944,0.007853599963709712,58736,0.5082,0.0086,99901
radix_sort,1630,random,2,0,8150,0.0030244000954553485,58736,0.5082,0.0086,99901
bubble_sort,1630,random,3,1325555,663446,0.20771750004496425,58736,0.5003,0.0098,99797
selection_sort,1630,random,3,1327635,1620,0.11627250001765788,58736,0.5003,0.0098,99797
insertion_sort,1630,random,3,665071,663446,0.11213419993873686,58736,0.5003,0.0098,99797
merge_sort,1630,random,3,15341,17512,0.006047100061550736,58736,0.5003,0.0098,99797
quick_sort,1630,random,3,21341,10794,0.004894200013950467,58736,0.5003,0.0098,99797
heap_sort,1630,random,3,29922,16001,0.007655799970962107,58736,0.5003,0.0098,99797
radix_sort,1630,random,3,0,8150,0.003253500093705952,58736,0.5003,0.0098,99797
bubble_sort,1630,random,4,1322882,665000,0.21032409998588264,58736,0.4991,0.0086,99965
selection_sort,1630,random,4,1327635,1625,0.10502810007892549,58736,0.4991,0.0086,99965
insertion_sort,1630,random,4,666621,665000,0.10721669998019934,58736,0.4991,0.0086,99965
merge_sort,1630,random,4,15358,17512,0.006141200079582632,58736,0.4991,0.0086,99965
quick_sort,1630,random,4,18312,9806,0.004635100020095706,58736,0.4991,0.0086,99965
heap_sort,1630,random,4,29836,15957,0.007590299937874079,58736,0.4991,0.0086,99965
radix_sort,1630,random,4,0,8150,0.003185099922120571,58736,0.4991,0.0086,99965
bubble_sort,1630,random,5,1326894,659472,0.2019970000255853,58736,0.5033,0.0092,99880
selection_sort,1630,random,5,1327635,1621,0.11081430001650006,58736,0.5033,0.0092,99880
insertion_sort,1630,random,5,661095,659472,0.10990569996647537,58736,0.5033,0.0092,99880
merge_sort,1630,random,5,15432,17512,0.007528000045567751,58736,0.5033,0.0092,99880
quick_sort,1630,random,5,19098,9509,0.004490399966016412,58736,0.5033,0.0092,99880
heap_sort,1630,random,5,29842,16001,0.007619400043040514,58736,0.5033,0.0092,99880
radix_sort,1630,random,5,0,8150,0.0030120000010356307,58736,0.5033,0.0092,99880
bubble_sort,1640,random,1,1343385,685125,0.21591779997106642,59096,0.4902,0.0098,99918
selection_sort,1640,random,1,1343980,1634,0.11435569997411221,59096,0.4902,0.0098,99918
insertion_sort,1640,random,1,686761,685125,0.1162485999520868,59096,0.4902,0.0098,99918
merge_sort,1640,random,1,15451,17632,0.005909200059249997,59096,0.4902,0.0098,99918
quick_sort,1640,random,1,18306,10535,0.00470849999692291,59096,0.4902,0.0098,99918
heap_sort,1640,random,1,30011,16066,0.007554900017566979,59096,0.4902,0.0098,99918
radix_sort,1640,random,1,0,8200,0.0031660000095143914,59096,0.4902,0.0098,99918
bubble_sort,1640,random,2,1343160,676128,0.20559369993861765,59096,0.4969,0.0061,99736
selection_sort,1640,random,2,1343980,1635,0.10813539999071509,59096,0.4969,0.0061,99736
insertion_sort,1640,random,2,677759,676128,0.10973160003777593,59096,0.4969,0.0061,99736
merge_sort,1640,random,2,15517,17632,0.006437900010496378,59096,0.4969,0.0061,99736
quick_sort,1640,random,2,20116,10959,0.00488650007173419,59096,0.4969,0.0061,99736
heap_sort,1640,random,2,30029,16104,0.012480999925173819,59096,0.4969,0.0061,99736
radix_sort,1640,random,2,0,8200,0.010971399955451488,59096,0.4969,0.0061,99736
bubble_sort,1640,random,3,1343680,690577,0.20884019997902215,59096,0.4862,0.0079,99820
selection_sort,1640,random,3,1343980,1635,0.10929639998357743,59096,0.4862,0.0079,99820
insertion_sort,1640,random,3,692206,690577,0.12132309994194657,59096,0.4862,0.0079,99820
merge_sort,1640,random,3,15497,17632,0.006070000003091991,59096,0.4862,0.0079,99820
quick_sort,1640,random,3,20410,10587,0.0050591001054272056,59096,0.4862,0.0079,99820
heap_sort,1640,random,3,29984,16054,0.0074887999799102545,59096,0.4862,0.0079,99820
radix_sort,1640,random,3,0,8200,0.0031337999971583486,59096,0.4862,0.0079,99820
bubble_sort,1640,random,4,1340494,660314,0.20378859993070364,59096,0.5087,0.0043,99995
selection_sort,1640,random,4,1343980,1633,0.10291930008679628,59096,0.5087,0.0043,99995
insertion_sort,1640,random,4,661948,660314,0.10546130000147969,59096,0.5087,0.0043,99995
merge_sort,1640,random,4,15495,17632,0.0060940999537706375,59096,0.5087,0.0043,99995
quick_sort,1640,random,4,20117,9068,0.00449939991813153,59096,0.5087,0.0043,99995
heap_sort,1640,random,4,30074,16127,0.007691899896599352,59096,0.5087,0.0043,99995
radix_sort,1640,random,4,0,8200,0.003050500061362982,59096,0.5087,0.0043,99995
bubble_sort,1640,random,5,1342269,666557,0.20472729997709394,59096,0.504,0.0085,99933
selection_sort,1640,random,5,1343980,1634,0.10600559995509684,59096,0.504,0.0085,99933
insertion_sort,1640,random,5,668192,666557,0.10995349998120219,59096,0.504,0.0085,99933
merge_sort,1640,random,5,15507,17632,0.006033299956470728,59096,0.504,0.0085,99933
quick_sort,1640,random,5,20014,10819,0.0048108999617397785,59096,0.504,0.0085,99933
heap_sort,1640,random,5,30082,16124,0.008191500091925263,59096,0.504,0.0085,99933
radix_sort,1640,random,5,0,8200,0.003064200049266219,59096,0.504,0.0085,99933
bubble_sort,1650,random,1,1357104,698021,0.210814299993217,59456,0.4869,0.0091,99880
selection_sort,1650,random,1,1360425,1643,0.10237430001143366,59456,0.4869,0.0091,99880
insertion_sort,1650,random,1,699666,698021,0.11071489995811135,59456,0.4869,0.0091,99880
merge_sort,1650,random,1,15575,17752,0.005980000016279519,59456,0.4869,0.0091,99880
quick_sort,1650,random,1,20027,10217,0.004714599926955998,59456,0.4869,0.0091,99880
heap_sort,1650,random,1,30265,16214,0.007611899985931814,59456,0.4869,0.0091,99880
radix_sort,1650,random,1,0,8250,0.003019499941729009,59456,0.4869,0.0091,99880
bubble_sort,1650,random,2,1359830,670907,0.2108082000631839,59456,0.5068,0.0079,99738
selection_sort,1650,random,2,1360425,1646,0.11283340002410114,59456,0.5068,0.0079,99738
insertion_sort,1650,random,2,672547,670907,0.11711089999880642,59456,0.5068,0.0079,99738
merge_sort,1650,random,2,15616,17752,0.006510599981993437,59456,0.5068,0.0079,99738
quick_sort,1650,random,2,19869,9523,0.004533500061370432,59456,0.5068,0.0079,99738
heap_sort,1650,random,2,30261,16226,0.007653000066056848,59456,0.5068,0.0079,99738
radix_sort,1650,random,2,0,8250,0.003173299948684871,59456,0.5068,0.0079,99738
bubble_sort,1650,random,3,1359990,690159,0.21836460009217262,59456,0.4927,0.0079,99866
selection_sort,1650,random,3,1360425,1643,0.10931059997528791,59456,0.4927,0.0079,99866
insertion_sort,1650,random,3,691798,690159,0.11863689997699112,59456,0.4927,0.0079,99866
merge_sort,1650,random,3,15561,17752,0.005949300015345216,59456,0.4927,0.0079,99866
quick_sort,1650,random,3,20682,11701,0.005302200093865395,59456,0.4927,0.0079,99866
heap_sort,1650,random,3,30216,16167,0.007629700005054474,59456,0.4927,0.0079,99866
radix_sort,1650,random,3,0,8250,0.0030915000243112445,59456,0.4927,0.0079,99866
bubble_sort,1650,random,4,1356684,677334,0.20786269998643547,59456,0.5021,0.0109,99913
selection_sort,1650,random,4,1360425,1641,0.10384090000297874,59456,0.5021,0.0109,99913
insertion_sort,1650,random,4,678977,677334,0.10911129997111857,59456,0.5021,0.0109,99913
merge_sort,1650,random,4,15586,17752,0.005933300009928644,59456,0.5021,0.0109,99913
quick_sort,1650,random,4,19453,10617,0.004823500057682395,59456,0.5021,0.0109,99913
heap_sort,1650,random,4,30277,16199,0.007605600054375827,59456,0.5021,0.0109,99913
radix_sort,1650,random,4,0,8250,0.0030802000546827912,59456,0.5021,0.0109,99913
bubble_sort,1650,random,5,1358772,682036,0.21381720004137605,59456,0.4987,0.0097,99989
selection_sort,1650,random,5,1360425,1640,0.10303419991396368,59456,0.4987,0.0097,99989
insertion_sort,1650,random,5,683672,682036,0.11556639999616891,59456,0.4987,0.0097,99989
merge_sort,1650,random,5,15614,17752,0.006023699999786913,59456,0.4987,0.0097,99989
quick_sort,1650,random,5,19387,9123,0.004645099979825318,59456,0.4987,0.0097,99989
heap_sort,1650,random,5,30276,16235,0.007675500004552305,59456,0.4987,0.0097,99989
radix_sort,1650,random,5,0,8250,0.003063000040128827,59456,0.4987,0.0097,99989
bubble_sort,1660,random,1,1376942,664092,0.20946189993992448,59816,0.5177,0.006,99850
selection_sort,1660,random,1,1376970,1654,0.10488420003093779,59816,0.5177,0.006,99850
insertion_sort,1660,random,1,665743,664092,0.10922059998847544,59816,0.5177,0.006,99850
merge_sort,1660,random,1,15723,17872,0.006430399953387678,59816,0.5177,0.006,99850
quick_sort,1660,random,1,19209,12794,0.004850299912504852,59816,0.5177,0.006,99850
heap_sort,1660,random,1,30487,16332,0.007887699990533292,59816,0.5177,0.006,99850
radix_sort,1660,random,1,0,8300,0.0030768999131396413,59816,0.5177,0.006,99850
bubble_sort,1660,random,2,1375592,677116,0.21064880001358688,59816,0.5083,0.0066,99711
selection_sort,1660,random,2,1376970,1650,0.11231899994891137,59816,0.5083,0.0066,99711
insertion_sort,1660,random,2,678769,677116,0.12158200005069375,59816,0.5083,0.0066,99711
merge_sort,1660,random,2,15714,17872,0.0059782000025734305,59816,0.5083,0.0066,99711
quick_sort,1660,random,2,20371,11805,0.005107600009068847,59816,0.5083,0.0066,99711
heap_sort,1660,random,2,30478,16326,0.007912999950349331,59816,0.5083,0.0066,99711
radix_sort,1660,random,2,0,8300,0.003063800046220422,59816,0.5083,0.0066,99711
bubble_sort,1660,random,3,1376619,689944,0.21092139999382198,59816,0.4989,0.0114,99857
selection_sort,1660,random,3,1376970,1653,0.10510109993629158,59816,0.4989,0.0114,99857
insertion_sort,1660,random,3,691597,689944,0.11425250000320375,59816,0.4989,0.0114,99857
merge_sort,1660,random,3,15684,17872,0.006161299999803305,59816,0.4989,0.0114,99857
quick_sort,1660,random,3,18743,10740,0.004654899938032031,59816,0.4989,0.0114,99857
heap_sort,1660,random,3,30495,16299,0.008200299926102161,59816,0.4989,0.0114,99857
radix_sort,1660,random,3,0,8300,0.00306679995264858,59816,0.4989,0.0114,99857
bubble_sort,1660,random,4,1375842,697163,0.2117028998909518,59816,0.4937,0.009,99880
selection_sort,1660,random,4,1376970,1651,0.10819830000400543,59816,0.4937,0.009,99880
insertion_sort,1660,random,4,698812,697163,0.1273279000306502,59816,0.4937,0.009,99880
merge_sort,1660,random,4,15722,17872,0.005953800049610436,59816,0.4937,0.009,99880
quick_sort,1660,random,4,19849,8758,0.004562600050121546,59816,0.4937,0.009,99880
heap_sort,1660,random,4,30570,16403,0.009112300002016127,59816,0.4937,0.009,99880
radix_sort,1660,random,4,0,8300,0.003093400038778782,59816,0.4937,0.009,99880
bubble_sort,1660,random,5,1375935,686333,0.21542730007786304,59816,0.5016,0.0072,99935
selection_sort,1660,random,5,1376970,1652,0.10551679995842278,59816,0.5016,0.0072,99935
insertion_sort,1660,random,5,687978,686333,0.11077999998815358,59816,0.5016,0.0072,99935
merge_sort,1660,random,5,15730,17872,0.006143200094811618,59816,0.5016,0.0072,99935
quick_sort,1660,random,5,20176,10726,0.004736999981105328,59816,0.5016,0.0072,99935
heap_sort,1660,random,5,30529,16352,0.007914200075902045,59816,0.5016,0.0072,99935
radix_sort,1660,random,5,0,8300,0.003041399992071092,59816,0.5016,0.0072,99935
bubble_sort,1670,random,1,1392580,688061,0.21866409992799163,60176,0.5063,0.0108,99895
selection_sort,1670,random,1,1393615,1662,0.10933969996403903,60176,0.5063,0.0108,99895
insertion_sort,1670,random,1,689723,688061,0.11126230005174875,60176,0.5063,0.0108,99895
merge_sort,1670,random,1,15791,17992,0.006053099990822375,60176,0.5063,0.0108,99895
quick_sort,1670,random,1,20926,10548,0.004804500029422343,60176,0.5063,0.0108,99895
heap_sort,1670,random,1,30707,16441,0.007964899996295571,60176,0.5063,0.0108,99895
radix_sort,1670,random,1,0,8350,0.003116799984127283,60176,0.5063,0.0108,99895
bubble_sort,1670,random,2,1391599,704141,0.22760759992524981,60176,0.4947,0.0102,99928
selection_sort,1670,random,2,1393615,1661,0.11702840006910264,60176,0.4947,0.0102,99928
insertion_sort,1670,random,2,705799,704141,0.11944539996329695,60176,0.4947,0.0102,99928
merge_sort,1670,random,2,15820,17992,0.006145599996671081,60176,0.4947,0.0102,99928
quick_sort,1670,random,2,19464,9120,0.0044797000009566545,60176,0.4947,0.0102,99928
heap_sort,1670,random,2,30722,16450,0.008177799987606704,60176,0.4947,0.0102,99928
radix_sort,1670,random,2,0,8350,0.0031083000358194113,60176,0.4947,0.0102,99928
bubble_sort,1670,random,3,1392019,692196,0.21448480000253767,60176,0.5033,0.0084,99716
selection_sort,1670,random,3,1393615,1661,0.10995170008391142,60176,0.5033,0.0084,99716
insertion_sort,1670,random,3,693856,692196,0.11019590008072555,60176,0.5033,0.0084,99716
merge_sort,1670,random,3,15828,17992,0.006155399954877794,60176,0.5033,0.0084,99716
quick_sort,1670,random,3,19766,12094,0.004793599946424365,60176,0.5033,0.0084,99716
heap_sort,1670,random,3,30663,16412,0.007838800083845854,60176,0.5033,0.0084,99716
radix_sort,1670,random,3,0,8350,0.0030885000014677644,60176,0.5033,0.0084,99716
bubble_sort,1670,random,4,1391662,672154,0.2130993000464514,60176,0.5177,0.0084,99927
selection_sort,1670,random,4,1393615,1659,0.10270280006807297,60176,0.5177,0.0084,99927
insertion_sort,1670,random,4,673821,672154,0.11273190006613731,60176,0.5177,0.0084,99927
merge_sort,1670,random,4,15764,17992,0.006445399951189756,60176,0.5177,0.0084,99927
quick_sort,1670,random,4,20454,10773,0.004719599965028465,60176,0.5177,0.0084,99927
heap_sort,1670,random,4,30745,16485,0.007983500021509826,60176,0.5177,0.0084,99927
radix_sort,1670,random,4,0,8350,0.0030918000265955925,60176,0.5177,0.0084,99927
bubble_sort,1670,random,5,1390914,705638,0.21803699992597103,60176,0.4937,0.0108,99936
selection_sort,1670,random,5,1393615,1659,0.10384299990255386,60176,0.4937,0.0108,99936
insertion_sort,1670,random,5,707300,705638,0.11842519999481738,60176,0.4937,0.0108,99936
merge_sort,1670,random,5,15822,17992,0.006128799985162914,60176,0.4937,0.0108,99936
quick_sort,1670,random,5,20557,12724,0.005032800021581352,60176,0.4937,0.0108,99936
heap_sort,1670,random,5,30664,16431,0.008003600058145821,60176,0.4937,0.0108,99936
radix_sort,1670,random,5,0,8350,0.0030257999897003174,60176,0.4937,0.0108,99936
bubble_sort,1680,random,1,1410150,713812,0.21819839999079704,60536,0.4939,0.0089,99944
selection_sort,1680,random,1,1410360,1672,0.11346399993635714,60536,0.4939,0.0089,99944
insertion_sort,1680,random,1,715488,713812,0.12085659999866039,60536,0.4939,0.0089,99944
merge_sort,1680,random,1,15875,18112,0.006287299911491573,60536,0.4939,0.0089,99944
quick_sort,1680,random,1,19018,10766,0.00494999997317791,60536,0.4939,0.0089,99944
heap_sort,1680,random,1,30902,16549,0.008155100047588348,60536,0.4939,0.0089,99944
radix_sort,1680,random,1,0,8400,0.0032622000435367227,60536,0.4939,0.0089,99944
bubble_sort,1680,random,2,1407804,705982,0.21487889997661114,60536,0.4994,0.0071,99856
selection_sort,1680,random,2,1410360,1669,0.11977270001079887,60536,0.4994,0.0071,99856
insertion_sort,1680,random,2,707656,705982,0.12854639999568462,60536,0.4994,0.0071,99856
merge_sort,1680,random,2,15916,18112,0.006278500077314675,60536,0.4994,0.0071,99856
quick_sort,1680,random,2,18882,10280,0.005080200033262372,60536,0.4994,0.0071,99856
heap_sort,1680,random,2,30929,16572,0.007819399936124682,60536,0.4994,0.0071,99856
radix_sort,1680,random,2,0,8400,0.003081300063058734,60536,0.4994,0.0071,99856
bubble_sort,1680,random,3,1409832,717448,0.21751849993597716,60536,0.4913,0.0065,99958
selection_sort,1680,random,3,1410360,1673,0.10595900006592274,60536,0.4913,0.0065,99958
insertion_sort,1680,random,3,719121,717448,0.11609550006687641,60536,0.4913,0.0065,99958
merge_sort,1680,random,3,15953,18112,0.0062568000284954906,60536,0.4913,0.0065,99958
quick_sort,1680,random,3,22155,13255,0.005219399929046631,60536,0.4913,0.0065,99958
heap_sort,1680,random,3,30908,16537,0.008023299975320697,60536,0.4913,0.0065,99958
radix_sort,1680,random,3,0,8400,0.003131799981929362,60536,0.4913,0.0065,99958
bubble_sort,1680,random,4,1409765,699701,0.21282079990487546,60536,0.5039,0.0095,99928
selection_sort,1680,random,4,1410360,1674,0.1061445000814274,60536,0.5039,0.0095,99928
insertion_sort,1680,random,4,701374,699701,0.12650710006710142,60536,0.5039,0.0095,99928
merge_sort,1680,random,4,15869,18112,0.006327099981717765,60536,0.5039,0.0095,99928
quick_sort,1680,random,4,19080,10700,0.004641199950128794,60536,0.5039,0.0095,99928
heap_sort,1680,random,4,30950,16564,0.007769100018776953,60536,0.5039,0.0095,99928
radix_sort,1680,random,4,0,8400,0.00327590003143996,60536,0.5039,0.0095,99928
bubble_sort,1680,random,5,1409832,712517,0.2205191000830382,60536,0.4948,0.0071,99652
selection_sort,1680,random,5,1410360,1672,0.10110850003547966,60536,0.4948,0.0071,99652
insertion_sort,1680,random,5,714189,712517,0.11401809996459633,60536,0.4948,0.0071,99652
merge_sort,1680,random,5,15938,18112,0.00629250006750226,60536,0.4948,0.0071,99652
quick_sort,1680,random,5,20740,13253,0.005401000031270087,60536,0.4948,0.0071,99652
heap_sort,1680,random,5,30857,16518,0.00788540008943528,60536,0.4948,0.0071,99652
radix_sort,1680,random,5,0,8400,0.003132999991066754,60536,0.4948,0.0071,99652
bubble_sort,1690,random,1,1426709,696028,0.21477019996382296,60896,0.5123,0.0083,99900
selection_sort,1690,random,1,1427205,1685,0.10993839998263866,60896,0.5123,0.0083,99900
insertion_sort,1690,random,1,697707,696028,0.113521600025706,60896,0.5123,0.0083,99900
merge_sort,1690,random,1,15971,18232,0.006153799942694604,60896,0.5123,0.0083,99900
quick_sort,1690,random,1,18645,10753,0.0045498000690713525,60896,0.5123,0.0083,99900
heap_sort,1690,random,1,31173,16718,0.007971900049597025,60896,0.5123,0.0083,99900
radix_sort,1690,random,1,0,8450,0.0031285000732168555,60896,0.5123,0.0083,99900
bubble_sort,1690,random,2,1425375,723862,0.22492010006681085,60896,0.4928,0.0077,99957
selection_sort,1690,random,2,1427205,1680,0.11890369991306216,60896,0.4928,0.0077,99957
insertion_sort,1690,random,2,725543,723862,0.1223948000697419,60896,0.4928,0.0077,99957
merge_sort,1690,random,2,16020,18232,0.006196199916303158,60896,0.4928,0.0077,99957
quick_sort,1690,random,2,20201,11205,0.004981699981726706,60896,0.4928,0.0077,99957
heap_sort,1690,random,2,31114,16654,0.00825389998499304,60896,0.4928,0.0077,99957
radix_sort,1690,random,2,0,8450,0.003194499993696809,60896,0.4928,0.0077,99957
bubble_sort,1690,random,3,1423019,710019,0.218447900027968,60896,0.5025,0.0059,99826
selection_sort,1690,random,3,1427205,1684,0.11204610008280724,60896,0.5025,0.0059,99826
insertion_sort,1690,random,3,711708,710019,0.12006640003528446,60896,0.5025,0.0059,99826
merge_sort,1690,random,3,16005,18232,0.006102600018493831,60896,0.5025,0.0059,99826
quick_sort,1690,random,3,20324,11955,0.004953299998305738,60896,0.5025,0.0059,99826
heap_sort,1690,random,3,31082,16641,0.007967100013047457,60896,0.5025,0.0059,99826
radix_sort,1690,random,3,0,8450,0.0031415000557899475,60896,0.5025,0.0059,99826
bubble_sort,1690,random,4,1426170,718320,0.2181233000010252,60896,0.4967,0.0124,99964
selection_sort,1690,random,4,1427205,1683,0.12126249994616956,60896,0.4967,0.0124,99964
insertion_sort,1690,random,4,720003,718320,0.12316630000714213,60896,0.4967,0.0124,99964
merge_sort,1690,random,4,16049,18232,0.006210700026713312,60896,0.4967,0.0124,99964
quick_sort,1690,random,4,20066,11080,0.00481219997163862,60896,0.4967,0.0124,99964
heap_sort,1690,random,4,31091,16634,0.008139500045217574,60896,0.4967,0.0124,99964
radix_sort,1690,random,4,0,8450,0.003210199996829033,60896,0.4967,0.0124,99964
bubble_sort,1690,random,5,1426170,707525,0.22305569995660335,60896,0.5043,0.0107,99842
selection_sort,1690,random,5,1427205,1682,0.1075373999774456,60896,0.5043,0.0107,99842
insertion_sort,1690,random,5,709203,707525,0.12418149993754923,60896,0.5043,0.0107,99842
merge_sort,1690,random,5,16047,18232,0.006146300002001226,60896,0.5043,0.0107,99842
quick_sort,1690,random,5,22365,11899,0.00513369997497648,60896,0.5043,0.0107,99842
heap_sort,1690,random,5,31092,16697,0.007978899986483157,60896,0.5043,0.0107,99842
radix_sort,1690,random,5,0,8450,0.0031223000260069966,60896,0.5043,0.0107,99842
bubble_sort,1700,random,1,1443370,738900,0.22895959997549653,61256,0.4883,0.0088,99972
selection_sort,1700,random,1,1444150,1696,0.10972169996239245,61256,0.4883,0.0088,99972
insertion_sort,1700,random,1,740592,738900,0.12478120008017868,61256,0.4883,0.0088,99972
merge_sort,1700,random,1,16148,18352,0.006103200023062527,61256,0.4883,0.0088,99972
quick_sort,1700,random,1,20278,11748,0.004914900055155158,61256,0.4883,0.0088,99972
heap_sort,1700,random,1,31328,16767,0.008112399955280125,61256,0.4883,0.0088,99972
radix_sort,1700,random,1,0,8500,0.0031545000383630395,61256,0.4883,0.0088,99972
bubble_sort,1700,random,2,1443685,727372,0.22593670000787824,61256,0.4963,0.01,99695
selection_sort,1700,random,2,1444150,1695,0.12265909998677671,61256,0.4963,0.01,99695
insertion_sort,1700,random,2,729064,727372,0.11466109997127205,61256,0.4963,0.01,99695
merge_sort,1700,random,2,16122,18352,0.0061506000347435474,61256,0.4963,0.01,99695
quick_sort,1700,random,2,21500,12978,0.005117999971844256,61256,0.4963,0.01,99695
heap_sort,1700,random,2,31342,16776,0.00810300000011921,61256,0.4963,0.01,99695
radix_sort,1700,random,2,0,8500,0.00316019996535033,61256,0.4963,0.01,99695
bubble_sort,1700,random,3,1444114,722882,0.22565969999413937,61256,0.4994,0.0076,99785
selection_sort,1700,random,3,1444150,1688,0.10812760004773736,61256,0.4994,0.0076,99785
insertion_sort,1700,random,3,724574,722882,0.12211560003925115,61256,0.4994,0.0076,99785
merge_sort,1700,random,3,16112,18352,0.0061648000264540315,61256,0.4994,0.0076,99785
quick_sort,1700,random,3,20569,10843,0.004973400034941733,61256,0.4994,0.0076,99785
heap_sort,1700,random,3,31317,16769,0.007907800027169287,61256,0.4994,0.0076,99785
radix_sort,1700,random,3,0,8500,0.0031501000048592687,61256,0.4994,0.0076,99785
bubble_sort,1700,random,4,1443069,739625,0.22416759992484003,61256,0.4878,0.0076,99893
selection_sort,1700,random,4,1444150,1693,0.10961849999148399,61256,0.4878,0.0076,99893
insertion_sort,1700,random,4,741317,739625,0.12130859994795173,61256,0.4878,0.0076,99893
merge_sort,1700,random,4,16113,18352,0.006475699949078262,61256,0.4878,0.0076,99893
quick_sort,1700,random,4,19524,10611,0.004642499960027635,61256,0.4878,0.0076,99893
heap_sort,1700,random,4,31346,16799,0.008204899961128831,61256,0.4878,0.0076,99893
radix_sort,1700,random,4,0,8500,0.0031766999745741487,61256,0.4878,0.0076,99893
bubble_sort,1700,random,5,1436647,728856,0.223862599930726,61256,0.4953,0.0053,99812
selection_sort,1700,random,5,1444150,1694,0.11602509999647737,61256,0.4953,0.0053,99812
insertion_sort,1700,random,5,730548,728856,0.12269390001893044,61256,0.4953,0.0053,99812
merge_sort,1700,random,5,16198,18352,0.006631199968978763,61256,0.4953,0.0053,99812
quick_sort,1700,random,5,19453,11844,0.007620400050655007,61256,0.4953,0.0053,99812
heap_sort,1700,random,5,31327,16784,0.008392599993385375,61256,0.4953,0.0053,99812
radix_sort,1700,random,5,0,8500,0.003183300024829805,61256,0.4953,0.0053,99812
bubble_sort,1710,random,1,1460942,737094,0.23203870002180338,61616,0.4956,0.0088,99866
selection_sort,1710,random,1,1461195,1702,0.11410249990876764,61616,0.4956,0.0088,99866
insertion_sort,1710,random,1,738795,737094,0.11596670001745224,61616,0.4956,0.0088,99866
merge_sort,1710,random,1,16277,18472,0.006383800064213574,61616,0.4956,0.0088,99866
quick_sort,1710,random,1,20134,10833,0.004786600009538233,61616,0.4956,0.0088,99866
heap_sort,1710,random,1,31553,16889,0.008068700088188052,61616,0.4956,0.0088,99866
radix_sort,1710,random,1,0,8550,0.003234999952837825,61616,0.4956,0.0088,99866
bubble_sort,1710,random,2,1455090,729824,0.22467510006390512,61616,0.5005,0.007,99835
selection_sort,1710,random,2,1461195,1704,0.1168955999892205,61616,0.5005,0.007,99835
insertion_sort,1710,random,2,731528,729824,0.12150220002513379,61616,0.5005,0.007,99835
merge_sort,1710,random,2,16225,18472,0.0063411999726668,61616,0.5005,0.007,99835
quick_sort,1710,random,2,20216,11460,0.005051500047557056,61616,0.5005,0.007,99835
heap_sort,1710,random,2,31563,16874,0.008154800045304,61616,0.5005,0.007,99835
radix_sort,1710,random,2,0,8550,0.003184800036251545,61616,0.5005,0.007,99835
bubble_sort,1710,random,3,1461129,749215,0.22482320002745837,61616,0.4873,0.0058,99883
selection_sort,1710,random,3,1461195,1702,0.11666339996736497,61616,0.4873,0.0058,99883
insertion_sort,1710,random,3,750918,749215,0.12762090004980564,61616,0.4873,0.0058,99883
merge_sort,1710,random,3,16292,18472,0.006417199969291687,61616,0.4873,0.0058,99883
quick_sort,1710,random,3,19843,10253,0.004676099983043969,61616,0.4873,0.0058,99883
heap_sort,1710,random,3,31493,16858,0.00797839998267591,61616,0.4873,0.0058,99883
radix_sort,1710,random,3,0,8550,0.0032831999706104398,61616,0.4873,0.0058,99883
bubble_sort,1710,random,4,1459484,726679,0.21404420002363622,61616,0.5027,0.0111,99896
selection_sort,1710,random,4,1461195,1700,0.07951319997664541,61616,0.5027,0.0111,99896
insertion_sort,1710,random,4,728381,726679,0.11683269997593015,61616,0.5027,0.0111,99896
merge_sort,1710,random,4,16245,18472,0.006143599981442094,61616,0.5027,0.0111,99896
quick_sort,1710,random,4,18995,10079,0.004502299940213561,61616,0.5027,0.0111,99896
heap_sort,1710,random,4,31561,16886,0.008143499959260225,61616,0.5027,0.0111,99896
radix_sort,1710,random,4,0,8550,0.003185699926689267,61616,0.5027,0.0111,99896
bubble_sort,1710,random,5,1460019,706565,0.22066980006638914,61616,0.5164,0.007,99972
selection_sort,1710,random,5,1461195,1700,0.11947109992615879,61616,0.5164,0.007,99972
insertion_sort,1710,random,5,708264,706565,0.11880039994139224,61616,0.5164,0.007,99972
merge_sort,1710,random,5,16213,18472,0.006245599943213165,61616,0.5164,0.007,99972
quick_sort,1710,random,5,19428,10632,0.004725800012238324,61616,0.5164,0.007,99972
heap_sort,1710,random,5,31563,16949,0.00806719996035099,61616,0.5164,0.007,99972
radix_sort,1710,random,5,0,8550,0.005357199930585921,61616,0.5164,0.007,99972
bubble_sort,1720,random,1,1476387,737551,0.355100900051184,61976,0.5011,0.0064,99873
selection_sort,1720,random,1,1478340,1712,0.1720869999844581,61976,0.5011,0.0064,99873
insertion_sort,1720,random,1,739264,737551,0.2242405000142753,61976,0.5011,0.0064,99873
merge_sort,1720,random,1,16362,18592,0.011058099917136133,61976,0.5011,0.0064,99873
quick_sort,1720,random,1,19405,10550,0.0075671999948099256,61976,0.5011,0.0064,99873
heap_sort,1720,random,1,31800,17021,0.01301150000654161,61976,0.5011,0.0064,99873
radix_sort,1720,random,1,0,8600,0.004844199982471764,61976,0.5011,0.0064,99873
bubble_sort,1720,random,2,1474062,742367,0.3837783000199124,61976,0.4978,0.0064,99983
selection_sort,1720,random,2,1478340,1717,0.17846710002049804,61976,0.4978,0.0064,99983
insertion_sort,1720,random,2,744077,742367,0.1876060999929905,61976,0.4978,0.0064,99983
merge_sort,1720,random,2,16329,18592,0.009720599977299571,61976,0.4978,0.0064,99983
quick_sort,1720,random,2,21683,13114,0.00830900005530566,61976,0.4978,0.0064,99983
heap_sort,1720,random,2,31769,17009,0.016967799980193377,61976,0.4978,0.0064,99983
radix_sort,1720,random,2,0,8600,0.006062899949029088,61976,0.4978,0.0064,99983
bubble_sort,1720,random,3,1476962,734514,0.36695809999946505,61976,0.5031,0.0064,99971
selection_sort,1720,random,3,1478340,1714,0.18373629997950047,61976,0.5031,0.0064,99971
insertion_sort,1720,random,3,736224,734514,0.1895651000086218,61976,0.5031,0.0064,99971
merge_sort,1720,random,3,16372,18592,0.00952369999140501,61976,0.5031,0.0064,99971
quick_sort,1720,random,3,19846,10799,0.008137800032272935,61976,0.5031,0.0064,99971
heap_sort,1720,random,3,31709,16988,0.012931199977174401,61976,0.5031,0.0064,99971
radix_sort,1720,random,3,0,8600,0.007375300046987832,61976,0.5031,0.0064,99971
bubble_sort,1720,random,4,1475337,736156,0.3846903999801725,61976,0.502,0.0081,99910
selection_sort,1720,random,4,1478340,1710,0.17615690000820905,61976,0.502,0.0081,99910
insertion_sort,1720,random,4,737865,736156,0.18824909999966621,61976,0.502,0.0081,99910
merge_sort,1720,random,4,16340,18592,0.009549499955028296,61976,0.502,0.0081,99910
quick_sort,1720,random,4,19658,11287,0.007383999996818602,61976,0.502,0.0081,99910
heap_sort,1720,random,4,31807,17023,0.012407299946062267,61976,0.502,0.0081,99910
radix_sort,1720,random,4,0,8600,0.00492909993045032,61976,0.502,0.0081,99910
bubble_sort,1720,random,5,1472984,735009,0.5249983000103384,61976,0.5028,0.0087,99840
selection_sort,1720,random,5,1478340,1717,0.24586650007404387,61976,0.5028,0.0087,99840
insertion_sort,1720,random,5,736724,735009,0.2025918000144884,61976,0.5028,0.0087,99840
merge_sort,1720,random,5,16395,18592,0.009905199985951185,61976,0.5028,0.0087,99840
quick_sort,1720,random,5,19551,10411,0.007177199935540557,61976,0.5028,0.0087,99840
heap_sort,1720,random,5,31757,17006,0.012333400081843138,61976,0.5028,0.0087,99840
radix_sort,1720,random,5,0,8600,0.004854199942201376,61976,0.5028,0.0087,99840
bubble_sort,1730,random,1,1495024,751003,0.3699534999905154,62336,0.4979,0.011,99983
selection_sort,1730,random,1,1495585,1721,0.2362038999563083,62336,0.4979,0.011,99983
insertion_sort,1730,random,1,752727,751003,0.23977550002746284,62336,0.4979,0.011,99983
merge_sort,1730,random,1,16436,18712,0.009720899979583919,62336,0.4979,0.011,99983
quick_sort,1730,random,1,23471,13535,0.008526400080882013,62336,0.4979,0.011,99983
heap_sort,1730,random,1,32020,17139,0.012371100019663572,62336,0.4979,0.011,99983
radix_sort,1730,random,1,0,8650,0.0049143999349325895,62336,0.4979,0.011,99983
bubble_sort,1730,random,2,1492582,764858,1.930475400062278,62336,0.4886,0.0064,99904
selection_sort,1730,random,2,1495585,1716,1.0988776999292895,62336,0.4886,0.0064,99904
insertion_sort,1730,random,2,766578,764858,1.0807210000930354,62336,0.4886,0.0064,99904
merge_sort,1730,random,2,16468,18712,0.010714099975302815,62336,0.4886,0.0064,99904
quick_sort,1730,random,2,20539,11300,0.008852800005115569,62336,0.4886,0.0064,99904
heap_sort,1730,random,2,31902,17064,0.021855599945411086,62336,0.4886,0.0064,99904
radix_sort,1730,random,2,0,8650,0.0068168999860063195,62336,0.4886,0.0064,99904
bubble_sort,1730,random,3,1491307,745696,0.41860420000739396,62336,0.5014,0.0092,99947
selection_sort,1730,random,3,1495585,1720,0.1883602999150753,62336,0.5014,0.0092,99947
insertion_sort,1730,random,3,747419,745696,0.18721900007221848,62336,0.5014,0.0092,99947
merge_sort,1730,random,3,16477,18712,0.009778400068171322,62336,0.5014,0.0092,99947
quick_sort,1730,random,3,20229,11190,0.007384600001387298,62336,0.5014,0.0092,99947
heap_sort,1730,random,3,31917,17119,0.012506700004450977,62336,0.5014,0.0092,99947
radix_sort,1730,random,3,0,10380,0.005897799972444773,62336,0.5014,0.0092,99947
bubble_sort,1730,random,4,1494360,734409,0.37895949999801815,62336,0.5089,0.0075,99893
selection_sort,1730,random,4,1495585,1718,0.21392239991109818,62336,0.5089,0.0075,99893
insertion_sort,1730,random,4,736132,734409,0.22126369993202388,62336,0.5089,0.0075,99893
merge_sort,1730,random,4,16423,18712,0.01303690008353442,62336,0.5089,0.0075,99893
quick_sort,1730,random,4,20239,11959,0.009947300073690712,62336,0.5089,0.0075,99893
heap_sort,1730,random,4,31976,17109,0.01574039994738996,62336,0.5089,0.0075,99893
radix_sort,1730,random,4,0,8650,0.006306900060735643,62336,0.5089,0.0075,99893
bubble_sort,1730,random,5,1492659,751141,0.39768809999804944,62336,0.4978,0.0058,99904
selection_sort,1730,random,5,1495585,1723,0.1941572999348864,62336,0.4978,0.0058,99904
insertion_sort,1730,random,5,752863,751141,0.23911750002298504,62336,0.4978,0.0058,99904
merge_sort,1730,random,5,16454,18712,0.01170020003337413,62336,0.4978,0.0058,99904
quick_sort,1730,random,5,20622,10815,0.008632499957457185,62336,0.4978,0.0058,99904
heap_sort,1730,random,5,31901,17067,0.013419999973848462,62336,0.4978,0.0058,99904
radix_sort,1730,random,5,0,8650,0.005233700037933886,62336,0.4978,0.0058,99904
bubble_sort,1740,random,1,1511160,750294,0.37226850003935397,62696,0.5041,0.0092,99764
selection_sort,1740,random,1,1512930,1733,0.22790909989271313,62696,0.5041,0.0092,99764
insertion_sort,1740,random,1,752024,750294,0.22880390007048845,62696,0.5041,0.0092,99764
merge_sort,1740,random,1,16534,18832,0.010263299918733537,62696,0.5041,0.0092,99764
quick_sort,1740,random,1,21722,11129,0.008284599985927343,62696,0.5041,0.0092,99764
heap_sort,1740,random,1,32175,17220,0.013280199957080185,62696,0.5041,0.0092,99764
radix_sort,1740,random,1,0,8700,0.00553079997189343,62696,0.5041,0.0092,99764
bubble_sort,1740,random,2,1512740,756465,0.45945209998171777,62696,0.5,0.0069,99895
selection_sort,1740,random,2,1512930,1733,0.22353200009092689,62696,0.5,0.0069,99895
insertion_sort,1740,random,2,758199,756465,0.2487573999678716,62696,0.5,0.0069,99895
merge_sort,1740,random,2,16595,18832,0.010435399948619306,62696,0.5,0.0069,99895
quick_sort,1740,random,2,19772,11121,0.008160199970006943,62696,0.5,0.0069,99895
heap_sort,1740,random,2,32239,17271,0.013468699995428324,62696,0.5,0.0069,99895
radix_sort,1740,random,2,0,8700,0.006585099967196584,62696,0.5,0.0069,99895
bubble_sort,1740,random,3,1507470,762525,0.3918458999833092,62696,0.496,0.0126,99909
selection_sort,1740,random,3,1512930,1732,0.1786580999614671,62696,0.496,0.0126,99909
insertion_sort,1740,random,3,764258,762525,0.20145579997915775,62696,0.496,0.0126,99909
merge_sort,1740,random,3,16529,18832,0.00925430003553629,62696,0.496,0.0126,99909
quick_sort,1740,random,3,22422,13531,0.007254499942064285,62696,0.496,0.0126,99909
heap_sort,1740,random,3,32245,17243,0.014214599970728159,62696,0.496,0.0126,99909
radix_sort,1740,random,3,0,8700,0.0053524000104516745,62696,0.496,0.0126,99909
bubble_sort,1740,random,4,1509275,747873,0.37977949995547533,62696,0.5057,0.0086,99934
selection_sort,1740,random,4,1512930,1733,0.1838137999875471,62696,0.5057,0.0086,99934
insertion_sort,1740,random,4,749604,747873,0.19852470001205802,62696,0.5057,0.0086,99934
merge_sort,1740,random,4,16571,18832,0.00966460001654923,62696,0.5057,0.0086,99934
quick_sort,1740,random,4,19965,12584,0.008452600101009011,62696,0.5057,0.0086,99934
heap_sort,1740,random,4,32205,17260,0.014365100068971515,62696,0.5057,0.0086,99934
radix_sort,1740,random,4,0,8700,0.005396799999289215,62696,0.5057,0.0086,99934
bubble_sort,1740,random,5,1511895,773825,0.3699287000345066,62696,0.4885,0.0098,99970
selection_sort,1740,random,5,1512930,1731,0.1875609999988228,62696,0.4885,0.0098,99970
insertion_sort,1740,random,5,775556,773825,0.20728370000142604,62696,0.4885,0.0098,99970
merge_sort,1740,random,5,16629,18832,0.00986040011048317,62696,0.4885,0.0098,99970
quick_sort,1740,random,5,19795,11416,0.007370700011961162,62696,0.4885,0.0098,99970
heap_sort,1740,random,5,32247,17253,0.012755800038576126,62696,0.4885,0.0098,99970
radix_sort,1740,random,5,0,8700,0.004856999963521957,62696,0.4885,0.0098,99970
bubble_sort,1750,random,1,1525719,767099,0.370462300023064,63056,0.4988,0.0057,99906
selection_sort,1750,random,1,1530375,1745,0.18562020000535995,63056,0.4988,0.0057,99906
insertion_sort,1750,random,1,768845,767099,0.2038641000399366,63056,0.4988,0.0057,99906
merge_sort,1750,random,1,16660,18952,0.012381200096569955,63056,0.4988,0.0057,99906
quick_sort,1750,random,1,21444,9990,0.008233899949118495,63056,0.4988,0.0057,99906
heap_sort,1750,random,1,32432,17336,0.01364689995534718,63056,0.4988,0.0057,99906
radix_sort,1750,random,1,0,8750,0.005160700064152479,63056,0.4988,0.0057,99906
bubble_sort,1750,random,2,1528359,758128,0.3690627000760287,63056,0.5046,0.0046,99908
selection_sort,1750,random,2,1530375,1741,0.1799676000373438,63056,0.5046,0.0046,99908
insertion_sort,1750,random,2,759866,758128,0.19942119996994734,63056,0.5046,0.0046,99908
merge_sort,1750,random,2,16669,18952,0.00984820001758635,63056,0.5046,0.0046,99908
quick_sort,1750,random,2,21006,11558,0.007998200017027557,63056,0.5046,0.0046,99908
heap_sort,1750,random,2,32351,17319,0.013119699899107218,63056,0.5046,0.0046,99908
radix_sort,1750,random,2,0,8750,0.0052047999342903495,63056,0.5046,0.0046,99908
bubble_sort,1750,random,3,1529847,777944,0.3879330001072958,63056,0.4917,0.0051,99896
selection_sort,1750,random,3,1530375,1739,0.1835852999938652,63056,0.4917,0.0051,99896
insertion_sort,1750,random,3,779687,777944,0.19963200006168336,63056,0.4917,0.0051,99896
merge_sort,1750,random,3,16660,18952,0.010374900070019066,63056,0.4917,0.0051,99896
quick_sort,1750,random,3,21646,12473,0.008336800034157932,63056,0.4917,0.0051,99896
heap_sort,1750,random,3,32370,17295,0.01305880001746118,63056,0.4917,0.0051,99896
radix_sort,1750,random,3,0,8750,0.005177400074899197,63056,0.4917,0.0051,99896
bubble_sort,1750,random,4,1530050,769198,0.4479279000079259,63056,0.4974,0.0109,99883
selection_sort,1750,random,4,1530375,1740,0.1832588000688702,63056,0.4974,0.0109,99883
insertion_sort,1750,random,4,770940,769198,0.22587389999534935,63056,0.4974,0.0109,99883
merge_sort,1750,random,4,16657,18952,0.01219789998140186,63056,0.4974,0.0109,99883
quick_sort,1750,random,4,21067,11103,0.009762300061993301,63056,0.4974,0.0109,99883
heap_sort,1750,random,4,32362,17304,0.0139981999527663,63056,0.4974,0.0109,99883
radix_sort,1750,random,4,0,8750,0.005382600007578731,63056,0.4974,0.0109,99883
bubble_sort,1750,random,5,1530185,771763,0.3914347999962047,63056,0.4957,0.008,99812
selection_sort,1750,random,5,1530375,1739,0.18920780008193105,63056,0.4957,0.008,99812
insertion_sort,1750,random,5,773506,771763,0.20728959992993623,63056,0.4957,0.008,99812
merge_sort,1750,random,5,16683,18952,0.009741000016219914,63056,0.4957,0.008,99812
quick_sort,1750,random,5,22105,12992,0.00827930006198585,63056,0.4957,0.008,99812
heap_sort,1750,random,5,32405,17332,0.012512899935245514,63056,0.4957,0.008,99812
radix_sort,1750,random,5,0,8750,0.004876599996350706,63056,0.4957,0.008,99812
bubble_sort,1760,random,1,1546489,758767,0.3929093999322504,63416,0.5098,0.0074,99802
selection_sort,1760,random,1,1547920,1752,0.1968456000322476,63416,0.5098,0.0074,99802
insertion_sort,1760,random,1,760517,758767,0.20776390004903078,63416,0.5098,0.0074,99802
merge_sort,1760,random,1,16839,19072,0.009959599934518337,63416,0.5098,0.0074,99802
quick_sort,1760,random,1,20296,10724,0.007412299979478121,63416,0.5098,0.0074,99802
heap_sort,1760,random,1,32678,17510,0.012721599894575775,63416,0.5098,0.0074,99802
radix_sort,1760,random,1,0,8800,0.004800299997441471,63416,0.5098,0.0074,99802
bubble_sort,1760,random,2,1546489,759134,0.37294679996557534,63416,0.5096,0.0097,99820
selection_sort,1760,random,2,1547920,1753,0.18297239998355508,63416,0.5096,0.0097,99820
insertion_sort,1760,random,2,760887,759134,0.19173429999500513,63416,0.5096,0.0097,99820
merge_sort,1760,random,2,16754,19072,0.009998699999414384,63416,0.5096,0.0097,99820
quick_sort,1760,random,2,21778,12659,0.007989800069481134,63416,0.5096,0.0097,99820
heap_sort,1760,random,2,32617,17483,0.013004799955524504,63416,0.5096,0.0097,99820
radix_sort,1760,random,2,0,8800,0.004942400031723082,63416,0.5096,0.0097,99820
bubble_sort,1760,random,3,1546209,770788,0.3813523999415338,63416,0.502,0.0097,99961
selection_sort,1760,random,3,1547920,1753,0.1907511999597773,63416,0.502,0.0097,99961
insertion_sort,1760,random,3,772538,770788,0.2047634000191465,63416,0.502,0.0097,99961
merge_sort,1760,random,3,16798,19072,0.010416100034490228,63416,0.502,0.0097,99961
quick_sort,1760,random,3,24944,11665,0.008895699982531369,63416,0.502,0.0097,99961
heap_sort,1760,random,3,32675,17487,0.014580899965949357,63416,0.502,0.0097,99961
radix_sort,1760,random,3,0,8800,0.008462200057692826,63416,0.502,0.0097,99961
bubble_sort,1760,random,4,1547140,752052,0.3787655000342056,63416,0.5142,0.0063,99975
selection_sort,1760,random,4,1547920,1752,0.18521879997570068,63416,0.5142,0.0063,99975
insertion_sort,1760,random,4,753807,752052,0.18702810001559556,63416,0.5142,0.0063,99975
merge_sort,1760,random,4,16812,19072,0.009570700000040233,63416,0.5142,0.0063,99975
quick_sort,1760,random,4,22914,12993,0.008188700070604682,63416,0.5142,0.0063,99975
heap_sort,1760,random,4,32651,17496,0.013547699898481369,63416,0.5142,0.0063,99975
radix_sort,1760,random,4,0,8800,0.005462100030854344,63416,0.5142,0.0063,99975
bubble_sort,1760,random,5,1547140,788339,0.4197117000585422,63416,0.4907,0.0074,99872
selection_sort,1760,random,5,1547920,1753,0.19364650000352412,63416,0.4907,0.0074,99872
insertion_sort,1760,random,5,790086,788339,0.2179206000873819,63416,0.4907,0.0074,99872
merge_sort,1760,random,5,16789,19072,0.009865299914963543,63416,0.4907,0.0074,99872
quick_sort,1760,random,5,20589,11748,0.007830599904991686,63416,0.4907,0.0074,99872
heap_sort,1760,random,5,32513,17356,0.014497800031676888,63416,0.4907,0.0074,99872
radix_sort,1760,random,5,0,8800,0.005323900026269257,63416,0.4907,0.0074,99872
bubble_sort,1770,random,1,1564239,783225,0.3752073000650853,63776,0.4997,0.0096,99770
selection_sort,1770,random,1,1565565,1762,0.20582130004186183,63776,0.4997,0.0096,99770
insertion_sort,1770,random,1,784989,783225,0.2125013000331819,63776,0.4997,0.0096,99770
merge_sort,1770,random,1,16859,19192,0.010876100044697523,63776,0.4997,0.0096,99770
quick_sort,1770,random,1,20692,12564,0.008176399976946414,63776,0.4997,0.0096,99770
heap_sort,1770,random,1,32801,17560,0.013520300039090216,63776,0.4997,0.0096,99770
radix_sort,1770,random,1,0,8850,0.005518699996173382,63776,0.4997,0.0096,99770
bubble_sort,1770,random,2,1564745,785956,0.3795498999534175,63776,0.498,0.0124,99798
selection_sort,1770,random,2,1565565,1762,0.19787809997797012,63776,0.498,0.0124,99798
insertion_sort,1770,random,2,787714,785956,0.2052246000384912,63776,0.498,0.0124,99798
merge_sort,1770,random,2,16900,19192,0.010168100008741021,63776,0.498,0.0124,99798
quick_sort,1770,random,2,19401,10681,0.007228199974633753,63776,0.498,0.0124,99798
heap_sort,1770,random,2,32801,17550,0.01315840007737279,63776,0.498,0.0124,99798
radix_sort,1770,random,2,0,8850,0.004901000065729022,63776,0.498,0.0124,99798
bubble_sort,1770,random,3,1564575,778918,0.38255070010200143,63776,0.5025,0.009,99860
selection_sort,1770,random,3,1565565,1761,0.20908840000629425,63776,0.5025,0.009,99860
insertion_sort,1770,random,3,780680,778918,0.20155480003450066,63776,0.5025,0.009,99860
merge_sort,1770,random,3,16904,19192,0.010077600018121302,63776,0.5025,0.009,99860
quick_sort,1770,random,3,21031,13476,0.00795170001219958,63776,0.5025,0.009,99860
heap_sort,1770,random,3,32765,17544,0.01712159998714924,63776,0.5025,0.009,99860
radix_sort,1770,random,3,0,8850,0.010494299931451678,63776,0.5025,0.009,99860
bubble_sort,1770,random,4,1565130,779111,0.3896694000577554,63776,0.5023,0.0062,99900
selection_sort,1770,random,4,1565565,1755,0.1766223000595346,63776,0.5023,0.0062,99900
insertion_sort,1770,random,4,780876,779111,0.2077826999593526,63776,0.5023,0.0062,99900
merge_sort,1770,random,4,16892,19192,0.010508700041100383,63776,0.5023,0.0062,99900
quick_sort,1770,random,4,20458,10736,0.007935700006783009,63776,0.5023,0.0062,99900
heap_sort,1770,random,4,32862,17575,0.014004399999976158,63776,0.5023,0.0062,99900
radix_sort,1770,random,4,0,8850,0.006181200034916401,63776,0.5023,0.0062,99900
bubble_sort,1770,random,5,1565510,784352,0.4426491999765858,63776,0.499,0.0068,99947
selection_sort,1770,random,5,1565565,1760,0.18530130002181977,63776,0.499,0.0068,99947
insertion_sort,1770,random,5,786108,784352,0.19357720005791634,63776,0.499,0.0068,99947
merge_sort,1770,random,5,16903,19192,0.010737900040112436,63776,0.499,0.0068,99947
quick_sort,1770,random,5,21191,10924,0.00846569996792823,63776,0.499,0.0068,99947
heap_sort,1770,random,5,32797,17535,0.01329119992442429,63776,0.499,0.0068,99947
radix_sort,1770,random,5,0,8850,0.005104299983941019,63776,0.499,0.0068,99947
bubble_sort,1780,random,1,1580682,795135,0.3985003000125289,64136,0.4978,0.0084,99965
selection_sort,1780,random,1,1583310,1768,0.21613660000730306,64136,0.4978,0.0084,99965
insertion_sort,1780,random,1,796908,795135,0.20569639990571886,64136,0.4978,0.0084,99965
merge_sort,1780,random,1,16949,19312,0.01023810007609427,64136,0.4978,0.0084,99965
quick_sort,1780,random,1,21114,9994,0.007571700029075146,64136,0.4978,0.0084,99965
heap_sort,1780,random,1,33006,17662,0.012989799957722425,64136,0.4978,0.0084,99965
radix_sort,1780,random,1,0,8900,0.00494270003400743,64136,0.4978,0.0084,99965
bubble_sort,1780,random,2,1582845,786195,0.38817869999911636,64136,0.5034,0.0118,99926
selection_sort,1780,random,2,1583310,1770,0.21949920000042766,64136,0.5034,0.0118,99926
insertion_sort,1780,random,2,787971,786195,0.20038050005678087,64136,0.5034,0.0118,99926
merge_sort,1780,random,2,16990,19312,0.009805399924516678,64136,0.5034,0.0118,99926
quick_sort,1780,random,2,20533,12213,0.007537400000728667,64136,0.5034,0.0118,99926
heap_sort,1780,random,2,33013,17697,0.012666200054809451,64136,0.5034,0.0118,99926
radix_sort,1780,random,2,0,8900,0.005454300087876618,64136,0.5034,0.0118,99926
bubble_sort,1780,random,3,1582845,793688,0.45563350000884384,64136,0.4987,0.0107,99876
selection_sort,1780,random,3,1583310,1773,0.18873629998415709,64136,0.4987,0.0107,99876
insertion_sort,1780,random,3,795460,793688,0.1982717999489978,64136,0.4987,0.0107,99876
merge_sort,1780,random,3,16999,19312,0.00998030009213835,64136,0.4987,0.0107,99876
quick_sort,1780,random,3,21419,10448,0.008059500018134713,64136,0.4987,0.0107,99876
heap_sort,1780,random,3,32938,17624,0.015495800063945353,64136,0.4987,0.0107,99876
radix_sort,1780,random,3,0,8900,0.005865099956281483,64136,0.4987,0.0107,99876
bubble_sort,1780,random,4,1580384,784155,0.3874445999972522,64136,0.5047,0.0051,99931
selection_sort,1780,random,4,1583310,1770,0.18192260002251714,64136,0.5047,0.0051,99931
insertion_sort,1780,random,4,785931,784155,0.21742160001304,64136,0.5047,0.0051,99931
merge_sort,1780,random,4,17024,19312,0.010458800010383129,64136,0.5047,0.0051,99931
quick_sort,1780,random,4,21810,13622,0.008242700016126037,64136,0.5047,0.0051,99931
heap_sort,1780,random,4,33128,17761,0.013039899989962578,64136,0.5047,0.0051,99931
radix_sort,1780,random,4,0,8900,0.004959600046277046,64136,0.5047,0.0051,99931
bubble_sort,1780,random,5,1582782,778697,0.3758210999658331,64136,0.5082,0.0039,99537
selection_sort,1780,random,5,1583310,1771,0.18505139998160303,64136,0.5082,0.0039,99537
insertion_sort,1780,random,5,780468,778697,0.26830690004862845,64136,0.5082,0.0039,99537
merge_sort,1780,random,5,17009,19312,0.010366699891164899,64136,0.5082,0.0039,99537
quick_sort,1780,random,5,20368,11194,0.008148499997332692,64136,0.5082,0.0039,99537
heap_sort,1780,random,5,33015,17670,0.012815099908038974,64136,0.5082,0.0039,99537
radix_sort,1780,random,5,0,8900,0.005662500043399632,64136,0.5082,0.0039,99537
bubble_sort,1790,random,1,1599670,816842,0.40574109996668994,64496,0.4898,0.0123,99925
selection_sort,1790,random,1,1601155,1781,0.17927229998167604,64496,0.4898,0.0123,99925
insertion_sort,1790,random,1,818617,816842,0.20764389995019883,64496,0.4898,0.0123,99925
merge_sort,1790,random,1,17075,19432,0.010378899984061718,64496,0.4898,0.0123,99925
quick_sort,1790,random,1,22737,12804,0.008481699973344803,64496,0.4898,0.0123,99925
heap_sort,1790,random,1,33227,17806,0.012979799997992814,64496,0.4898,0.0123,99925
radix_sort,1790,random,1,0,8950,0.00525400007609278,64496,0.4898,0.0123,99925
bubble_sort,1790,random,2,1597327,809971,0.38590689992997795,64496,0.4941,0.0067,99797
selection_sort,1790,random,2,1601155,1779,0.1968557999935001,64496,0.4941,0.0067,99797
insertion_sort,1790,random,2,811755,809971,0.2559703999431804,64496,0.4941,0.0067,99797
merge_sort,1790,random,2,17154,19432,0.01250009995419532,64496,0.4941,0.0067,99797
quick_sort,1790,random,2,21888,11655,0.009180199936963618,64496,0.4941,0.0067,99797
heap_sort,1790,random,2,33228,17816,0.014825899968855083,64496,0.4941,0.0067,99797
radix_sort,1790,random,2,0,8950,0.005658000009134412,64496,0.4941,0.0067,99797
bubble_sort,1790,random,3,1596499,806772,0.42664760001935065,64496,0.4961,0.0084,99879
selection_sort,1790,random,3,1601155,1788,0.21157420007511973,64496,0.4961,0.0084,99879
insertion_sort,1790,random,3,808554,806772,0.24944020004477352,64496,0.4961,0.0084,99879
merge_sort,1790,random,3,17135,19432,0.010562499985098839,64496,0.4961,0.0084,99879
quick_sort,1790,random,3,20029,10711,0.007212999975308776,64496,0.4961,0.0084,99879
heap_sort,1790,random,3,33293,17803,0.012490499997511506,64496,0.4961,0.0084,99879
radix_sort,1790,random,3,0,8950,0.005089599988423288,64496,0.4961,0.0084,99879
bubble_sort,1790,random,4,1599385,802005,0.381452800007537,64496,0.4991,0.0134,99961
selection_sort,1790,random,4,1601155,1777,0.19184029998723418,64496,0.4991,0.0134,99961
insertion_sort,1790,random,4,803785,802005,0.20555030007380992,64496,0.4991,0.0134,99961
merge_sort,1790,random,4,17126,19432,0.010257399990223348,64496,0.4991,0.0134,99961
quick_sort,1790,random,4,22114,11259,0.007844200008548796,64496,0.4991,0.0134,99961
heap_sort,1790,random,4,33200,17754,0.012996200006455183,64496,0.4991,0.0134,99961
radix_sort,1790,random,4,0,8950,0.005446000024676323,64496,0.4991,0.0134,99961
bubble_sort,1790,random,5,1597500,812203,0.3871451000450179,64496,0.4927,0.0089,99892
selection_sort,1790,random,5,1601155,1784,0.18461019999813288,64496,0.4927,0.0089,99892
insertion_sort,1790,random,5,813986,812203,0.20995980000589043,64496,0.4927,0.0089,99892
merge_sort,1790,random,5,17096,19432,0.010078900028020144,64496,0.4927,0.0089,99892
quick_sort,1790,random,5,22180,11032,0.007711699930950999,64496,0.4927,0.0089,99892
heap_sort,1790,random,5,33163,17745,0.012355000013485551,64496,0.4927,0.0089,99892
radix_sort,1790,random,5,0,8950,0.00530720001552254,64496,0.4927,0.0089,99892
bubble_sort,1800,random,1,1616250,801844,0.41085250000469387,64856,0.5048,0.0106,99749
selection_sort,1800,random,1,1619100,1789,0.19522960006725043,64856,0.5048,0.0106,99749
insertion_sort,1800,random,1,803634,801844,0.19908230006694794,64856,0.5048,0.0106,99749
merge_sort,1800,random,1,17159,19552,0.010940599953755736,64856,0.5048,0.0106,99749
quick_sort,1800,random,1,20992,11523,0.011617200099863112,64856,0.5048,0.0106,99749
heap_sort,1800,random,1,33440,17911,0.01487970002926886,64856,0.5048,0.0106,99749
radix_sort,1800,random,1,0,9000,0.005243599996902049,64856,0.5048,0.0106,99749
bubble_sort,1800,random,2,1618635,807358,0.39607470005284995,64856,0.5014,0.0067,99705
selection_sort,1800,random,2,1619100,1793,0.19024899997748435,64856,0.5014,0.0067,99705
insertion_sort,1800,random,2,809151,807358,0.20854000002145767,64856,0.5014,0.0067,99705
merge_sort,1800,random,2,17177,19552,0.010418699937872589,64856,0.5014,0.0067,99705
quick_sort,1800,random,2,20934,12291,0.007990799960680306,64856,0.5014,0.0067,99705
heap_sort,1800,random,2,33451,17895,0.013449199963361025,64856,0.5014,0.0067,99705
radix_sort,1800,random,2,0,9000,0.005007999949157238,64856,0.5014,0.0067,99705
bubble_sort,1800,random,3,1616889,812293,0.38976930000353605,64856,0.4983,0.01,99931
selection_sort,1800,random,3,1619100,1787,0.20876269997097552,64856,0.4983,0.01,99931
insertion_sort,1800,random,3,814088,812293,0.2049492000369355,64856,0.4983,0.01,99931
merge_sort,1800,random,3,17214,19552,0.01044840004760772,64856,0.4983,0.01,99931
quick_sort,1800,random,3,20987,12203,0.00795340002514422,64856,0.4983,0.01,99931
heap_sort,1800,random,3,33511,17947,0.013656500028446317,64856,0.4983,0.01,99931
radix_sort,1800,random,3,0,9000,0.005525699933059514,64856,0.4983,0.01,99931
bubble_sort,1800,random,4,1617147,787809,0.38733140006661415,64856,0.5134,0.0128,99918
selection_sort,1800,random,4,1619100,1791,0.18985910003539175,64856,0.5134,0.0128,99918
insertion_sort,1800,random,4,789603,787809,0.2111550000263378,64856,0.5134,0.0128,99918
merge_sort,1800,random,4,17189,19552,0.01011329994071275,64856,0.5134,0.0128,99918
quick_sort,1800,random,4,21141,10416,0.007464500027708709,64856,0.5134,0.0128,99918
heap_sort,1800,random,4,33450,17920,0.01295939995907247,64856,0.5134,0.0128,99918
radix_sort,1800,random,4,0,9000,0.005052300053648651,64856,0.5134,0.0128,99918
bubble_sort,1800,random,5,1617825,810927,0.3986997000174597,64856,0.4991,0.0072,99982
selection_sort,1800,random,5,1619100,1793,0.2117947000078857,64856,0.4991,0.0072,99982
insertion_sort,1800,random,5,812723,810927,0.20842899999115616,64856,0.4991,0.0072,99982
merge_sort,1800,random,5,17217,19552,0.010346999973990023,64856,0.4991,0.0072,99982
quick_sort,1800,random,5,22662,12267,0.008593600010499358,64856,0.4991,0.0072,99982
heap_sort,1800,random,5,33386,17850,0.01430500007700175,64856,0.4991,0.0072,99982
radix_sort,1800,random,5,0,9000,0.0057613999815657735,64856,0.4991,0.0072,99982
bubble_sort,1810,random,1,1631474,825018,0.4078826999757439,65216,0.4961,0.0088,99789
selection_sort,1810,random,1,1637145,1800,0.1920763999223709,65216,0.4961,0.0088,99789
insertion_sort,1810,random,1,826819,825018,0.2583709000609815,65216,0.4961,0.0088,99789
merge_sort,1810,random,1,17315,19672,0.010004200041294098,65216,0.4961,0.0088,99789
quick_sort,1810,random,1,24893,11405,0.008649999974295497,65216,0.4961,0.0088,99789
heap_sort,1810,random,1,33642,18001,0.013111400068737566,65216,0.4961,0.0088,99789
radix_sort,1810,random,1,0,9050,0.0050990000599995255,65216,0.4961,0.0088,99789
bubble_sort,1810,random,2,1636404,805572,0.4130155999446288,65216,0.5079,0.011,99786
selection_sort,1810,random,2,1637145,1806,0.19101899990346283,65216,0.5079,0.011,99786
insertion_sort,1810,random,2,807371,805572,0.23728210001718253,65216,0.5079,0.011,99786
merge_sort,1810,random,2,17307,19672,0.014378000050783157,65216,0.5079,0.011,99786
quick_sort,1810,random,2,21191,12005,0.01056840003002435,65216,0.5079,0.011,99786
heap_sort,1810,random,2,33693,18040,0.018400499946437776,65216,0.5079,0.011,99786
radix_sort,1810,random,2,0,9050,0.006892999983392656,65216,0.5079,0.011,99786
bubble_sort,1810,random,3,1635767,817482,0.45883370004594326,65216,0.5007,0.0099,99914
selection_sort,1810,random,3,1637145,1800,0.18962700001429766,65216,0.5007,0.0099,99914
insertion_sort,1810,random,3,819282,817482,0.21585999999660999,65216,0.5007,0.0099,99914
merge_sort,1810,random,3,17302,19672,0.01010600000154227,65216,0.5007,0.0099,99914
quick_sort,1810,random,3,20680,10772,0.007590599940158427,65216,0.5007,0.0099,99914
heap_sort,1810,random,3,33680,18009,0.013043800019659102,65216,0.5007,0.0099,99914
radix_sort,1810,random,3,0,9050,0.00528179993852973,65216,0.5007,0.0099,99914
bubble_sort,1810,random,4,1636680,828223,0.3811942000174895,65216,0.4941,0.0127,99872
selection_sort,1810,random,4,1637145,1798,0.154476199997589,65216,0.4941,0.0127,99872
insertion_sort,1810,random,4,830024,828223,0.14962369995191693,65216,0.4941,0.0127,99872
merge_sort,1810,random,4,17319,19672,0.006741699995473027,65216,0.4941,0.0127,99872
quick_sort,1810,random,4,21421,11612,0.005304299993440509,65216,0.4941,0.0127,99872
heap_sort,1810,random,4,33751,18023,0.008736500050872564,65216,0.4941,0.0127,99872
radix_sort,1810,random,4,0,9050,0.0034503000788390636,65216,0.4941,0.0127,99872
bubble_sort,1810,random,5,1636479,837855,0.38057599996682256,65216,0.4882,0.0077,99795
selection_sort,1810,random,5,1637145,1804,0.21677589998580515,65216,0.4882,0.0077,99795
insertion_sort,1810,random,5,839659,837855,0.2538483999669552,65216,0.4882,0.0077,99795
merge_sort,1810,random,5,17322,19672,0.013961999909952283,65216,0.4882,0.0077,99795
quick_sort,1810,random,5,21556,12388,0.009396800072863698,65216,0.4882,0.0077,99795
heap_sort,1810,random,5,33627,17980,0.014867700054310262,65216,0.4882,0.0077,99795
radix_sort,1810,random,5,0,9050,0.005768400034867227,65216,0.4882,0.0077,99795
bubble_sort,1820,random,1,1654624,819025,0.42647139995824546,65576,0.5052,0.0115,99824
selection_sort,1820,random,1,1655290,1810,0.2036093999631703,65576,0.5052,0.0115,99824
insertion_sort,1820,random,1,820836,819025,0.23628129996359348,65576,0.5052,0.0115,99824
merge_sort,1820,random,1,17411,19792,0.01029689994174987,65576,0.5052,0.0115,99824
quick_sort,1820,random,1,24172,14665,0.008557299966923892,65576,0.5052,0.0115,99824
heap_sort,1820,random,1,33936,18179,0.013436399982310832,65576,0.5052,0.0115,99824
radix_sort,1820,random,1,0,9100,0.00546699995175004,65576,0.5052,0.0115,99824
bubble_sort,1820,random,2,1655262,836849,0.41195790003985167,65576,0.4944,0.0093,99907
selection_sort,1820,random,2,1655290,1809,0.19900829996913671,65576,0.4944,0.0093,99907
insertion_sort,1820,random,2,838662,836849,0.22609600005671382,65576,0.4944,0.0093,99907
merge_sort,1820,random,2,17432,19792,0.010359499952755868,65576,0.4944,0.0093,99907
quick_sort,1820,random,2,21315,12447,0.008445900049991906,65576,0.4944,0.0093,99907
heap_sort,1820,random,2,33832,18074,0.013642699923366308,65576,0.4944,0.0093,99907
radix_sort,1820,random,2,0,9100,0.0048325000097975135,65576,0.4944,0.0093,99907
bubble_sort,1820,random,3,1650537,809680,0.4170396999688819,65576,0.5109,0.0077,99847
selection_sort,1820,random,3,1655290,1811,0.23350789991673082,65576,0.5109,0.0077,99847
insertion_sort,1820,random,3,811493,809680,0.21507799997925758,65576,0.5109,0.0077,99847
merge_sort,1820,random,3,17445,19792,0.010764400009065866,65576,0.5109,0.0077,99847
quick_sort,1820,random,3,24780,13678,0.008597200037911534,65576,0.5109,0.0077,99847
heap_sort,1820,random,3,33848,18120,0.013987299986183643,65576,0.5109,0.0077,99847
radix_sort,1820,random,3,0,9100,0.005513800075277686,65576,0.5109,0.0077,99847
bubble_sort,1820,random,4,1652515,826264,0.41378699999768287,65576,0.5008,0.011,99952
selection_sort,1820,random,4,1655290,1807,0.19400370004586875,65576,0.5008,0.011,99952
insertion_sort,1820,random,4,828076,826264,0.22159209998790175,65576,0.5008,0.011,99952
merge_sort,1820,random,4,17480,19792,0.011060600052587688,65576,0.5008,0.011,99952
quick_sort,1820,random,4,20527,12546,0.00860659999307245,65576,0.5008,0.011,99952
heap_sort,1820,random,4,33921,18170,0.013588300091214478,65576,0.5008,0.011,99952
radix_sort,1820,random,4,0,9100,0.005410599987953901,65576,0.5008,0.011,99952
bubble_sort,1820,random,5,1654429,830031,0.42224119999445975,65576,0.4986,0.0121,99874
selection_sort,1820,random,5,1655290,1813,0.2099506000522524,65576,0.4986,0.0121,99874
insertion_sort,1820,random,5,831842,830031,0.21901640004944056,65576,0.4986,0.0121,99874
merge_sort,1820,random,5,17441,19792,0.01030900003388524,65576,0.4986,0.0121,99874
quick_sort,1820,random,5,21997,11860,0.008203500066883862,65576,0.4986,0.0121,99874
heap_sort,1820,random,5,33876,18125,0.01386629999615252,65576,0.4986,0.0121,99874
radix_sort,1820,random,5,0,9100,0.0051030999748036265,65576,0.4986,0.0121,99874
bubble_sort,1830,random,1,1669965,819317,0.4173527000239119,65936,0.5104,0.0082,99958
selection_sort,1830,random,1,1673535,1826,0.20195219991728663,65936,0.5104,0.0082,99958
insertion_sort,1830,random,1,821140,819317,0.20157509995624423,65936,0.5104,0.0082,99958
merge_sort,1830,random,1,17543,19912,0.009699400048702955,65936,0.5104,0.0082,99958
quick_sort,1830,random,1,22884,13838,0.008638600003905594,65936,0.5104,0.0082,99958
heap_sort,1830,random,1,34150,18245,0.013515500002540648,65936,0.5104,0.0082,99958
radix_sort,1830,random,1,0,9150,0.005205299938097596,65936,0.5104,0.0082,99958
bubble_sort,1830,random,2,1673184,829324,0.4254633999662474,65936,0.5044,0.0071,99828
selection_sort,1830,random,2,1673535,1818,0.20389040000736713,65936,0.5044,0.0071,99828
insertion_sort,1830,random,2,831144,829324,0.2301735000219196,65936,0.5044,0.0071,99828
merge_sort,1830,random,2,17529,19912,0.009948099963366985,65936,0.5044,0.0071,99828
quick_sort,1830,random,2,22561,12526,0.00787329999729991,65936,0.5044,0.0071,99828
heap_sort,1830,random,2,34133,18278,0.013361700112000108,65936,0.5044,0.0071,99828
radix_sort,1830,random,2,0,9150,0.00511770008597523,65936,0.5044,0.0071,99828
bubble_sort,1830,random,3,1669349,817443,0.41568450001068413,65936,0.5115,0.0126,99809
selection_sort,1830,random,3,1673535,1823,0.2022000999422744,65936,0.5115,0.0126,99809
insertion_sort,1830,random,3,819269,817443,0.21164240001235157,65936,0.5115,0.0126,99809
merge_sort,1830,random,3,17566,19912,0.01075479993596673,65936,0.5115,0.0126,99809
quick_sort,1830,random,3,21755,12547,0.008552200044505298,65936,0.5115,0.0126,99809
heap_sort,1830,random,3,34082,18230,0.013563700020313263,65936,0.5115,0.0126,99809
radix_sort,1830,random,3,0,9150,0.005512800067663193,65936,0.5115,0.0126,99809
bubble_sort,1830,random,4,1672454,833205,0.4185661000665277,65936,0.5021,0.012,99859
selection_sort,1830,random,4,1673535,1824,0.20263850002083927,65936,0.5021,0.012,99859
insertion_sort,1830,random,4,835032,833205,0.21904990007169545,65936,0.5021,0.012,99859
merge_sort,1830,random,4,17586,19912,0.010375000070780516,65936,0.5021,0.012,99859
quick_sort,1830,random,4,23470,13529,0.008516500005498528,65936,0.5021,0.012,99859
heap_sort,1830,random,4,34111,18243,0.014098300016485155,65936,0.5021,0.012,99859
radix_sort,1830,random,4,0,9150,0.005482299951836467,65936,0.5021,0.012,99859
bubble_sort,1830,random,5,1673430,819657,0.41554059996269643,65936,0.5102,0.0087,99938
selection_sort,1830,random,5,1673535,1821,0.21996179991401732,65936,0.5102,0.0087,99938
insertion_sort,1830,random,5,821482,819657,0.23599560000002384,65936,0.5102,0.0087,99938
merge_sort,1830,random,5,17558,19912,0.013447999954223633,65936,0.5102,0.0087,99938
quick_sort,1830,random,5,23491,14447,0.011593899922445416,65936,0.5102,0.0087,99938
heap_sort,1830,random,5,34165,18329,0.018519200035370886,65936,0.5102,0.0087,99938
radix_sort,1830,random,5,0,9150,0.00677969993557781,65936,0.5102,0.0087,99938
bubble_sort,1840,random,1,1686930,854536,0.4781038999790326,66296,0.4949,0.0109,99936
selection_sort,1840,random,1,1691880,1832,0.23391149996314198,66296,0.4949,0.0109,99936
insertion_sort,1840,random,1,856369,854536,0.22260949993506074,66296,0.4949,0.0109,99936
merge_sort,1840,random,1,17658,20032,0.00977260002400726,66296,0.4949,0.0109,99936
quick_sort,1840,random,1,22135,12074,0.008080099942162633,66296,0.4949,0.0109,99936
heap_sort,1840,random,1,34356,18378,0.01523359993007034,66296,0.4949,0.0109,99936
radix_sort,1840,random,1,0,9200,0.005545200081542134,66296,0.4949,0.0109,99936
bubble_sort,1840,random,2,1687964,853261,0.40825660002883524,66296,0.4957,0.012,99919
selection_sort,1840,random,2,1691880,1835,0.210981999989599,66296,0.4957,0.012,99919
insertion_sort,1840,random,2,855089,853261,0.21113010006956756,66296,0.4957,0.012,99919
merge_sort,1840,random,2,17633,20032,0.0102184999268502,66296,0.4957,0.012,99919
quick_sort,1840,random,2,21474,12264,0.009964099968783557,66296,0.4957,0.012,99919
heap_sort,1840,random,2,34269,18335,0.014160500024445355,66296,0.4957,0.012,99919
radix_sort,1840,random,2,0,9200,0.00518570002168417,66296,0.4957,0.012,99919
bubble_sort,1840,random,3,1691727,868487,0.41934799996670336,66296,0.4867,0.0082,99710
selection_sort,1840,random,3,1691880,1833,0.19573030003812164,66296,0.4867,0.0082,99710
insertion_sort,1840,random,3,870321,868487,0.23918759997468442,66296,0.4867,0.0082,99710
merge_sort,1840,random,3,17687,20032,0.01048970001284033,66296,0.4867,0.0082,99710
quick_sort,1840,random,3,21402,12044,0.008574299979954958,66296,0.4867,0.0082,99710
heap_sort,1840,random,3,34229,18320,0.013763300026766956,66296,0.4867,0.0082,99710
radix_sort,1840,random,3,0,9200,0.005615800037048757,66296,0.4867,0.0082,99710
bubble_sort,1840,random,4,1691555,836600,0.40514899999834597,66296,0.5055,0.0092,99655
selection_sort,1840,random,4,1691880,1835,0.20365869998931885,66296,0.5055,0.0092,99655
insertion_sort,1840,random,4,838431,836600,0.2102063000202179,66296,0.5055,0.0092,99655
merge_sort,1840,random,4,17653,20032,0.010393199976533651,66296,0.5055,0.0092,99655
quick_sort,1840,random,4,22603,13694,0.008140900055877864,66296,0.5055,0.0092,99655
heap_sort,1840,random,4,34330,18381,0.013540499960072339,66296,0.5055,0.0092,99655
radix_sort,1840,random,4,0,9200,0.005696300067938864,66296,0.5055,0.0092,99655
bubble_sort,1840,random,5,1690395,847368,0.4451648999238387,66296,0.4992,0.0082,99887
selection_sort,1840,random,5,1691880,1831,0.22263700002804399,66296,0.4992,0.0082,99887
insertion_sort,1840,random,5,849195,847368,0.20613679999951273,66296,0.4992,0.0082,99887
merge_sort,1840,random,5,17639,20032,0.01053410000167787,66296,0.4992,0.0082,99887
quick_sort,1840,random,5,22858,11861,0.007841499987989664,66296,0.4992,0.0082,99887
heap_sort,1840,random,5,34271,18348,0.012632000027224422,66296,0.4992,0.0082,99887
radix_sort,1840,random,5,0,9200,0.005231000017374754,66296,0.4992,0.0082,99887
bubble_sort,1850,random,1,1709244,869633,0.4122468999121338,66656,0.4915,0.0076,99887
selection_sort,1850,random,1,1710325,1843,0.19928479997906834,66656,0.4915,0.0076,99887
insertion_sort,1850,random,1,871473,869633,0.21521940000820905,66656,0.4915,0.0076,99887
merge_sort,1850,random,1,17744,20152,0.010477800038643181,66656,0.4915,0.0076,99887
quick_sort,1850,random,1,23746,12033,0.011548600043170154,66656,0.4915,0.0076,99887
heap_sort,1850,random,1,34486,18436,0.015414200024679303,66656,0.4915,0.0076,99887
radix_sort,1850,random,1,0,9250,0.005528499954380095,66656,0.4915,0.0076,99887
bubble_sort,1850,random,2,1707910,883480,0.4090989000396803,66656,0.4834,0.0119,99813
selection_sort,1850,random,2,1710325,1845,0.19703690009191632,66656,0.4834,0.0119,99813
insertion_sort,1850,random,2,885318,883480,0.23569660005159676,66656,0.4834,0.0119,99813
merge_sort,1850,random,2,17764,20152,0.010512399952858686,66656,0.4834,0.0119,99813
quick_sort,1850,random,2,22224,12723,0.008303700014948845,66656,0.4834,0.0119,99813
heap_sort,1850,random,2,34510,18435,0.02385240001603961,66656,0.4834,0.0119,99813
radix_sort,1850,random,2,0,9250,0.007434300030581653,66656,0.4834,0.0119,99813
bubble_sort,1850,random,3,1705572,842297,0.44806289998814464,66656,0.5075,0.0054,99966
selection_sort,1850,random,3,1710325,1842,0.19045039999764413,66656,0.5075,0.0054,99966
insertion_sort,1850,random,3,844137,842297,0.24207009992096573,66656,0.5075,0.0054,99966
merge_sort,1850,random,3,17779,20152,0.011062499950639904,66656,0.5075,0.0054,99966
quick_sort,1850,random,3,22184,11562,0.008296499960124493,66656,0.5075,0.0054,99966
heap_sort,1850,random,3,34507,18473,0.014092799974605441,66656,0.5075,0.0054,99966
radix_sort,1850,random,3,0,9250,0.005884799989871681,66656,0.5075,0.0054,99966
bubble_sort,1850,random,4,1710135,860954,0.3948388999560848,66656,0.4966,0.0086,99949
selection_sort,1850,random,4,1710325,1842,0.2009438999230042,66656,0.4966,0.0086,99949
insertion_sort,1850,random,4,862795,860954,0.22001809999346733,66656,0.4966,0.0086,99949
merge_sort,1850,random,4,17754,20152,0.010440599988214672,66656,0.4966,0.0086,99949
quick_sort,1850,random,4,22232,13095,0.008198100025765598,66656,0.4966,0.0086,99949
heap_sort,1850,random,4,34427,18402,0.013047600048594177,66656,0.4966,0.0086,99949
radix_sort,1850,random,4,0,9250,0.005343699944205582,66656,0.4966,0.0086,99949
bubble_sort,1850,random,5,1709730,827404,0.39877319999504834,66656,0.5162,0.0032,99907
selection_sort,1850,random,5,1710325,1840,0.19022250000853091,66656,0.5162,0.0032,99907
insertion_sort,1850,random,5,829245,827404,0.2167321000015363,66656,0.5162,0.0032,99907
merge_sort,1850,random,5,17728,20152,0.01013409998267889,66656,0.5162,0.0032,99907
quick_sort,1850,random,5,21046,11424,0.007431500009261072,66656,0.5162,0.0032,99907
heap_sort,1850,random,5,34474,18467,0.013379400013945997,66656,0.5162,0.0032,99907
radix_sort,1850,random,5,0,9250,0.005368900019675493,66656,0.5162,0.0032,99907
bubble_sort,1860,random,1,1728167,853347,0.42719770001713187,67016,0.5064,0.0108,99968
selection_sort,1860,random,1,1728870,1855,0.20716140000149608,67016,0.5064,0.0108,99968
insertion_sort,1860,random,1,855198,853347,0.20659860002342612,67016,0.5064,0.0108,99968
merge_sort,1860,random,1,17866,20272,0.010526299942284822,67016,0.5064,0.0108,99968
quick_sort,1860,random,1,23349,14360,0.008722100057639182,67016,0.5064,0.0108,99968
heap_sort,1860,random,1,34722,18578,0.01333740004338324,67016,0.5064,0.0108,99968
radix_sort,1860,random,1,0,9300,0.005453499965369701,67016,0.5064,0.0108,99968
bubble_sort,1860,random,2,1726385,867401,0.42982580000534654,67016,0.4983,0.0086,99899
selection_sort,1860,random,2,1728870,1852,0.2664638999849558,67016,0.4983,0.0086,99899
insertion_sort,1860,random,2,869255,867401,0.22960790002252907,67016,0.4983,0.0086,99899
merge_sort,1860,random,2,17856,20272,0.010007800068706274,67016,0.4983,0.0086,99899
quick_sort,1860,random,2,21916,12878,0.008074299897998571,67016,0.4983,0.0086,99899
heap_sort,1860,random,2,34768,18605,0.01320570008829236,67016,0.4983,0.0086,99899
radix_sort,1860,random,2,0,9300,0.005043199984356761,67016,0.4983,0.0086,99899
bubble_sort,1860,random,3,1728699,870168,0.409506700001657,67016,0.4967,0.0081,99831
selection_sort,1860,random,3,1728870,1852,0.20581359998323023,67016,0.4967,0.0081,99831
insertion_sort,1860,random,3,872014,870168,0.21948410000186414,67016,0.4967,0.0081,99831
merge_sort,1860,random,3,17879,20272,0.010366300004534423,67016,0.4967,0.0081,99831
quick_sort,1860,random,3,23027,13169,0.008116900105960667,67016,0.4967,0.0081,99831
heap_sort,1860,random,3,34696,18559,0.013092300039716065,67016,0.4967,0.0081,99831
radix_sort,1860,random,3,0,9300,0.005176200065761805,67016,0.4967,0.0081,99831
bubble_sort,1860,random,4,1728240,853283,0.44296759995631874,67016,0.5065,0.0102,99799
selection_sort,1860,random,4,1728870,1848,0.19886740006040782,67016,0.5065,0.0102,99799
insertion_sort,1860,random,4,855136,853283,0.2093622999964282,67016,0.5065,0.0102,99799
merge_sort,1860,random,4,17915,20272,0.01075489993672818,67016,0.5065,0.0102,99799
quick_sort,1860,random,4,22438,12476,0.007910599932074547,67016,0.5065,0.0102,99799
heap_sort,1860,random,4,34676,18572,0.013438299996778369,67016,0.5065,0.0102,99799
radix_sort,1860,random,4,0,9300,0.005468200077302754,67016,0.5065,0.0102,99799
bubble_sort,1860,random,5,1727789,846789,0.43119280005339533,67016,0.5102,0.0118,99829
selection_sort,1860,random,5,1728870,1853,0.1995959000196308,67016,0.5102,0.0118,99829
insertion_sort,1860,random,5,848635,846789,0.2258004000177607,67016,0.5102,0.0118,99829
merge_sort,1860,random,5,17845,20272,0.011163800023496151,67016,0.5102,0.0118,99829
quick_sort,1860,random,5,22247,13113,0.008608999894931912,67016,0.5102,0.0118,99829
heap_sort,1860,random,5,34721,18585,0.013791300007142127,67016,0.5102,0.0118,99829
radix_sort,1860,random,5,0,9300,0.005281100049614906,67016,0.5102,0.0118,99829
bubble_sort,1870,random,1,1745499,857256,0.41384549997746944,67376,0.5094,0.0123,99893
selection_sort,1870,random,1,1747515,1865,0.20537800004240125,67376,0.5094,0.0123,99893
insertion_sort,1870,random,1,859117,857256,0.23091449995990843,67376,0.5094,0.0123,99893
merge_sort,1870,random,1,18043,20392,0.01062610000371933,67376,0.5094,0.0123,99893
quick_sort,1870,random,1,21862,11925,0.00869849999435246,67376,0.5094,0.0123,99893
heap_sort,1870,random,1,34828,18643,0.0142352000111714,67376,0.5094,0.0123,99893
radix_sort,1870,random,1,0,9350,0.005267900065518916,67376,0.5094,0.0123,99893
bubble_sort,1870,random,2,1740960,871483,0.44158250000327826,67376,0.5013,0.0102,99959
selection_sort,1870,random,2,1747515,1865,0.21255160006694496,67376,0.5013,0.0102,99959
insertion_sort,1870,random,2,873348,871483,0.21168219996616244,67376,0.5013,0.0102,99959
merge_sort,1870,random,2,17969,20392,0.011088999919593334,67376,0.5013,0.0102,99959
quick_sort,1870,random,2,22032,11000,0.007626199978403747,67376,0.5013,0.0102,99959
heap_sort,1870,random,2,35036,18764,0.012919300002977252,67376,0.5013,0.0102,99959
radix_sort,1870,random,2,0,9350,0.005550300003960729,67376,0.5013,0.0102,99959
bubble_sort,1870,random,3,1744194,877036,0.4137789000524208,67376,0.4981,0.0102,99975
selection_sort,1870,random,3,1747515,1860,0.20363979996182024,67376,0.4981,0.0102,99975
insertion_sort,1870,random,3,878894,877036,0.22395300003699958,67376,0.4981,0.0102,99975
merge_sort,1870,random,3,17971,20392,0.010490300017409027,67376,0.4981,0.0102,99975
quick_sort,1870,random,3,22202,12685,0.008176699979230762,67376,0.4981,0.0102,99975
heap_sort,1870,random,3,34932,18679,0.013892400078475475,67376,0.4981,0.0102,99975
radix_sort,1870,random,3,0,9350,0.00534699996933341,67376,0.4981,0.0102,99975
bubble_sort,1870,random,4,1747239,879181,0.41636919998563826,67376,0.4969,0.0096,99794
selection_sort,1870,random,4,1747515,1862,0.19662960001733154,67376,0.4969,0.0096,99794
insertion_sort,1870,random,4,881046,879181,0.23397159995511174,67376,0.4969,0.0096,99794
merge_sort,1870,random,4,18019,20392,0.010618999949656427,67376,0.4969,0.0096,99794
quick_sort,1870,random,4,22827,11164,0.007997000007890165,67376,0.4969,0.0096,99794
heap_sort,1870,random,4,35004,18709,0.013592100003734231,67376,0.4969,0.0096,99794
radix_sort,1870,random,4,0,9350,0.005441000103019178,67376,0.4969,0.0096,99794
bubble_sort,1870,random,5,1745745,880522,0.4234936999855563,67376,0.4961,0.0102,99886
selection_sort,1870,random,5,1747515,1866,0.20395930006634444,67376,0.4961,0.0102,99886
insertion_sort,1870,random,5,882386,880522,0.21996249991934747,67376,0.4961,0.0102,99886
merge_sort,1870,random,5,17972,20392,0.010409899987280369,67376,0.4961,0.0102,99886
quick_sort,1870,random,5,21704,11780,0.008195800008252263,67376,0.4961,0.0102,99886
heap_sort,1870,random,5,34893,18657,0.014333500061184168,67376,0.4961,0.0102,99886
radix_sort,1870,random,5,0,9350,0.005192499957047403,67376,0.4961,0.0102,99886
bubble_sort,1880,random,1,1763914,907743,0.440240400028415,67736,0.4861,0.0074,99830
selection_sort,1880,random,1,1766260,1873,0.2542317999759689,67736,0.4861,0.0074,99830
insertion_sort,1880,random,1,909608,907743,0.375344599946402,67736,0.4861,0.0074,99830
merge_sort,1880,random,1,18096,20512,0.020550500019453466,67736,0.4861,0.0074,99830
quick_sort,1880,random,1,23868,12214,0.01814689999446273,67736,0.4861,0.0074,99830
heap_sort,1880,random,1,35162,18801,0.02626719989348203,67736,0.4861,0.0074,99830
radix_sort,1880,random,1,0,9400,0.007142000016756356,67736,0.4861,0.0074,99830
bubble_sort,1880,random,2,1766070,890332,0.4822145000798628,67736,0.4959,0.009,99937
selection_sort,1880,random,2,1766260,1868,0.24087440001312643,67736,0.4959,0.009,99937
insertion_sort,1880,random,2,892200,890332,0.2530022000428289,67736,0.4959,0.009,99937
merge_sort,1880,random,2,18071,20512,0.012167899985797703,67736,0.4959,0.009,99937
quick_sort,1880,random,2,24954,15551,0.012187200016342103,67736,0.4959,0.009,99937
heap_sort,1880,random,2,35168,18822,0.01858839998021722,67736,0.4959,0.009,99937
radix_sort,1880,random,2,0,9400,0.006708399974741042,67736,0.4959,0.009,99937
bubble_sort,1880,random,3,1762605,875789,0.4575084999669343,67736,0.5042,0.0112,99823
selection_sort,1880,random,3,1766260,1874,0.22464160004165024,67736,0.5042,0.0112,99823
insertion_sort,1880,random,3,877657,875789,0.234397399937734,67736,0.5042,0.0112,99823
merge_sort,1880,random,3,18102,20512,0.011461099958978593,67736,0.5042,0.0112,99823
quick_sort,1880,random,3,22308,12198,0.008472799905575812,67736,0.5042,0.0112,99823
heap_sort,1880,random,3,35100,18781,0.015028900001198053,67736,0.5042,0.0112,99823
radix_sort,1880,random,3,0,9400,0.0055741999531164765,67736,0.5042,0.0112,99823
bubble_sort,1880,random,4,1766124,884442,0.4550347999902442,67736,0.4993,0.008,99916
selection_sort,1880,random,4,1766260,1873,0.2055394999915734,67736,0.4993,0.008,99916
insertion_sort,1880,random,4,886313,884442,0.354723299969919,67736,0.4993,0.008,99916
merge_sort,1880,random,4,18088,20512,0.010766500025056303,67736,0.4993,0.008,99916
quick_sort,1880,random,4,22617,11679,0.00846150005236268,67736,0.4993,0.008,99916
heap_sort,1880,random,4,35124,18799,0.013504200032912195,67736,0.4993,0.008,99916
radix_sort,1880,random,4,0,9400,0.0052405999740585685,67736,0.4993,0.008,99916
bubble_sort,1880,random,5,1764049,884164,0.4500435999361798,67736,0.4994,0.008,99813
selection_sort,1880,random,5,1766260,1874,0.21199179999530315,67736,0.4994,0.008,99813
insertion_sort,1880,random,5,886038,884164,0.23703560000285506,67736,0.4994,0.008,99813
merge_sort,1880,random,5,18140,20512,0.013249099953100085,67736,0.4994,0.008,99813
quick_sort,1880,random,5,25545,11170,0.007973900064826012,67736,0.4994,0.008,99813
heap_sort,1880,random,5,35094,18757,0.015596000012010336,67736,0.4994,0.008,99813
radix_sort,1880,random,5,0,9400,0.006887999945320189,67736,0.4994,0.008,99813
bubble_sort,1890,random,1,1782024,888058,0.4341071000089869,68096,0.5025,0.0101,99947
selection_sort,1890,random,1,1785105,1887,0.2203256000066176,68096,0.5025,0.0101,99947
insertion_sort,1890,random,1,889938,888058,0.23539940000046045,68096,0.5025,0.0101,99947
merge_sort,1890,random,1,18219,20632,0.010477200034074485,68096,0.5025,0.0101,99947
quick_sort,1890,random,1,22736,13836,0.008660499937832355,68096,0.5025,0.0101,99947
heap_sort,1890,random,1,35316,18881,0.01780909998342395,68096,0.5025,0.0101,99947
radix_sort,1890,random,1,0,9450,0.00570849992800504,68096,0.5025,0.0101,99947
bubble_sort,1890,random,2,1784402,883638,0.42949200002476573,68096,0.505,0.0095,99741
selection_sort,1890,random,2,1785105,1881,0.2670676000416279,68096,0.505,0.0095,99741
insertion_sort,1890,random,2,885518,883638,0.23741970001719892,68096,0.505,0.0095,99741
merge_sort,1890,random,2,18190,20632,0.011547899921424687,68096,0.505,0.0095,99741
quick_sort,1890,random,2,22457,12490,0.008388300077058375,68096,0.505,0.0095,99741
heap_sort,1890,random,2,35339,18889,0.014306799974292517,68096,0.505,0.0095,99741
radix_sort,1890,random,2,0,9450,0.005542699946090579,68096,0.505,0.0095,99741
bubble_sort,1890,random,3,1780352,890543,0.43990160000976175,68096,0.5011,0.0069,99923
selection_sort,1890,random,3,1785105,1883,0.20822739996947348,68096,0.5011,0.0069,99923
insertion_sort,1890,random,3,892427,890543,0.24406039994210005,68096,0.5011,0.0069,99923
merge_sort,1890,random,3,18212,20632,0.010729299974627793,68096,0.5011,0.0069,99923
quick_sort,1890,random,3,22758,13089,0.008945400011725724,68096,0.5011,0.0069,99923
heap_sort,1890,random,3,35369,18930,0.013745700009167194,68096,0.5011,0.0069,99923
radix_sort,1890,random,3,0,9450,0.005311800050549209,68096,0.5011,0.0069,99923
bubble_sort,1890,random,4,1784439,904719,0.4337434999179095,68096,0.4932,0.0143,99770
selection_sort,1890,random,4,1785105,1880,0.21689380006864667,68096,0.4932,0.0143,99770
insertion_sort,1890,random,4,906605,904719,0.2247476999182254,68096,0.4932,0.0143,99770
merge_sort,1890,random,4,18156,20632,0.010512999957427382,68096,0.4932,0.0143,99770
quick_sort,1890,random,4,22243,12704,0.008468099986203015,68096,0.4932,0.0143,99770
heap_sort,1890,random,4,35301,18864,0.014051400008611381,68096,0.4932,0.0143,99770
radix_sort,1890,random,4,0,9450,0.005326600046828389,68096,0.4932,0.0143,99770
bubble_sort,1890,random,5,1782827,897512,0.438998099998571,68096,0.4972,0.0074,99868
selection_sort,1890,random,5,1785105,1884,0.21686389995738864,68096,0.4972,0.0074,99868
insertion_sort,1890,random,5,899392,897512,0.2603944999864325,68096,0.4972,0.0074,99868
merge_sort,1890,random,5,18187,20632,0.010804499965161085,68096,0.4972,0.0074,99868
quick_sort,1890,random,5,23513,12637,0.010144900064915419,68096,0.4972,0.0074,99868
heap_sort,1890,random,5,35321,18881,0.027078400016762316,68096,0.4972,0.0074,99868
radix_sort,1890,random,5,0,9450,0.015094000031240284,68096,0.4972,0.0074,99868
bubble_sort,1900,random,1,1801839,883640,0.4459204999729991,68456,0.5102,0.01,99844
selection_sort,1900,random,1,1804050,1894,0.22056389995850623,68456,0.5102,0.01,99844
insertion_sort,1900,random,1,885530,883640,0.25647869997192174,68456,0.5102,0.01,99844
